TimeStamp,Record,Zone,Latitude,Longitude,Moisture,Period,Attenuation,Permittivity,Probe_Model
5/9/17 7:08,56,ZONE 00006,38.71096,-97.43689,28.65,1.5541,1.3962,15.7012,CD659 12cm rods
5/9/17 7:08,57,ZONE 00006,38.71095,-97.43687,28.65,1.5541,1.3962,15.7012,CD659 12cm rods
5/9/17 7:08,58,"ZONE 00006, ZONE 00007",38.71094,-97.43653,24.31,1.4886,1.2611,13,CD659 12cm rods
5/9/17 7:09,59,"ZONE 00006, ZONE 00007",38.71094,-97.43625,25.7,1.5078,1.2071,13.8298,CD659 12cm rods
5/9/17 7:09,60,ZONE 00007,38.71094,-97.43597,28.63,1.5519,1.2712,15.6838,CD659 12cm rods
5/9/17 7:09,61,ZONE 00007,38.71094,-97.43597,28.63,1.5519,1.2712,15.6838,CD659 12cm rods
5/9/17 7:10,62,"ZONE 00007, ZONE 00008",38.71093,-97.43568,27.3,1.5327,1.3039,14.8214,CD659 12cm rods
5/9/17 7:10,63,"ZONE 00007, ZONE 00008",38.71094,-97.43541,31.11,1.5903,1.3823,17.3891,CD659 12cm rods
5/9/17 7:10,64,"ZONE 00007, ZONE 00008",38.71093,-97.43515,28.54,1.5519,1.3671,15.6239,CD659 12cm rods
5/9/17 7:11,65,ZONE 00008,38.71093,-97.43488,29.87,1.5722,1.4079,16.5235,CD659 12cm rods
5/9/17 7:11,66,ZONE 00008,38.71093,-97.43488,29.87,1.5722,1.4079,16.5235,CD659 12cm rods
5/9/17 7:11,67,"ZONE 00008, ZONE 00009",38.71093,-97.43461,28.3,1.5485,1.3736,15.4657,CD659 12cm rods
5/9/17 7:12,68,"ZONE 00008, ZONE 00009",38.71092,-97.43433,26.12,1.5168,1.3612,14.0829,CD659 12cm rods
5/9/17 7:12,69,"ZONE 00008, ZONE 00009",38.71091,-97.43406,25.75,1.5112,1.3436,13.8594,CD659 12cm rods
5/9/17 7:13,70,ZONE 00009,38.71092,-97.43378,27.12,1.5315,1.3771,14.7071,CD659 12cm rods
5/9/17 7:13,71,ZONE 00009,38.71092,-97.43378,27.12,1.5315,1.3771,14.7071,CD659 12cm rods
5/9/17 7:13,72,"ZONE 00009, ZONE 00010",38.71092,-97.4335,36.99,1.6886,1.8085,22.0823,CD659 12cm rods
5/9/17 7:13,73,"ZONE 00009, ZONE 00010",38.71092,-97.43322,36.72,1.683,1.7468,21.8441,CD659 12cm rods
5/9/17 7:14,74,"ZONE 00009, ZONE 00010",38.71092,-97.43295,33.74,1.6344,1.6347,19.3629,CD659 12cm rods
5/9/17 7:14,75,ZONE 00010,38.71092,-97.43268,39.36,1.7282,1.852,24.3089,CD659 12cm rods
5/9/17 7:14,76,ZONE 00010,38.71092,-97.43268,39.36,1.7282,1.852,24.3089,CD659 12cm rods
5/9/17 7:15,77,ZONE 00010,38.71094,-97.4324,35.65,1.666,1.7441,20.9135,CD659 12cm rods
5/9/17 7:15,78,ZONE 00010,38.71114,-97.43243,35.08,1.6536,1.5469,20.4405,CD659 12cm rods
5/9/17 7:16,79,ZONE 00010,38.71114,-97.43271,33.11,1.622,1.4782,18.8702,CD659 12cm rods
5/9/17 7:16,80,"ZONE 00009, ZONE 00010",38.71115,-97.43298,34.92,1.6513,1.5666,20.3094,CD659 12cm rods
5/9/17 7:17,81,"ZONE 00009, ZONE 00010",38.71116,-97.43326,37.87,1.6999,1.629,22.8831,CD659 12cm rods
5/9/17 7:17,82,ZONE 00009,38.71117,-97.43353,26.43,1.5202,1.3152,14.2747,CD659 12cm rods
5/9/17 7:18,83,ZONE 00009,38.71118,-97.43379,27.7,1.5383,1.2875,15.0789,CD659 12cm rods
5/9/17 7:18,84,"ZONE 00008, ZONE 00009, ZONE 00011",38.71118,-97.43407,28.9,1.5564,1.3129,15.8645,CD659 12cm rods
5/9/17 7:18,85,"ZONE 00008, ZONE 00009, ZONE 00011",38.71119,-97.43434,29.19,1.5609,1.3256,16.061,CD659 12cm rods
5/9/17 7:19,86,"ZONE 00008, ZONE 00011",38.7112,-97.43461,34.05,1.6366,1.476,19.6092,CD659 12cm rods
5/9/17 7:19,87,ZONE 00008,38.71121,-97.43488,31.97,1.6039,1.4165,18.0191,CD659 12cm rods
5/9/17 7:20,88,"ZONE 00007, ZONE 00008, ZONE 00012",38.71122,-97.43515,34.72,1.6468,1.4239,20.1422,CD659 12cm rods
5/9/17 7:20,89,"ZONE 00007, ZONE 00008, ZONE 00012",38.71122,-97.4352,34.72,1.6468,1.4239,20.1422,CD659 12cm rods
5/9/17 7:20,90,"ZONE 00007, ZONE 00008, ZONE 00012",38.71122,-97.43542,33.59,1.6287,1.388,19.2449,CD659 12cm rods
5/9/17 7:21,91,"ZONE 00007, ZONE 00008, ZONE 00012",38.71123,-97.43569,30.64,1.5824,1.2755,17.0588,CD659 12cm rods
5/9/17 7:21,92,"ZONE 00007, ZONE 00012",38.71125,-97.43597,24.95,1.4965,1.188,13.3783,CD659 12cm rods
5/9/17 7:21,93,"ZONE 00007, ZONE 00012",38.71125,-97.43597,24.95,1.4965,1.188,13.3783,CD659 12cm rods
5/9/17 7:22,94,"ZONE 00006, ZONE 00007, ZONE 00013",38.71125,-97.43631,26.95,1.527,1.2722,14.5993,CD659 12cm rods
5/9/17 7:22,95,"ZONE 00006, ZONE 00007, ZONE 00013",38.71126,-97.43658,31.59,1.5971,1.3055,17.736,CD659 12cm rods
5/9/17 7:22,96,"ZONE 00006, ZONE 00013",38.71128,-97.4368,27.74,1.5383,1.236,15.1056,CD659 12cm rods
5/9/17 7:23,97,"ZONE 00006, ZONE 00013",38.71152,-97.43681,29.4,1.5632,1.1695,16.2023,CD659 12cm rods
5/9/17 7:26,98,"ZONE 00006, ZONE 00013",38.71152,-97.43654,26.75,1.5236,1.2391,14.4746,CD659 12cm rods
5/9/17 7:26,99,"ZONE 00007, ZONE 00012, ZONE 00013",38.71152,-97.43623,23.55,1.4761,1.1938,12.5601,CD659 12cm rods
5/9/17 7:27,100,"ZONE 00007, ZONE 00012, ZONE 00013",38.71152,-97.43594,28.35,1.5474,1.2361,15.4986,CD659 12cm rods
5/9/17 7:27,101,"ZONE 00007, ZONE 00012",38.7115,-97.43566,35.55,1.6604,1.3691,20.8332,CD659 12cm rods
5/9/17 7:28,102,"ZONE 00008, ZONE 00012",38.7115,-97.43536,29.6,1.5666,1.2823,16.3363,CD659 12cm rods
5/9/17 7:28,103,"ZONE 00008, ZONE 00011, ZONE 00012",38.71149,-97.43509,33.51,1.6276,1.4112,19.1828,CD659 12cm rods
5/9/17 7:29,104,"ZONE 00008, ZONE 00011, ZONE 00012",38.71148,-97.4348,38.3,1.7067,1.5275,23.2863,CD659 12cm rods
5/9/17 7:29,105,"ZONE 00008, ZONE 00011",38.71147,-97.43452,34.77,1.6479,1.468,20.1875,CD659 12cm rods
5/9/17 7:30,106,"ZONE 00009, ZONE 00011",38.71147,-97.43422,32.95,1.6186,1.38,18.7475,CD659 12cm rods
5/9/17 7:30,107,"ZONE 00009, ZONE 00011",38.71147,-97.43394,30.28,1.5779,1.3803,16.8066,CD659 12cm rods
5/9/17 7:30,108,"ZONE 00009, ZONE 00011",38.71147,-97.43364,34,1.6366,1.5396,19.5698,CD659 12cm rods
5/9/17 7:31,109,ZONE 00009,38.71147,-97.43336,32.52,1.6129,1.4743,18.4245,CD659 12cm rods
5/9/17 7:31,110,ZONE 00010,38.71146,-97.43308,36.75,1.683,1.7229,21.8708,CD659 12cm rods
5/9/17 7:32,111,ZONE 00010,38.71147,-97.43279,39.03,1.7203,1.6994,23.9858,CD659 12cm rods
5/9/17 7:32,112,ZONE 00010,38.71149,-97.4325,38.74,1.7169,1.8059,23.7006,CD659 12cm rods
5/9/17 7:33,113,[Unspecified Zone],38.71172,-97.43254,41.71,1.7689,1.8164,26.7739,CD659 12cm rods
5/9/17 7:33,114,ZONE 00003,38.71173,-97.43283,35.41,1.6593,1.5773,20.7168,CD659 12cm rods
5/9/17 7:34,115,ZONE 00003,38.71174,-97.43312,34.61,1.6468,1.5909,20.0542,CD659 12cm rods
5/9/17 7:34,116,ZONE 00003,38.71174,-97.43341,36.79,1.6819,1.6091,21.9042,CD659 12cm rods
5/9/17 7:35,117,"ZONE 00003, ZONE 00011",38.71175,-97.43371,37.68,1.6966,1.615,22.7032,CD659 12cm rods
5/9/17 7:35,118,ZONE 00011,38.71176,-97.43402,31.4,1.5948,1.385,17.6022,CD659 12cm rods
5/9/17 7:36,119,ZONE 00011,38.71176,-97.43431,33.78,1.6321,1.4516,19.3928,CD659 12cm rods
5/9/17 7:36,120,ZONE 00011,38.71176,-97.43431,33.78,1.6321,1.4516,19.3928,CD659 12cm rods
5/9/17 7:36,121,"ZONE 00011, ZONE 00012",38.71178,-97.43458,39.34,1.7248,1.5542,24.2863,CD659 12cm rods
5/9/17 7:37,122,"ZONE 00011, ZONE 00012",38.7118,-97.43486,37.58,1.6943,1.5207,22.6107,CD659 12cm rods
5/9/17 7:37,123,"ZONE 00011, ZONE 00012",38.7118,-97.43515,35,1.6513,1.4187,20.3727,CD659 12cm rods
5/9/17 7:38,124,ZONE 00012,38.71181,-97.43545,31.93,1.6027,1.3757,17.984,CD659 12cm rods
5/9/17 7:38,125,ZONE 00012,38.71181,-97.43545,31.93,1.6027,1.3757,17.984,CD659 12cm rods
5/9/17 7:38,126,"ZONE 00012, ZONE 00013",38.71181,-97.43575,35.98,1.6683,1.5751,21.1968,CD659 12cm rods
5/9/17 7:39,127,"ZONE 00012, ZONE 00013",38.71181,-97.43605,30.25,1.5767,1.3136,16.7882,CD659 12cm rods
5/9/17 7:39,128,"ZONE 00012, ZONE 00013",38.71183,-97.43633,32.03,1.6039,1.2857,18.0575,CD659 12cm rods
5/9/17 7:40,129,ZONE 00013,38.71184,-97.43663,25.82,1.5101,1.2375,13.9048,CD659 12cm rods
5/9/17 7:40,130,ZONE 00013,38.71184,-97.43663,25.82,1.5101,1.2375,13.9048,CD659 12cm rods
5/9/17 7:40,131,ZONE 00013,38.71186,-97.43681,28.29,1.5462,1.1971,15.46,CD659 12cm rods
5/9/17 7:41,132,ZONE 00013,38.71212,-97.43678,30.79,1.5847,1.2185,17.1664,CD659 12cm rods
5/9/17 7:41,133,"ZONE 00013, ZONE 00014",38.7121,-97.43649,27.26,1.5315,1.2614,14.8003,CD659 12cm rods
5/9/17 7:42,134,"ZONE 00012, ZONE 00013, ZONE 00014",38.7121,-97.43622,36.37,1.6739,1.3912,21.5332,CD659 12cm rods
5/9/17 7:42,135,"ZONE 00012, ZONE 00013, ZONE 00014",38.7121,-97.43618,30.54,1.5813,1.3377,16.9871,CD659 12cm rods
5/9/17 7:42,136,"ZONE 00012, ZONE 00013, ZONE 00014",38.71208,-97.43589,34.36,1.6412,1.4238,19.8567,CD659 12cm rods
5/9/17 7:43,137,ZONE 00012,38.71207,-97.4356,38.05,1.7033,1.6603,23.0535,CD659 12cm rods
5/9/17 7:43,138,"ZONE 00012, ZONE 00015",38.71207,-97.43533,33.57,1.6287,1.4275,19.2332,CD659 12cm rods
5/9/17 7:44,139,"ZONE 00011, ZONE 00012, ZONE 00015",38.71205,-97.43507,32.45,1.6107,1.3545,18.3708,CD659 12cm rods
5/9/17 7:44,140,"ZONE 00011, ZONE 00012, ZONE 00015",38.71206,-97.43475,34.83,1.6491,1.4888,20.2371,CD659 12cm rods
5/9/17 7:45,141,"ZONE 00011, ZONE 00015",38.71205,-97.43449,35.79,1.6649,1.548,21.0325,CD659 12cm rods
5/9/17 7:45,142,ZONE 00011,38.71206,-97.43418,34.36,1.6412,1.4411,19.8519,CD659 12cm rods
5/9/17 7:45,143,"ZONE 00003, ZONE 00011",38.71205,-97.4339,40.26,1.7429,1.8057,25.223,CD659 12cm rods
5/9/17 7:45,144,"ZONE 00003, ZONE 00011",38.71205,-97.4339,40.26,1.7429,1.8057,25.223,CD659 12cm rods
5/9/17 7:46,145,"ZONE 00003, ZONE 00011",38.71205,-97.4336,40.01,1.7372,1.6795,24.9687,CD659 12cm rods
5/9/17 7:46,146,ZONE 00003,38.71204,-97.43331,40.41,1.7452,1.7827,25.3745,CD659 12cm rods
5/9/17 7:47,147,ZONE 00003,38.71202,-97.43301,39,1.7214,1.8116,23.9568,CD659 12cm rods
5/9/17 7:47,148,ZONE 00003,38.71203,-97.43287,38.59,1.7135,1.7485,23.5619,CD659 12cm rods
5/9/17 7:48,149,ZONE 00003,38.71204,-97.43269,37.87,1.7011,1.72,22.8822,CD659 12cm rods
5/9/17 7:48,150,ZONE 00003,38.71204,-97.43262,43.28,1.8005,2.0042,28.5924,CD659 12cm rods
5/9/17 7:48,151,ZONE 00003,38.71213,-97.43264,41.3,1.7632,1.9351,26.3234,CD659 12cm rods
5/9/17 7:48,152,"ZONE 00001, ZONE 00003",38.71222,-97.43265,41.71,1.7711,1.9689,26.7735,CD659 12cm rods
5/9/17 7:49,153,"ZONE 00001, ZONE 00003",38.71227,-97.43266,40.05,1.7406,1.8867,25.007,CD659 12cm rods
5/9/17 7:49,154,"ZONE 00001, ZONE 00003",38.71228,-97.43273,38.93,1.7203,1.8143,23.8882,CD659 12cm rods
5/9/17 7:49,155,ZONE 00003,38.71229,-97.43295,36.66,1.6796,1.5908,21.7928,CD659 12cm rods
5/9/17 7:50,156,ZONE 00003,38.71231,-97.43324,35.65,1.6626,1.5323,20.9215,CD659 12cm rods
5/9/17 7:50,157,ZONE 00003,38.71231,-97.43353,39.69,1.7316,1.6918,24.6376,CD659 12cm rods
5/9/17 7:51,158,"ZONE 00003, ZONE 00011",38.71232,-97.4338,39.29,1.7259,1.7877,24.2435,CD659 12cm rods
5/9/17 7:51,159,"ZONE 00011, ZONE 00015",38.71233,-97.43409,39.73,1.7327,1.731,24.6812,CD659 12cm rods
5/9/17 7:52,160,"ZONE 00011, ZONE 00015",38.71234,-97.43437,39.6,1.7305,1.7375,24.546,CD659 12cm rods
5/9/17 7:52,161,"ZONE 00011, ZONE 00015",38.71235,-97.43466,40.52,1.7474,1.8004,25.4954,CD659 12cm rods
5/9/17 7:52,162,"ZONE 00012, ZONE 00015",38.71236,-97.43496,37.54,1.6943,1.612,22.5805,CD659 12cm rods
5/9/17 7:53,163,"ZONE 00012, ZONE 00015",38.71237,-97.43525,38.46,1.7101,1.6559,23.4355,CD659 12cm rods
5/9/17 7:53,164,"ZONE 00012, ZONE 00014, ZONE 00015",38.71238,-97.43554,37.77,1.6977,1.5644,22.7852,CD659 12cm rods
5/9/17 7:54,165,"ZONE 00012, ZONE 00014",38.71239,-97.43583,32.94,1.6186,1.3957,18.7427,CD659 12cm rods
5/9/17 7:54,166,"ZONE 00013, ZONE 00014",38.7124,-97.43613,33.38,1.6253,1.3676,19.082,CD659 12cm rods
5/9/17 7:55,167,"ZONE 00013, ZONE 00014",38.71241,-97.43642,29.97,1.5722,1.296,16.5878,CD659 12cm rods
5/9/17 7:55,168,"ZONE 00013, ZONE 00014",38.71244,-97.4367,29.08,1.5587,1.2681,15.9864,CD659 12cm rods
5/9/17 7:56,169,"ZONE 00013, ZONE 00014",38.71244,-97.43678,32.74,1.6152,1.2958,18.5946,CD659 12cm rods
5/9/17 7:56,170,ZONE 00014,38.71268,-97.43677,30.27,1.5767,1.2662,16.8021,CD659 12cm rods
5/9/17 7:56,171,ZONE 00014,38.71268,-97.43649,30.42,1.579,1.262,16.9059,CD659 12cm rods
5/9/17 7:57,172,ZONE 00014,38.71267,-97.43621,33.39,1.6253,1.3264,19.0857,CD659 12cm rods
5/9/17 7:57,173,ZONE 00014,38.71267,-97.4361,33.24,1.6231,1.3519,18.9737,CD659 12cm rods
5/9/17 7:57,174,ZONE 00014,38.71267,-97.4361,33.24,1.6231,1.3519,18.9737,CD659 12cm rods
5/9/17 7:58,175,ZONE 00014,38.71266,-97.43594,34.37,1.6412,1.4104,19.8597,CD659 12cm rods
5/9/17 7:58,176,"ZONE 00014, ZONE 00015",38.71265,-97.43566,37.78,1.6977,1.4659,22.7953,CD659 12cm rods
5/9/17 7:59,177,"ZONE 00014, ZONE 00015",38.71265,-97.43551,36.97,1.6841,1.5205,22.0637,CD659 12cm rods
5/9/17 7:59,178,"ZONE 00014, ZONE 00015",38.71264,-97.43537,35.93,1.6672,1.5374,21.157,CD659 12cm rods
5/9/17 7:59,179,ZONE 00015,38.71264,-97.43508,37.54,1.6943,1.6226,22.5749,CD659 12cm rods
5/9/17 8:00,180,ZONE 00015,38.71262,-97.43481,40.31,1.7429,1.7258,25.2764,CD659 12cm rods
5/9/17 8:00,181,ZONE 00015,38.71262,-97.43481,40.31,1.7429,1.7258,25.2764,CD659 12cm rods
5/9/17 8:00,182,ZONE 00015,38.71262,-97.43452,40.38,1.7452,1.8153,25.3491,CD659 12cm rods
5/9/17 8:01,183,ZONE 00015,38.71261,-97.43441,39.93,1.7361,1.7123,24.8885,CD659 12cm rods
5/9/17 8:01,184,ZONE 00015,38.71261,-97.43424,36.51,1.6773,1.6143,21.6563,CD659 12cm rods
5/9/17 8:01,185,"ZONE 00004, ZONE 00015",38.71261,-97.43396,40.47,1.7463,1.7879,25.4377,CD659 12cm rods
5/9/17 8:02,186,"ZONE 00003, ZONE 00004",38.71261,-97.43379,37.74,1.6977,1.6219,22.7619,CD659 12cm rods
5/9/17 8:02,187,"ZONE 00003, ZONE 00004",38.71261,-97.43366,36.27,1.6728,1.5595,21.446,CD659 12cm rods
5/9/17 8:02,188,"ZONE 00003, ZONE 00004",38.7126,-97.43338,35.62,1.6615,1.4372,20.8913,CD659 12cm rods
5/9/17 8:03,189,ZONE 00003,38.7126,-97.4331,35.42,1.6593,1.5644,20.7254,CD659 12cm rods
5/9/17 8:03,190,"ZONE 00001, ZONE 00003",38.71261,-97.43285,38.2,1.7079,1.7992,23.1872,CD659 12cm rods
5/9/17 8:04,191,"ZONE 00001, ZONE 00003",38.71261,-97.43272,45.12,1.839,2.1803,30.9206,CD659 12cm rods
5/9/17 8:04,192,"ZONE 00001, ZONE 00003",38.71274,-97.43275,43.57,1.8073,2.0713,28.9538,CD659 12cm rods
5/9/17 8:05,193,"ZONE 00001, ZONE 00003",38.71286,-97.43279,42.8,1.7904,1.9212,28.0243,CD659 12cm rods
5/9/17 8:05,194,"ZONE 00001, ZONE 00003, ZONE 00004",38.71285,-97.4329,36.87,1.6852,1.745,21.9718,CD659 12cm rods
5/9/17 8:05,195,"ZONE 00003, ZONE 00004",38.71286,-97.43307,34.47,1.6434,1.5029,19.9405,CD659 12cm rods
5/9/17 8:06,196,"ZONE 00003, ZONE 00004",38.71286,-97.43336,32.7,1.6152,1.4278,18.5633,CD659 12cm rods
5/9/17 8:06,197,ZONE 00004,38.71288,-97.43365,34.93,1.6502,1.408,20.3166,CD659 12cm rods
5/9/17 8:07,198,ZONE 00004,38.71289,-97.43392,34.22,1.6389,1.4217,19.7436,CD659 12cm rods
5/9/17 8:07,199,"ZONE 00004, ZONE 00015",38.71291,-97.43422,34.84,1.6491,1.462,20.2473,CD659 12cm rods
5/9/17 8:07,200,ZONE 00015,38.71292,-97.43451,37.96,1.7011,1.5825,22.9653,CD659 12cm rods
5/9/17 8:08,201,"ZONE 00015, ZONE 00016",38.71294,-97.43479,35.83,1.6649,1.4402,21.0662,CD659 12cm rods
5/9/17 8:08,202,ZONE 00015,38.71295,-97.43507,31.5,1.596,1.3339,17.6761,CD659 12cm rods
5/9/17 8:09,203,"ZONE 00014, ZONE 00015",38.71296,-97.43535,36.03,1.6683,1.4551,21.2405,CD659 12cm rods
5/9/17 8:09,204,ZONE 00014,38.71297,-97.4356,32.74,1.6152,1.343,18.5911,CD659 12cm rods
5/9/17 8:10,205,ZONE 00014,38.71297,-97.43588,34.3,1.64,1.3789,19.8075,CD659 12cm rods
5/9/17 8:10,206,ZONE 00014,38.71299,-97.43616,29.1,1.5587,1.2228,15.999,CD659 12cm rods
5/9/17 8:10,207,ZONE 00014,38.71299,-97.43628,23.86,1.4807,1.1927,12.74,CD659 12cm rods
5/9/17 8:10,208,ZONE 00014,38.71299,-97.43628,24.86,1.4954,1.1979,13.3263,CD659 12cm rods
5/9/17 8:11,209,ZONE 00014,38.713,-97.43643,28.69,1.553,1.2938,15.7232,CD659 12cm rods
5/9/17 8:11,210,ZONE 00014,38.71301,-97.43674,25.93,1.5112,1.213,13.967,CD659 12cm rods
5/9/17 8:12,211,ZONE 00014,38.71301,-97.4368,28.59,1.5507,1.1967,15.6564,CD659 12cm rods
5/9/17 8:12,212,[Unspecified Zone],38.71325,-97.43679,32.45,1.6107,1.2253,18.3711,CD659 12cm rods
5/9/17 8:13,213,ZONE 00014,38.71324,-97.43649,25.55,1.5055,1.2001,13.7406,CD659 12cm rods
5/9/17 8:13,214,"ZONE 00014, ZONE 00017",38.71323,-97.4362,27.89,1.5406,1.2375,15.2028,CD659 12cm rods
5/9/17 8:13,215,"ZONE 00014, ZONE 00017",38.71321,-97.43591,27.22,1.5304,1.2242,14.7707,CD659 12cm rods
5/9/17 8:14,216,"ZONE 00014, ZONE 00017",38.71319,-97.43563,30.71,1.5835,1.2961,17.1063,CD659 12cm rods
5/9/17 8:14,217,ZONE 00017,38.71319,-97.43549,28.86,1.5553,1.2637,15.8371,CD659 12cm rods
5/9/17 8:14,218,"ZONE 00015, ZONE 00016",38.71318,-97.43535,23.49,1.475,1.1814,12.5251,CD659 12cm rods
5/9/17 8:15,219,"ZONE 00015, ZONE 00016",38.71318,-97.43508,30.32,1.5779,1.3236,16.8363,CD659 12cm rods
5/9/17 8:15,220,"ZONE 00015, ZONE 00016",38.71317,-97.43497,28.03,1.5428,1.2567,15.2929,CD659 12cm rods
5/9/17 8:15,221,"ZONE 00015, ZONE 00016",38.71317,-97.43479,31.47,1.596,1.3877,17.6546,CD659 12cm rods
5/9/17 8:16,222,"ZONE 00004, ZONE 00015, ZONE 00016",38.71315,-97.43451,26.29,1.5168,1.2358,14.1899,CD659 12cm rods
5/9/17 8:16,223,"ZONE 00004, ZONE 00015, ZONE 00016",38.71315,-97.43439,31.73,1.5993,1.3286,17.8377,CD659 12cm rods
5/9/17 8:16,224,"ZONE 00004, ZONE 00015, ZONE 00016",38.71313,-97.43423,36.44,1.6751,1.4703,21.5934,CD659 12cm rods
5/9/17 8:17,225,ZONE 00004,38.71314,-97.43393,33.58,1.6287,1.4074,19.2399,CD659 12cm rods
5/9/17 8:17,226,ZONE 00004,38.71313,-97.43364,32.67,1.614,1.3323,18.5382,CD659 12cm rods
5/9/17 8:18,227,ZONE 00004,38.71313,-97.43335,28.39,1.5485,1.2873,15.526,CD659 12cm rods
5/9/17 8:18,228,ZONE 00004,38.71313,-97.43306,34.82,1.6491,1.5015,20.2314,CD659 12cm rods
5/9/17 8:19,229,"ZONE 00001, ZONE 00004",38.71313,-97.43279,43.25,1.7994,1.9642,28.5593,CD659 12cm rods
5/9/17 8:19,230,ZONE 00001,38.71313,-97.43266,42.99,1.796,2.0491,28.2491,CD659 12cm rods
5/9/17 8:19,231,ZONE 00001,38.71323,-97.43268,40.67,1.7497,1.7724,25.6491,CD659 12cm rods
5/9/17 8:20,232,[Unspecified Zone],38.71337,-97.43271,28.2,1.5462,1.3245,15.4031,CD659 12cm rods
5/9/17 8:20,233,ZONE 00001,38.71329,-97.43263,41.85,1.7734,1.951,26.9352,CD659 12cm rods
5/9/17 8:21,234,[Unspecified Zone],38.71341,-97.43276,30.07,1.5756,1.4359,16.6586,CD659 12cm rods
5/9/17 8:21,235,ZONE 00004,38.71341,-97.4329,39.66,1.7327,1.8144,24.615,CD659 12cm rods
5/9/17 8:21,236,ZONE 00004,38.71341,-97.43305,34.18,1.6389,1.4988,19.712,CD659 12cm rods
5/9/17 8:22,237,ZONE 00004,38.71342,-97.43333,34.85,1.6491,1.4434,20.2527,CD659 12cm rods
5/9/17 8:22,238,ZONE 00004,38.71344,-97.43361,30.55,1.5813,1.3247,16.9925,CD659 12cm rods
5/9/17 8:23,239,"ZONE 00004, ZONE 00016",38.71348,-97.43388,29.46,1.5643,1.2496,16.2445,CD659 12cm rods
5/9/17 8:23,240,"ZONE 00004, ZONE 00016",38.71353,-97.43415,28.83,1.5553,1.3077,15.8167,CD659 12cm rods
5/9/17 8:23,241,ZONE 00016,38.71357,-97.43443,28.98,1.5575,1.3109,15.9164,CD659 12cm rods
5/9/17 8:24,242,ZONE 00016,38.71363,-97.43469,33.98,1.6355,1.4803,19.5499,CD659 12cm rods
5/9/17 8:24,243,ZONE 00016,38.71363,-97.43469,33.98,1.6355,1.4803,19.5499,CD659 12cm rods
5/9/17 8:24,244,ZONE 00016,38.71363,-97.43469,33.98,1.6355,1.4803,19.5499,CD659 12cm rods
5/9/17 8:24,245,"ZONE 00016, ZONE 00017",38.71367,-97.43497,32.27,1.6084,1.4189,18.2369,CD659 12cm rods
5/9/17 8:25,246,"ZONE 00016, ZONE 00017",38.7137,-97.4351,29.59,1.5677,1.3845,16.332,CD659 12cm rods
5/9/17 8:25,247,"ZONE 00016, ZONE 00017",38.71373,-97.43526,26.26,1.5168,1.2588,14.175,CD659 12cm rods
5/9/17 8:26,248,"ZONE 00016, ZONE 00017",38.71377,-97.43554,27.83,1.5394,1.2137,15.1626,CD659 12cm rods
5/9/17 8:26,249,ZONE 00017,38.7138,-97.43582,26.86,1.5247,1.1798,14.5483,CD659 12cm rods
5/9/17 8:26,250,ZONE 00017,38.7138,-97.43582,26.86,1.5247,1.1798,14.5483,CD659 12cm rods
5/9/17 8:27,251,ZONE 00017,38.71382,-97.43609,32.89,1.6174,1.3191,18.7027,CD659 12cm rods
5/9/17 8:27,252,ZONE 00017,38.71385,-97.43636,33.53,1.6276,1.32,19.1958,CD659 12cm rods
5/9/17 8:33,253,ZONE 00017,38.71385,-97.43665,33.95,1.6344,1.3666,19.5276,CD659 12cm rods
5/9/17 8:34,254,ZONE 00021,38.7141,-97.43664,32.45,1.6107,1.3469,18.3725,CD659 12cm rods
5/9/17 8:34,255,"ZONE 00017, ZONE 00021",38.71409,-97.43634,31.41,1.5948,1.3799,17.6047,CD659 12cm rods
5/9/17 8:35,256,"ZONE 00017, ZONE 00021",38.71409,-97.43605,32.38,1.6095,1.3114,18.3239,CD659 12cm rods
5/9/17 8:35,257,"ZONE 00017, ZONE 00022",38.7141,-97.43577,28.69,1.553,1.287,15.7266,CD659 12cm rods
5/9/17 8:36,258,"ZONE 00017, ZONE 00022",38.7141,-97.43548,24.3,1.4874,1.2138,12.9952,CD659 12cm rods
5/9/17 8:36,259,"ZONE 00016, ZONE 00017, ZONE 00022",38.7141,-97.43519,30.53,1.5813,1.3581,16.9774,CD659 12cm rods
5/9/17 8:37,260,"ZONE 00016, ZONE 00022",38.7141,-97.43491,35.96,1.6672,1.4233,21.1842,CD659 12cm rods
5/9/17 8:37,261,"ZONE 00016, ZONE 00022, ZONE 00023",38.71411,-97.43462,32.84,1.6174,1.4467,18.6646,CD659 12cm rods
5/9/17 8:38,262,"ZONE 00016, ZONE 00023",38.71412,-97.43433,26.01,1.5134,1.2744,14.0202,CD659 12cm rods
5/9/17 8:38,263,"ZONE 00020, ZONE 00023",38.71412,-97.43404,21.46,1.4456,1.1833,11.391,CD659 12cm rods
5/9/17 8:39,264,"ZONE 00018, ZONE 00020, ZONE 00023",38.71413,-97.43375,20.79,1.4355,1.1671,11.0274,CD659 12cm rods
5/9/17 8:39,265,"ZONE 00018, ZONE 00020, ZONE 00023",38.71413,-97.43375,20.79,1.4355,1.1671,11.0274,CD659 12cm rods
5/9/17 8:39,266,"ZONE 00018, ZONE 00020, ZONE 00023",38.71413,-97.43375,20.79,1.4355,1.1671,11.0274,CD659 12cm rods
5/9/17 8:39,267,"ZONE 00019, ZONE 00020",38.71413,-97.43346,32.51,1.6118,1.3701,18.421,CD659 12cm rods
5/9/17 8:40,268,"ZONE 00019, ZONE 00020",38.71413,-97.43346,32.51,1.6118,1.3701,18.421,CD659 12cm rods
5/9/17 8:40,269,ZONE 00020,38.71414,-97.43317,34.48,1.6446,1.5715,19.9528,CD659 12cm rods
5/9/17 8:40,270,ZONE 00020,38.71414,-97.43317,34.48,1.6446,1.5715,19.9528,CD659 12cm rods
5/9/17 8:41,271,ZONE 00020,38.71434,-97.43322,32.95,1.6186,1.377,18.7483,CD659 12cm rods
5/9/17 8:41,272,"ZONE 00020, ZONE 00023",38.71434,-97.43349,34.63,1.6457,1.4587,20.0754,CD659 12cm rods
5/9/17 8:42,273,"ZONE 00020, ZONE 00023",38.71435,-97.43379,29.24,1.562,1.3589,16.0913,CD659 12cm rods
5/9/17 8:42,274,ZONE 00023,38.71436,-97.43407,25.19,1.501,1.2519,13.5186,CD659 12cm rods
5/9/17 8:43,275,ZONE 00023,38.71436,-97.43434,27.74,1.5394,1.3174,15.1083,CD659 12cm rods
5/9/17 8:43,276,"ZONE 00022, ZONE 00023",38.71437,-97.43465,32.96,1.6186,1.3442,18.7549,CD659 12cm rods
5/9/17 8:44,277,"ZONE 00022, ZONE 00023",38.71437,-97.43494,33.16,1.622,1.3705,18.9154,CD659 12cm rods
5/9/17 8:44,278,ZONE 00022,38.71436,-97.43523,28.5,1.5507,1.3261,15.6035,CD659 12cm rods
5/9/17 8:45,279,"ZONE 00017, ZONE 00022",38.71436,-97.43551,27.46,1.5349,1.2953,14.9259,CD659 12cm rods
5/9/17 8:45,280,"ZONE 00017, ZONE 00021, ZONE 00022",38.71437,-97.43579,30.42,1.579,1.2724,16.904,CD659 12cm rods
5/9/17 8:46,281,"ZONE 00017, ZONE 00021",38.71437,-97.43608,35.28,1.6559,1.387,20.6044,CD659 12cm rods
5/9/17 8:46,282,ZONE 00021,38.71437,-97.43636,35.14,1.6536,1.3923,20.4896,CD659 12cm rods
5/9/17 8:47,283,ZONE 00021,38.71437,-97.43665,37.45,1.692,1.4552,22.4918,CD659 12cm rods
5/9/17 8:47,284,ZONE 00021,38.71459,-97.43664,35.96,1.6672,1.4467,21.1827,CD659 12cm rods
5/9/17 8:48,285,ZONE 00021,38.71459,-97.43664,35.96,1.6672,1.4467,21.1827,CD659 12cm rods
5/9/17 8:48,286,ZONE 00021,38.71459,-97.43636,37.97,1.7011,1.4688,22.9781,CD659 12cm rods
5/9/17 8:49,287,"ZONE 00021, ZONE 00022",38.71459,-97.43607,34.5,1.6434,1.4314,19.9689,CD659 12cm rods
5/9/17 8:49,288,"ZONE 00021, ZONE 00022",38.71458,-97.4358,30.7,1.5835,1.3226,17.0981,CD659 12cm rods
5/9/17 8:50,289,ZONE 00022,38.71459,-97.43551,33.23,1.6231,1.3924,18.9654,CD659 12cm rods
5/9/17 8:50,290,ZONE 00022,38.7146,-97.43523,32.64,1.614,1.4103,18.5161,CD659 12cm rods
5/9/17 8:50,291,ZONE 00022,38.7146,-97.43523,32.64,1.614,1.4103,18.5161,CD659 12cm rods
5/9/17 8:51,292,"ZONE 00022, ZONE 00023",38.7146,-97.43495,32.6,1.6129,1.3329,18.4837,CD659 12cm rods
5/9/17 8:51,293,"ZONE 00022, ZONE 00023",38.7146,-97.43465,33.66,1.6299,1.4031,19.2972,CD659 12cm rods
5/9/17 8:52,294,"ZONE 00022, ZONE 00023",38.71461,-97.43438,29.93,1.5722,1.3513,16.5622,CD659 12cm rods
5/9/17 8:52,295,ZONE 00023,38.71462,-97.43414,27.01,1.5304,1.3907,14.6426,CD659 12cm rods
5/9/17 8:52,296,ZONE 00023,38.71462,-97.43414,27.01,1.5304,1.3907,14.6426,CD659 12cm rods
5/9/17 8:53,297,ZONE 00023,38.71462,-97.43398,30.63,1.5835,1.4105,17.0513,CD659 12cm rods
5/9/17 8:53,298,"ZONE 00020, ZONE 00023, ZONE 00024",38.71465,-97.43369,30.53,1.5813,1.3522,16.9804,CD659 12cm rods
5/9/17 8:54,299,"ZONE 00020, ZONE 00023, ZONE 00024",38.71468,-97.4334,28.8,1.5553,1.3382,15.7982,CD659 12cm rods
5/9/17 8:54,300,"ZONE 00020, ZONE 00024",38.7147,-97.43313,40.21,1.7406,1.6402,25.1755,CD659 12cm rods
5/9/17 8:55,301,ZONE 00024,38.71493,-97.43316,32.42,1.6107,1.4092,18.3515,CD659 12cm rods
5/9/17 8:55,302,"ZONE 00023, ZONE 00024",38.7149,-97.43344,28.69,1.5541,1.3707,15.7232,CD659 12cm rods
5/9/17 8:56,303,"ZONE 00023, ZONE 00024",38.71489,-97.43373,30.85,1.5858,1.3182,17.2046,CD659 12cm rods
5/9/17 8:56,304,"ZONE 00023, ZONE 00024",38.71488,-97.434,29.9,1.5711,1.2712,16.5442,CD659 12cm rods
5/9/17 8:57,305,ZONE 00023,38.71486,-97.43428,22.92,1.4694,1.2847,12.199,CD659 12cm rods
5/9/17 8:57,306,"ZONE 00022, ZONE 00023",38.71486,-97.43458,32.94,1.6186,1.384,18.7464,CD659 12cm rods
5/9/17 8:58,307,"ZONE 00022, ZONE 00023",38.71487,-97.43487,28.72,1.553,1.2483,15.7426,CD659 12cm rods
5/9/17 8:58,308,ZONE 00022,38.71487,-97.43515,32.8,1.6163,1.3844,18.636,CD659 12cm rods
5/9/17 8:59,309,"ZONE 00022, ZONE 00025",38.71488,-97.43544,33.44,1.6265,1.4028,19.1294,CD659 12cm rods
5/9/17 8:59,310,"ZONE 00022, ZONE 00025",38.71489,-97.43571,32.34,1.6095,1.4181,18.2922,CD659 12cm rods
5/9/17 9:00,311,"ZONE 00021, ZONE 00022, ZONE 00025",38.7149,-97.43599,33.37,1.6253,1.4015,19.074,CD659 12cm rods
5/9/17 9:00,312,"ZONE 00021, ZONE 00025",38.7149,-97.43628,34.97,1.6513,1.4861,20.3545,CD659 12cm rods
5/9/17 9:01,313,ZONE 00021,38.7149,-97.43658,33.01,1.6197,1.3881,18.8004,CD659 12cm rods
5/9/17 9:01,314,"ZONE 00021, ZONE 00025",38.71512,-97.43658,30.79,1.5858,1.3966,17.1673,CD659 12cm rods
5/9/17 9:02,315,"ZONE 00021, ZONE 00025",38.71511,-97.4363,36.51,1.6762,1.4435,21.6547,CD659 12cm rods
5/9/17 9:02,316,ZONE 00025,38.7151,-97.43601,32.43,1.6107,1.4002,18.3554,CD659 12cm rods
5/9/17 9:03,317,"ZONE 00022, ZONE 00025",38.7151,-97.43572,32.86,1.6174,1.4075,18.6831,CD659 12cm rods
5/9/17 9:03,318,"ZONE 00022, ZONE 00025",38.71509,-97.43545,32.79,1.6163,1.4114,18.6261,CD659 12cm rods
5/9/17 9:04,319,"ZONE 00022, ZONE 00025, ZONE 00026",38.7151,-97.43517,29.95,1.5722,1.3256,16.5756,CD659 12cm rods
5/9/17 9:04,320,"ZONE 00022, ZONE 00026",38.71511,-97.43488,28.7,1.5541,1.3551,15.7353,CD659 12cm rods
5/9/17 9:05,321,"ZONE 00022, ZONE 00023, ZONE 00026",38.71511,-97.43462,25.4,1.5055,1.3192,13.6454,CD659 12cm rods
5/9/17 9:05,322,"ZONE 00023, ZONE 00026",38.71512,-97.43435,28.39,1.5496,1.3568,15.5305,CD659 12cm rods
5/9/17 9:06,323,"ZONE 00023, ZONE 00024",38.71513,-97.43405,26.12,1.5146,1.2506,14.0853,CD659 12cm rods
5/9/17 9:06,324,"ZONE 00023, ZONE 00024",38.71514,-97.43376,29.89,1.5711,1.2914,16.538,CD659 12cm rods
5/9/17 9:06,325,ZONE 00024,38.71518,-97.43347,29.97,1.5722,1.2861,16.5911,CD659 12cm rods
5/9/17 9:07,326,ZONE 00024,38.71522,-97.43325,27.56,1.5372,1.3411,14.9902,CD659 12cm rods
5/9/17 9:07,327,ZONE 00024,38.71522,-97.43325,27.56,1.5372,1.3411,14.9902,CD659 12cm rods
5/9/17 9:08,328,"ZONE 00024, ZONE 00027",38.71545,-97.43333,30.59,1.5824,1.3723,17.0225,CD659 12cm rods
5/9/17 9:09,329,"ZONE 00024, ZONE 00027",38.71543,-97.4336,27.17,1.5304,1.2824,14.7385,CD659 12cm rods
5/9/17 9:09,330,"ZONE 00024, ZONE 00027",38.7154,-97.43387,29.59,1.5666,1.3038,16.3279,CD659 12cm rods
5/9/17 9:09,331,ZONE 00026,38.71539,-97.43415,27.93,1.5417,1.2845,15.229,CD659 12cm rods
5/9/17 9:10,332,ZONE 00026,38.71539,-97.43445,27.21,1.5315,1.3117,14.7664,CD659 12cm rods
5/9/17 9:10,333,ZONE 00026,38.7154,-97.43473,30.05,1.5734,1.2808,16.6441,CD659 12cm rods
5/9/17 9:11,334,"ZONE 00025, ZONE 00026",38.7154,-97.43499,32.5,1.614,1.5595,18.4069,CD659 12cm rods
5/9/17 9:11,335,"ZONE 00025, ZONE 00026",38.71542,-97.43526,26.23,1.5168,1.2894,14.1519,CD659 12cm rods
5/9/17 9:12,336,"ZONE 00025, ZONE 00026",38.71543,-97.43555,30.5,1.5813,1.3864,16.9611,CD659 12cm rods
5/9/17 9:12,337,ZONE 00025,38.71543,-97.43584,34.63,1.6457,1.4542,20.0769,CD659 12cm rods
5/9/17 9:12,338,ZONE 00025,38.71543,-97.43584,34.63,1.6457,1.4542,20.0769,CD659 12cm rods
5/9/17 9:13,339,ZONE 00025,38.71545,-97.4361,32.93,1.6186,1.4078,18.7383,CD659 12cm rods
5/9/17 9:13,340,ZONE 00025,38.71546,-97.43638,35.4,1.6581,1.4805,20.7066,CD659 12cm rods
5/9/17 9:14,341,ZONE 00025,38.71548,-97.43666,34.63,1.6457,1.4607,20.0747,CD659 12cm rods
5/9/17 9:14,342,ZONE 00025,38.71571,-97.43666,32.19,1.6073,1.4172,18.1828,CD659 12cm rods
5/9/17 9:15,343,ZONE 00025,38.71571,-97.43638,34.28,1.64,1.4517,19.7911,CD659 12cm rods
5/9/17 9:16,344,ZONE 00025,38.71571,-97.43609,35.93,1.6672,1.5332,21.1589,CD659 12cm rods
5/9/17 9:16,345,"ZONE 00025, ZONE 00028",38.7157,-97.43581,35.59,1.6615,1.5125,20.8712,CD659 12cm rods
5/9/17 9:17,346,"ZONE 00025, ZONE 00026, ZONE 00028",38.7157,-97.43557,33.3,1.6242,1.4024,19.018,CD659 12cm rods
5/9/17 9:17,347,"ZONE 00025, ZONE 00026",38.7157,-97.43529,32.78,1.6163,1.42,18.6224,CD659 12cm rods
5/9/17 9:18,348,"ZONE 00025, ZONE 00026",38.7157,-97.43506,36.17,1.6717,1.6028,21.3601,CD659 12cm rods
5/9/17 9:18,349,ZONE 00026,38.71569,-97.43478,28.3,1.5474,1.3012,15.4683,CD659 12cm rods
5/9/17 9:18,350,ZONE 00026,38.71569,-97.43478,28.3,1.5474,1.3012,15.4683,CD659 12cm rods
5/9/17 9:19,351,ZONE 00026,38.7157,-97.43449,31.7,1.5993,1.3894,17.8157,CD659 12cm rods
5/9/17 9:19,352,"ZONE 00026, ZONE 00027",38.71571,-97.43422,27.67,1.5383,1.3138,15.0613,CD659 12cm rods
5/9/17 9:20,353,"ZONE 00026, ZONE 00027",38.71571,-97.43393,30.93,1.588,1.4135,17.2631,CD659 12cm rods
5/9/17 9:20,354,"ZONE 00024, ZONE 00027",38.71573,-97.43363,30.85,1.5858,1.3104,17.207,CD659 12cm rods
5/9/17 9:21,355,"ZONE 00024, ZONE 00027",38.71577,-97.43337,35.04,1.6525,1.4887,20.4117,CD659 12cm rods
5/9/17 9:21,356,ZONE 00027,38.71598,-97.43343,34.34,1.6434,1.627,19.8427,CD659 12cm rods
5/9/17 9:22,357,ZONE 00027,38.71595,-97.43371,26.31,1.518,1.2891,14.2002,CD659 12cm rods
5/9/17 9:22,358,"ZONE 00026, ZONE 00027",38.71593,-97.43394,27.57,1.5361,1.2642,14.9941,CD659 12cm rods
5/9/17 9:23,359,"ZONE 00026, ZONE 00027",38.71592,-97.43421,31.18,1.5914,1.3802,17.4437,CD659 12cm rods
5/9/17 9:23,360,"ZONE 00026, ZONE 00027",38.7159,-97.4345,32.65,1.614,1.3818,18.5269,CD659 12cm rods
5/9/17 9:24,361,ZONE 00026,38.71589,-97.43477,31.1,1.5903,1.3867,17.3868,CD659 12cm rods
5/9/17 9:24,362,"ZONE 00026, ZONE 00028",38.71588,-97.43508,35.62,1.6626,1.5822,20.8925,CD659 12cm rods
5/9/17 9:25,363,"ZONE 00025, ZONE 00026, ZONE 00028",38.71588,-97.43536,30.6,1.5824,1.3652,17.0264,CD659 12cm rods
5/9/17 9:25,364,"ZONE 00025, ZONE 00026, ZONE 00028",38.71587,-97.43559,35.67,1.6626,1.5075,20.9322,CD659 12cm rods
5/9/17 9:26,365,"ZONE 00025, ZONE 00028",38.71587,-97.43586,37.43,1.692,1.552,22.4813,CD659 12cm rods
5/9/17 9:26,366,"ZONE 00025, ZONE 00028, ZONE 00029",38.71585,-97.43613,35.36,1.6581,1.5539,20.6726,CD659 12cm rods
5/9/17 9:27,367,"ZONE 00025, ZONE 00029",38.71583,-97.4364,34,1.6355,1.45,19.5638,CD659 12cm rods
5/9/17 9:27,368,ZONE 00029,38.71582,-97.43669,34.7,1.6468,1.4679,20.1297,CD659 12cm rods
5/9/17 9:28,369,ZONE 00029,38.71604,-97.43668,34.84,1.6491,1.4666,20.2458,CD659 12cm rods
5/9/17 9:28,370,ZONE 00029,38.71604,-97.43639,37.51,1.6932,1.4756,22.5531,CD659 12cm rods
5/9/17 9:29,371,"ZONE 00025, ZONE 00028, ZONE 00029",38.71603,-97.43611,36.13,1.6706,1.5605,21.3252,CD659 12cm rods
5/9/17 9:29,372,"ZONE 00025, ZONE 00028",38.71603,-97.43584,34.42,1.6423,1.4496,19.9063,CD659 12cm rods
5/9/17 9:30,373,"ZONE 00025, ZONE 00028",38.71603,-97.43557,35.95,1.6672,1.4815,21.1766,CD659 12cm rods
5/9/17 9:30,374,"ZONE 00026, ZONE 00028",38.71603,-97.4353,31.75,1.6005,1.4136,17.8572,CD659 12cm rods
5/9/17 9:31,375,"ZONE 00026, ZONE 00028",38.71603,-97.43507,33.58,1.6299,1.5196,19.2394,CD659 12cm rods
5/9/17 9:31,376,"ZONE 00026, ZONE 00030",38.71604,-97.43478,28.88,1.5564,1.3385,15.8489,CD659 12cm rods
5/9/17 9:32,377,"ZONE 00026, ZONE 00027, ZONE 00030",38.71604,-97.43449,33.65,1.6299,1.4264,19.2899,CD659 12cm rods
5/9/17 9:32,378,"ZONE 00026, ZONE 00027",38.71605,-97.43421,31.17,1.5914,1.3952,17.4355,CD659 12cm rods
5/9/17 9:33,379,ZONE 00027,38.71605,-97.43392,23.49,1.475,1.1851,12.5224,CD659 12cm rods
5/9/17 9:33,380,ZONE 00027,38.71607,-97.43365,28.26,1.5462,1.2573,15.4409,CD659 12cm rods
5/9/17 9:33,381,ZONE 00027,38.71607,-97.43365,28.26,1.5462,1.2573,15.4409,CD659 12cm rods
5/9/17 9:34,382,ZONE 00027,38.7161,-97.43342,34.92,1.6513,1.5645,20.3109,CD659 12cm rods
5/9/17 9:34,383,ZONE 00027,38.71631,-97.43347,33.53,1.6287,1.4927,19.2006,CD659 12cm rods
5/9/17 9:35,384,ZONE 00027,38.71631,-97.4337,28.04,1.5428,1.249,15.2963,CD659 12cm rods
5/9/17 9:35,385,"ZONE 00027, ZONE 00030",38.71631,-97.43394,26.17,1.5146,1.1955,14.1169,CD659 12cm rods
5/9/17 9:36,386,"ZONE 00027, ZONE 00030",38.71633,-97.4342,25.68,1.5078,1.231,13.815,CD659 12cm rods
5/9/17 9:36,387,"ZONE 00026, ZONE 00030",38.71634,-97.43451,25.89,1.5112,1.2449,13.947,CD659 12cm rods
5/9/17 9:37,388,"ZONE 00026, ZONE 00028, ZONE 00030",38.71634,-97.43478,29.34,1.5632,1.3279,16.1621,CD659 12cm rods
5/9/17 9:37,389,"ZONE 00028, ZONE 00030",38.71636,-97.43508,30.92,1.5869,1.3259,17.2546,CD659 12cm rods
5/9/17 9:38,390,"ZONE 00028, ZONE 00030",38.71637,-97.43535,33.26,1.6242,1.4746,18.9851,CD659 12cm rods
5/9/17 9:38,391,ZONE 00028,38.71638,-97.43559,33.57,1.6287,1.4367,19.2297,CD659 12cm rods
5/9/17 9:39,392,ZONE 00028,38.71638,-97.43559,33.57,1.6287,1.4367,19.2297,CD659 12cm rods
5/9/17 9:44,393,"ZONE 00028, ZONE 00029",38.7164,-97.43576,34.77,1.6479,1.4796,20.183,CD659 12cm rods
5/9/17 9:44,394,"ZONE 00028, ZONE 00029",38.7164,-97.43605,36.3,1.6728,1.4948,21.4699,CD659 12cm rods
5/9/17 9:45,395,"ZONE 00028, ZONE 00029",38.71641,-97.43631,33.64,1.6299,1.4326,19.2876,CD659 12cm rods
5/9/17 9:45,396,ZONE 00029,38.71642,-97.4366,34.36,1.6412,1.4434,19.8511,CD659 12cm rods
5/9/17 9:45,397,ZONE 00029,38.71642,-97.4366,34.36,1.6412,1.4434,19.8511,CD659 12cm rods
5/9/17 9:46,398,ZONE 00029,38.71664,-97.43658,34.8,1.6491,1.5371,20.2117,CD659 12cm rods
5/9/17 9:47,399,"ZONE 00028, ZONE 00029",38.71664,-97.43632,32.53,1.6129,1.4602,18.4339,CD659 12cm rods
5/9/17 9:47,400,"ZONE 00028, ZONE 00029",38.71666,-97.43604,33.44,1.6265,1.4027,19.1295,CD659 12cm rods
5/9/17 9:48,401,"ZONE 00028, ZONE 00029",38.71665,-97.43577,32.98,1.6197,1.4541,18.7722,CD659 12cm rods
5/9/17 9:48,402,"ZONE 00028, ZONE 00030",38.71667,-97.4355,31.69,1.5993,1.3972,17.8118,CD659 12cm rods
5/9/17 9:49,403,"ZONE 00028, ZONE 00030",38.71667,-97.43522,31.29,1.5937,1.4347,17.518,CD659 12cm rods
5/9/17 9:49,404,"ZONE 00028, ZONE 00030",38.71669,-97.43496,28.44,1.5496,1.3131,15.5614,CD659 12cm rods
5/9/17 9:50,405,ZONE 00030,38.71671,-97.43468,31.94,1.6027,1.3419,17.9952,CD659 12cm rods
5/9/17 9:50,406,ZONE 00030,38.71671,-97.43468,31.94,1.6027,1.3419,17.9952,CD659 12cm rods
5/9/17 9:50,407,"ZONE 00030, ZONE 00031",38.71673,-97.43441,27.26,1.5315,1.264,14.7988,CD659 12cm rods
5/9/17 9:51,408,"ZONE 00030, ZONE 00031",38.71675,-97.43414,28.19,1.5451,1.2497,15.3947,CD659 12cm rods
5/9/17 9:51,409,"ZONE 00030, ZONE 00031",38.7168,-97.43387,33.6,1.6287,1.3194,19.2509,CD659 12cm rods
5/9/17 9:52,410,ZONE 00031,38.71685,-97.43359,33.52,1.6276,1.3966,19.187,CD659 12cm rods
5/9/17 9:52,411,ZONE 00031,38.71706,-97.43364,33.58,1.6299,1.5277,19.2334,CD659 12cm rods
5/9/17 9:53,412,ZONE 00031,38.71706,-97.43364,33.58,1.6299,1.5277,19.2334,CD659 12cm rods
5/9/17 9:53,413,"ZONE 00030, ZONE 00031",38.71705,-97.43392,28.95,1.5575,1.3366,15.9012,CD659 12cm rods
5/9/17 9:54,414,"ZONE 00030, ZONE 00031, ZONE 00034",38.71706,-97.4342,23.02,1.4682,1.1827,12.2587,CD659 12cm rods
5/9/17 9:54,415,"ZONE 00030, ZONE 00031, ZONE 00034",38.71706,-97.43449,31.64,1.5982,1.3617,17.7737,CD659 12cm rods
5/9/17 9:55,416,"ZONE 00030, ZONE 00034",38.71707,-97.43478,27.63,1.5372,1.277,15.036,CD659 12cm rods
5/9/17 9:55,417,"ZONE 00030, ZONE 00033",38.71708,-97.43509,29,1.5575,1.2771,15.9324,CD659 12cm rods
5/9/17 9:56,418,"ZONE 00030, ZONE 00033",38.71709,-97.43536,30.3,1.5779,1.3526,16.8227,CD659 12cm rods
5/9/17 9:56,419,ZONE 00033,38.71711,-97.43563,31.75,1.6005,1.4233,17.8515,CD659 12cm rods
5/9/17 9:57,420,"ZONE 00032, ZONE 00033",38.71712,-97.43591,33.73,1.631,1.4101,19.3514,CD659 12cm rods
5/9/17 9:57,421,"ZONE 00032, ZONE 00033",38.71714,-97.43618,35.22,1.6559,1.5419,20.5614,CD659 12cm rods
5/9/17 9:58,422,"ZONE 00032, ZONE 00033",38.71716,-97.43645,34.92,1.6513,1.5661,20.3098,CD659 12cm rods
5/9/17 9:58,423,ZONE 00032,38.71717,-97.43671,33.75,1.6321,1.4937,19.371,CD659 12cm rods
5/9/17 9:59,424,ZONE 00032,38.71741,-97.43671,33.58,1.6299,1.5256,19.235,CD659 12cm rods
5/9/17 9:59,425,ZONE 00032,38.71741,-97.43671,33.58,1.6299,1.5256,19.235,CD659 12cm rods
5/9/17 9:59,426,"ZONE 00032, ZONE 00033",38.71741,-97.43643,35.05,1.6525,1.4799,20.4151,CD659 12cm rods
5/9/17 10:00,427,"ZONE 00032, ZONE 00033",38.71741,-97.43615,36.76,1.6807,1.5453,21.8746,CD659 12cm rods
5/9/17 10:00,428,ZONE 00033,38.71741,-97.43579,33.64,1.6299,1.4424,19.2837,CD659 12cm rods
5/9/17 10:01,429,ZONE 00033,38.71741,-97.43579,33.64,1.6299,1.4424,19.2837,CD659 12cm rods
5/9/17 10:01,430,ZONE 00033,38.71742,-97.43552,30.28,1.5779,1.3842,16.8041,CD659 12cm rods
5/9/17 10:02,431,"ZONE 00033, ZONE 00034",38.71743,-97.43524,30.94,1.588,1.3979,17.2732,CD659 12cm rods
5/9/17 10:02,432,"ZONE 00033, ZONE 00034",38.71744,-97.43497,26.25,1.5168,1.2732,14.1645,CD659 12cm rods
5/9/17 10:03,433,ZONE 00034,38.71745,-97.43471,29.27,1.562,1.325,16.1125,CD659 12cm rods
5/9/17 10:03,434,ZONE 00034,38.71746,-97.43443,24.24,1.4863,1.1983,12.9614,CD659 12cm rods
5/9/17 10:04,435,"ZONE 00031, ZONE 00034",38.71746,-97.43417,24.12,1.4852,1.2318,12.8892,CD659 12cm rods
5/9/17 10:04,436,"ZONE 00031, ZONE 00034",38.71749,-97.43388,34.3,1.64,1.4075,19.8035,CD659 12cm rods
5/9/17 10:05,437,"ZONE 00031, ZONE 00034",38.71772,-97.43393,32.76,1.6163,1.4465,18.609,CD659 12cm rods
5/9/17 10:05,438,ZONE 00034,38.71769,-97.43421,29.89,1.5711,1.2885,16.5389,CD659 12cm rods
5/9/17 10:06,439,ZONE 00034,38.71769,-97.43451,23.81,1.4807,1.2308,12.7084,CD659 12cm rods
5/9/17 10:06,440,ZONE 00034,38.71769,-97.43451,23.81,1.4807,1.2308,12.7084,CD659 12cm rods
5/9/17 10:06,441,ZONE 00034,38.71769,-97.43477,24.22,1.4863,1.2137,12.9497,CD659 12cm rods
5/9/17 10:07,442,"ZONE 00033, ZONE 00034",38.71772,-97.43504,28.89,1.5564,1.3274,15.856,CD659 12cm rods
5/9/17 10:07,443,"ZONE 00033, ZONE 00034",38.71774,-97.43532,34.62,1.6457,1.4923,20.0616,CD659 12cm rods
5/9/17 10:08,444,ZONE 00033,38.71775,-97.4356,30.83,1.5858,1.3481,17.1932,CD659 12cm rods
5/9/17 10:08,445,ZONE 00033,38.71777,-97.43585,31.85,1.6016,1.377,17.9294,CD659 12cm rods
5/9/17 10:09,446,"ZONE 00032, ZONE 00033",38.71775,-97.43612,32.91,1.6186,1.4437,18.722,CD659 12cm rods
5/9/17 10:09,447,"ZONE 00032, ZONE 00033",38.71776,-97.43639,36.07,1.6694,1.5416,21.2745,CD659 12cm rods
5/9/17 10:10,448,ZONE 00032,38.71777,-97.43666,38.42,1.7101,1.7084,23.4017,CD659 12cm rods
5/9/17 10:10,449,ZONE 00032,38.71795,-97.43664,38.87,1.7192,1.8095,23.8277,CD659 12cm rods
5/9/17 10:11,450,ZONE 00032,38.71796,-97.43637,37.95,1.7033,1.7735,22.9575,CD659 12cm rods
5/9/17 10:11,451,ZONE 00033,38.71796,-97.43611,36.95,1.6864,1.7372,22.0434,CD659 12cm rods
5/9/17 10:12,452,ZONE 00033,38.71796,-97.43587,36.23,1.6739,1.683,21.4154,CD659 12cm rods
5/9/17 10:12,453,ZONE 00033,38.71796,-97.43556,32.11,1.6073,1.5087,18.1184,CD659 12cm rods
5/9/17 10:13,454,"ZONE 00033, ZONE 00034",38.71795,-97.43528,35.08,1.6547,1.625,20.4394,CD659 12cm rods
5/9/17 10:13,455,ZONE 00034,38.71796,-97.43501,31.44,1.5971,1.4976,17.6299,CD659 12cm rods
5/9/17 10:13,456,ZONE 00034,38.71795,-97.43476,34.23,1.6412,1.6002,19.7515,CD659 12cm rods
5/9/17 10:14,457,ZONE 00034,38.71794,-97.43449,36.32,1.6762,1.73,21.4887,CD659 12cm rods