TIMESTAMP,STATION,PRESSUREAVG,PRESSUREMAX,PRESSUREMIN,SLPAVG,TEMP2MAVG,TEMP2MMIN,TEMP2MMAX,TEMP10MAVG,TEMP10MMIN,TEMP10MMAX,RELHUM2MAVG,RELHUM2MMAX,RELHUM2MMIN,RELHUM10MAVG,RELHUM10MMAX,RELHUM10MMIN,VPDEFAVG,PRECIP,SRAVG,SR,WSPD2MAVG,WSPD2MMAX,WSPD10MAVG,WSPD10MMAX,WDIR2M,WDIR2MSTD,WDIR10M,WDIR10MSTD,SOILTMP5AVG,SOILTMP5MAX,SOILTMP5MIN,SOILTMP10AVG,SOILTMP10MAX,SOILTMP10MIN,SOILTMP5AVG655,SOILTMP10AVG655,SOILTMP20AVG655,SOILTMP50AVG655,VWC5CM,VWC10CM,VWC20CM,VWC50CM
1/1/18 0:00,Gypsum,99.44,100.03,98.73,104.44,-15.15,-19.56,-11,-15.31,-19.56,-11,56.63,71.35,40.37,57.34,71.35,40.37,0.08,0,110.92,9.58,4.62,9.06,5.65,9.41,6.17,15.2,7.13,13.36,-2.99,-1.9,-4.17,-1.66,-1.18,-2.45,-1.33,-1.14,0.74,3.5,0.1377,0.1167,0.2665,0.2203
1/2/18 0:00,Gypsum,99.79,100.14,99.4,104.88,-16.48,-22.1,-10.4,-16.38,-22.1,-10.4,57.44,76.06,35.55,57.08,76.06,35.55,0.08,0,126.78,10.95,1.42,4.41,1.95,5.19,26.68,50.5,30.52,48.24,-3.74,-2.08,-5.2,-2.52,-1.56,-3.46,-2.1,-1.82,0.28,3.13,0.1234,0.1021,0.2642,0.2196
1/3/18 0:00,Gypsum,98.87,99.52,97.94,103.81,-11.03,-20.64,-2.71,-10.66,-20.64,-2.71,50.74,80.24,26.4,49.24,80.24,26.4,0.16,0,118.89,10.27,2.48,8.27,3.06,9.17,210.4,31.5,201.24,42.86,-3.41,-1.72,-5.13,-2.51,-1.49,-3.61,-2.21,-1.93,-0.08,2.76,0.1206,0.0965,0.2353,0.2189
1/4/18 0:00,Gypsum,98.22,98.54,97.9,102.99,-5.83,-11.79,0.24,-5.01,-11.79,0.24,60.17,81.65,42.8,58.91,81.65,42.8,0.17,0,95.84,8.28,2.43,8.55,3.04,9.39,296.14,66.11,320.88,69.61,-2.5,-0.95,-3.65,-1.89,-0.98,-2.67,-1.6,-1.46,-0.21,2.45,0.1235,0.0973,0.2094,0.2182
1/5/18 0:00,Gypsum,98.1,98.42,97.75,102.88,-4.73,-14.22,5.36,-4.23,-14.22,5.36,58.75,85.26,30.29,57.83,85.26,30.29,0.23,0,126.05,10.89,1.97,7.43,2.59,8.37,178.9,36.47,178.09,34.39,-2.17,-0.46,-3.91,-1.71,-0.72,-2.81,-1.54,-1.38,-0.25,2.25,0.1249,0.0976,0.2047,0.218
1/6/18 0:00,Gypsum,98.21,98.63,97.79,102.97,-5.84,-10.12,-0.36,-5.27,-10.12,-0.36,59.58,87.63,36.87,58.36,87.63,36.87,0.17,0,118.35,10.23,2.31,6.45,3.24,6.92,24.97,51.45,24.96,49.36,-1.87,-0.63,-2.91,-1.35,-0.72,-2.06,-1.18,-1.06,-0.16,2.13,0.1281,0.0998,0.2057,0.2176
1/7/18 0:00,Gypsum,98.07,98.62,97.11,102.85,-4.73,-13.48,3.14,-4.55,-13.48,3.14,58.48,84.22,36.86,58.31,84.22,36.86,0.22,0,104.63,9.04,2.65,7.12,3.33,7.55,96.39,46.11,97.84,44.41,-1.9,-0.49,-3.52,-1.49,-0.69,-2.48,-1.28,-1.15,-0.19,2.06,0.1275,0.0989,0.2056,0.2176
1/8/18 0:00,Gypsum,96.9,97.43,96.64,101.44,4.04,-3.71,9.86,4.77,-3.71,9.86,63.37,94.18,37.31,62.39,94.18,37.31,0.33,0,46.82,4.05,2.56,10.07,3.26,11.47,189.84,75.67,205.79,85.08,-0.08,1.17,-0.89,-0.32,0.07,-0.72,-0.2,-0.2,-0.05,1.99,0.1439,0.1144,0.2124,0.2171
1/9/18 0:00,Gypsum,97.57,97.87,97.35,102.18,3.15,-8.63,14.28,3.86,-8.63,14.28,63.03,97.48,20.54,62.83,97.48,20.54,0.4,0,125.85,10.87,1.78,5.53,2.35,6.02,193.5,57.7,212.09,61.29,-0.01,2.35,-1.56,-0.18,0.53,-0.78,-0.15,-0.13,0.06,2,0.1563,0.12,0.2323,0.2171
1/10/18 0:00,Gypsum,96.84,97.43,96.35,101.32,7.84,2.67,15.7,7.87,2.67,15.7,54.81,87.74,32.69,55.03,87.74,32.69,0.53,0,104.68,9.04,4.32,12.54,5.42,15.23,163.91,15.32,163.78,14.42,1.57,4.16,-0.19,0.91,2.4,-0.09,0.85,0.83,0.31,2.04,0.1743,0.1327,0.2594,0.2172
1/11/18 0:00,Gypsum,95.66,96.43,95.21,100.06,9.17,3.75,14.69,9.14,3.75,14.69,70.97,87.67,50.84,71.65,87.67,50.84,0.38,0,73,6.31,6.76,13.62,8.56,16.48,169.97,12.7,171.76,10.85,2.99,4.94,0.96,2.34,4.08,0.84,2.73,2.67,1.94,2.4,0.1757,0.1354,0.2662,0.2177
1/12/18 0:00,Gypsum,97.35,98.33,95.44,102,-6.95,-13.35,9.86,-6.84,-13.35,9.86,74.38,93.42,55.85,72.96,93.42,55.85,0.09,1.52,111.06,9.6,6.82,14.97,8.28,16.68,329.48,22.26,329.94,22.63,0.79,4.65,-1.53,1.58,4.1,-0.18,1.89,1.94,2.81,3.21,0.1742,0.1338,0.2665,0.2185
1/13/18 0:00,Gypsum,98.55,99.15,98.16,103.48,-12.86,-17.07,-9.85,-12.81,-17.07,-9.85,62.55,74.85,49.37,61.19,74.85,49.37,0.09,0,90.78,7.84,3.53,7.76,4.25,8.62,347.29,25.32,348.34,24.98,-2.05,-1.53,-2.64,-0.8,-0.17,-1.17,-0.79,-0.58,1.13,3.17,0.1469,0.1095,0.2629,0.2182
1/14/18 0:00,Gypsum,99.08,99.46,98.65,103.97,-8.84,-10.92,-6.47,-8.91,-10.92,-6.47,61.91,72.43,49.8,60.83,72.43,49.8,0.12,0,77.98,6.74,1.95,6.78,2.28,7.55,26.44,41.43,27.75,41.16,-1.74,-0.75,-2.47,-1.04,-0.6,-1.4,-0.77,-0.66,0.58,2.72,0.1375,0.1061,0.2611,0.2175
1/15/18 0:00,Gypsum,98.13,98.73,97.55,102.86,-0.66,-6.61,5.3,-0.55,-6.61,5.3,68.98,89.63,53.98,67.37,89.63,53.98,0.18,0.25,117.47,10.15,3.05,9.17,3.79,10.68,197.97,47.89,197.42,46.71,-0.89,0.01,-1.65,-0.66,-0.2,-1,-0.38,-0.35,0.48,2.46,0.1455,0.1137,0.2601,0.217
1/16/18 0:00,Gypsum,98.98,99.69,97.9,103.77,-9.27,-16.46,2.47,-9.18,-16.46,2.47,72.07,98.95,53.16,69.52,98.95,53.16,0.07,1.02,105.27,9.1,5.95,13.15,7.1,15.05,339.6,15.03,340.26,14.82,-0.6,0.01,-2.54,-0.24,-0.14,-0.96,-0.43,-0.27,0.56,2.35,0.1556,0.121,0.2597,0.2169
1/17/18 0:00,Gypsum,99.6,99.89,99.25,104.62,-15.12,-18.35,-9.31,-14.76,-18.35,-9.31,70.52,85.43,60.32,69.07,85.43,60.32,0.06,0,140.56,12.14,2.85,8.43,3.41,9.19,322.05,66.95,319.35,69.28,-3.18,-2.08,-4.11,-1.85,-0.95,-2.53,-1.82,-1.61,0.34,2.29,0.129,0.0952,0.2586,0.2165
1/18/18 0:00,Gypsum,98.86,99.37,98.18,103.78,-8.77,-17.8,-0.49,-8.59,-17.8,-0.49,64.67,83.8,44.91,63.72,83.8,44.91,0.14,0,145.61,12.58,2.89,8.13,3.77,8.51,169.18,16.86,173.2,13.66,-3.32,-1.62,-4.83,-2.4,-1.37,-3.36,-2.21,-2,-0.07,2.09,0.123,0.0884,0.2313,0.216
1/19/18 0:00,Gypsum,97.56,98.26,96.99,102.23,0.62,-7.28,9.19,0.86,-7.28,9.19,47.37,60.61,29.95,45.28,60.61,29.95,0.38,0,130.38,11.27,4.45,10.25,5.71,11.49,184.01,14.51,185.21,11.58,-2.1,-0.58,-3.7,-1.72,-0.64,-2.67,-1.3,-1.32,-0.24,1.86,0.1284,0.0923,0.2026,0.2157
1/20/18 0:00,Gypsum,96.58,97.08,96.2,101.09,5.44,-1.22,12.06,5.57,-1.22,12.06,45.8,63.18,28.24,45.1,63.18,28.24,0.53,0,109.5,9.46,4.59,9.47,6,10.72,175.09,12.35,177.09,9.61,-0.32,0.61,-0.92,-0.44,-0.14,-0.65,-0.19,-0.25,-0.07,1.74,0.1475,0.1101,0.2088,0.2157
1/21/18 0:00,Gypsum,96.39,96.6,96.24,100.82,8.01,-1.63,16.02,8.75,-1.63,16.02,76.23,98.47,48.33,75.77,98.47,48.33,0.31,0,123.48,10.67,3.3,9,4.24,10.8,177.45,26.55,167.54,25.02,1.65,4.69,0.04,0.73,2.32,-0.15,0.96,0.8,0.05,1.73,0.1713,0.1339,0.2295,0.2157
1/22/18 0:00,Gypsum,96,96.37,95.57,100.46,5.89,-2.03,16.36,6.45,-2.03,16.36,84.21,100,46.73,83.89,100,46.73,0.2,0,125.52,10.84,2.5,9.37,3.22,10.64,209.69,56.04,211.32,64.19,1.93,5.54,-0.18,1.35,3.47,-0.09,1.63,1.49,0.96,1.84,0.1719,0.1356,0.2586,0.2155
1/23/18 0:00,Gypsum,96.05,97.2,95.29,100.57,0.99,-0.89,2.47,1.14,-0.89,2.47,85.9,99.19,65.11,84.67,99.19,65.11,0.09,1.27,24.14,2.09,6.71,16.6,8.26,19.31,289.54,45.52,289.38,45.71,0.68,1.29,0.37,0.95,1.59,0.76,1.73,1.63,1.98,2.4,0.1716,0.1356,0.2602,0.2159
1/24/18 0:00,Gypsum,97.79,98.2,97.12,102.45,-0.39,-7.41,7.5,0.07,-7.41,7.5,70.18,89.84,39.6,67.82,89.84,39.6,0.21,0,150.69,13.02,3.07,8.82,3.97,9.94,286.23,24.54,286.59,21.83,0.26,0.98,-0.06,0.62,1.08,0.3,0.88,0.88,1.57,2.63,0.1706,0.1345,0.2583,0.2161
1/25/18 0:00,Gypsum,98.06,98.44,97.61,102.69,3.55,-5.66,13.61,3.84,-5.66,13.61,56.99,89.31,21.83,55.72,89.31,21.83,0.44,0,151.21,13.06,2.61,9.55,3.39,10.31,195.05,35.29,201.26,34.19,0.64,2.31,-0.13,0.85,1.89,0.24,1.06,1.08,1.55,2.67,0.1707,0.1345,0.2575,0.2161
1/26/18 0:00,Gypsum,97.31,97.69,96.89,101.81,9.37,-0.68,19.78,9.6,-0.68,19.78,30.16,59.06,10.76,28.84,59.06,10.76,0.96,0,153.37,13.25,5.67,13.84,7.39,16.29,179.73,12.7,180.68,9.8,2.35,5.11,0.27,2.15,4.08,0.71,2.59,2.45,2.23,2.83,0.1721,0.1363,0.2581,0.2161
1/27/18 0:00,Gypsum,96.94,97.85,96.48,101.36,9.78,1.87,17.1,9.98,1.87,17.1,46.29,65.6,21.91,45.55,65.6,21.91,0.69,0,133.02,11.49,6.48,15.07,8.17,18.07,215.9,65.81,220.66,68.59,4.8,7.42,3.44,4.46,6.11,3.42,4.76,4.58,3.77,3.39,0.1742,0.1387,0.2598,0.2166
1/28/18 0:00,Gypsum,98.09,98.33,97.79,102.68,3.2,-6.68,13.81,4.24,-6.68,13.81,53.37,93.2,16.63,49.38,93.2,16.63,0.46,0,157.69,13.62,2.12,8.55,2.66,9.43,260.64,61.23,265.7,57.87,3.23,6.18,1.03,3.55,5.16,1.97,3.77,3.76,4.01,4.08,0.173,0.1376,0.2599,0.2171
1/29/18 0:00,Gypsum,98.47,99.17,98.11,103.18,-2.9,-8.56,4.29,-2.32,-8.56,4.29,70.41,87.07,54.29,67.75,87.07,54.29,0.16,0,81.66,7.06,2.95,8.7,3.67,9.58,0,70.22,8.88,67.29,1.1,2.37,0.48,1.85,2.93,1.28,2.08,2.23,3.28,4.22,0.1711,0.1365,0.2584,0.2171
1/30/18 0:00,Gypsum,98.99,99.35,98.49,103.8,-4.94,-10.51,2.65,-4.8,-10.51,2.65,61.35,80.81,35.63,60.51,80.81,35.63,0.19,0,149.72,12.94,2.19,6.43,2.81,7.37,0,92.23,5.57,90.66,0.15,1.02,-0.63,0.87,1.43,0.26,1.06,1.13,2.33,3.91,0.1701,0.1332,0.2566,0.2168
1/31/18 0:00,Gypsum,97.38,98.6,96.28,101.98,4.86,-4.86,13.34,4.9,-4.86,13.34,40.91,67.61,24.26,40.63,67.61,24.26,0.61,0,137.27,11.86,5.9,13.21,7.5,14.88,168.45,18.49,169.65,17.27,1.54,3.83,-0.09,1.62,3.34,0.48,1.86,1.86,2.27,3.58,0.1706,0.1339,0.2562,0.2161
2/1/18 0:00,Gypsum,96.72,97.21,96.16,101.2,5.49,-1.9,10.57,5.94,-1.9,10.57,53.81,71.91,34.81,52.43,71.91,34.81,0.44,0,108.23,9.35,3.13,10.47,4.07,12.64,0,62.75,0.85,57.27,3.36,5.36,1.46,3.34,4.61,2.07,3.61,3.5,3.31,3.71,0.1725,0.1379,0.2574,0.2163
2/2/18 0:00,Gypsum,98.27,99.04,97.11,102.94,-2.98,-11.86,4.63,-2.51,-11.86,4.63,48.4,73.79,26.34,45.54,73.79,26.34,0.26,0,128.25,11.08,4.27,11.8,5.25,13.5,350.93,41.51,0,31.39,2.15,3.29,0.34,2.72,3.58,1.33,2.99,3,3.58,4.1,0.1718,0.1343,0.2577,0.2165
2/3/18 0:00,Gypsum,98.42,99.04,97.51,103.21,-2.89,-12.33,5.76,-2.73,-12.33,5.76,45.23,79.48,23.47,43.32,79.48,23.47,0.35,0,159.6,13.79,3.4,11.29,4.34,13.27,168,23,166.67,18.71,0.1,1.15,-0.89,0.77,1.4,0.09,0.69,0.96,2.27,3.98,0.1691,0.1288,0.2554,0.2162
2/4/18 0:00,Gypsum,96.76,97.59,96.17,101.28,5.61,0.51,12.53,5.86,0.51,12.53,39.45,73.55,27.94,38.78,73.55,27.94,0.58,0,147.22,12.72,5.29,12.11,6.64,14.09,195.67,42.47,195.76,46.41,2.71,5.42,0.72,2.61,4.43,1.25,2.82,2.73,2.71,3.67,0.1717,0.135,0.2557,0.2156
2/5/18 0:00,Gypsum,98.09,98.65,96.8,102.83,-9.4,-16.19,3.82,-9.25,-16.19,3.82,69.41,83.65,48.56,68.12,83.65,48.56,0.1,0,92.24,7.97,5.59,13.84,6.92,15.74,350.58,40.32,351.51,39.97,0.57,2.78,-0.58,1.4,3.19,0.29,1.39,1.58,2.85,3.9,0.1699,0.1301,0.2558,0.2158
2/6/18 0:00,Gypsum,97.6,98.36,96.98,102.44,-8.87,-15.51,-0.15,-8.89,-15.51,-0.15,65.57,79.44,48.02,65.19,79.44,48.02,0.12,0,104.53,9.03,4.19,9.47,5.14,11.07,185.57,92.66,182.77,92.63,-0.81,-0.32,-1.26,-0.09,0.29,-0.27,-0.49,-0.15,1.39,3.55,0.1523,0.1171,0.2534,0.2154
2/7/18 0:00,Gypsum,98.26,98.5,97.93,103.09,-9.36,-11.06,-6.88,-9.53,-11.06,-6.88,67.38,80.24,57.34,68.19,80.24,57.34,0.1,0,57.95,5.01,3.41,7.53,4.14,8.62,19.8,25.01,20.41,24.37,-1.33,-0.73,-1.83,-0.47,-0.13,-0.69,-0.54,-0.38,0.95,3.06,0.1483,0.1125,0.2525,0.2146
2/8/18 0:00,Gypsum,98.52,98.89,98.26,103.36,-7.19,-14.22,1.64,-6.54,-14.22,1.64,66.55,87.07,40.63,66.07,87.07,40.63,0.15,0,172,14.86,1.69,7.35,2.24,7.94,285.74,82.91,301,87.86,-1.38,-0.33,-2.71,-0.75,-0.26,-1.38,-0.71,-0.59,0.65,2.72,0.1449,0.1078,0.2518,0.2141
2/9/18 0:00,Gypsum,97.74,98.41,96.95,102.4,3.6,-8.29,15.09,4.02,-8.29,15.09,48,82.67,22.7,45.81,82.67,22.7,0.57,0,154.45,13.34,3.41,12.05,4.3,13.66,185.49,37.09,183.45,32.32,-0.24,1.67,-1.64,-0.27,0.45,-0.8,-0.02,0.01,0.62,2.47,0.1556,0.118,0.2514,0.2135
2/10/18 0:00,Gypsum,97.58,98.06,96.88,102.21,-3.66,-10.12,9.39,-3.63,-10.12,9.39,65.81,84.73,36.56,66.81,84.73,36.56,0.19,0,78.05,6.74,6.3,11.33,7.65,12.74,5.62,50.68,6.78,47.06,-0.02,1,-0.56,0.25,0.66,0.01,0.76,0.74,1.26,2.46,0.1724,0.1301,0.252,0.2135
2/11/18 0:00,Gypsum,97.77,98.1,97.37,102.59,-9.63,-12.34,-6.88,-9.85,-12.34,-6.88,63.51,74.5,51.25,65.02,74.5,51.25,0.11,0,70.43,6.08,5.8,9.37,7,11.17,4.5,15.7,5.19,13.7,-1.13,-0.55,-1.68,-0.32,0.01,-0.65,-0.5,-0.33,0.82,2.46,0.1565,0.1146,0.2513,0.2131
2/12/18 0:00,Gypsum,97.83,98.41,97.53,102.63,-7.03,-12.67,2.66,-6.32,-12.67,2.66,58.62,83.78,25.16,57.23,83.78,25.16,0.19,0,185.52,16.03,2.34,7.98,2.73,8.47,289.94,53.84,306.57,49.71,-1.18,-0.21,-2.29,-0.63,-0.21,-1.17,-0.66,-0.58,0.52,2.29,0.1459,0.1077,0.2504,0.2127
2/13/18 0:00,Gypsum,98.64,99.04,98.33,103.45,-4.28,-15.37,5.49,-3.69,-15.37,5.49,54.73,84.93,27.86,53.97,84.93,27.86,0.27,0,165.43,14.29,3.78,10.54,4.36,11.98,110.89,57.65,96.22,51.68,-1.22,-0.25,-2.79,-0.71,-0.23,-1.49,-0.79,-0.62,0.4,2.15,0.141,0.1064,0.2499,0.2129
2/14/18 0:00,Gypsum,98.08,98.68,97.56,102.7,3.98,-4.92,13.95,4.06,-4.92,13.95,58.73,83.46,32.62,59.15,83.46,32.62,0.41,0,178.91,15.46,4.13,12.17,5.27,14.82,160.05,33.8,159.89,32.47,0.39,2.24,-0.72,0.06,0.78,-0.33,0.25,0.29,0.5,2.05,0.1588,0.1214,0.2496,0.2129
2/15/18 0:00,Gypsum,96.97,97.64,96.2,101.42,10.93,3.34,20.05,10.96,3.34,20.05,61.96,94.7,30.98,62.5,94.7,30.98,0.64,0,141.96,12.27,3.88,10,4.95,11.98,182.82,21.19,183.32,19.04,3.33,6.57,0.54,2.59,5.08,0.57,3,2.8,1.87,2.21,0.1755,0.1351,0.2517,0.2129
2/16/18 0:00,Gypsum,96.57,97.88,95.98,100.92,12,0.92,18.38,12.05,0.92,18.38,49.08,77.67,27.5,49.27,77.67,27.5,0.77,0,87.73,7.58,5.26,13.19,6.45,15.68,303.58,72.16,304.24,73,6.9,8.88,5.38,6.12,7.47,4.84,6.24,5.97,4.4,3.16,0.1779,0.1387,0.2554,0.2138
2/17/18 0:00,Gypsum,98.24,98.89,97.3,102.92,-1.84,-7.42,3.19,-1.9,-7.42,3.19,48.05,72.69,26.99,48.32,72.69,26.99,0.3,0,168.27,14.54,3.74,13.62,4.59,16.21,27.52,90.62,31.18,89.94,4.06,6.82,1.55,4.4,5.85,2.64,4.47,4.44,4.63,4.21,0.1753,0.1359,0.2556,0.215
2/18/18 0:00,Gypsum,97.35,97.66,96.85,101.93,4.14,-4.32,14.89,4.86,-4.32,14.89,40.32,76.94,14.47,38.14,76.94,14.47,0.59,0,198.37,17.14,3.01,10.66,3.85,12.37,221.21,77.08,217.96,77.83,3.94,7.54,1.35,4.06,6.31,2.24,4.03,4.09,4.21,4.43,0.1742,0.135,0.2548,0.215
2/19/18 0:00,Gypsum,96.43,97.55,95.44,100.89,9.37,0.06,16.76,9.39,0.06,16.76,54.51,88.02,29.63,55,88.02,29.63,0.52,0,153.83,13.29,6.86,16.25,8.68,20.03,169.67,13.37,170.7,11.9,5.25,8.24,2.42,4.93,7.1,3.05,4.76,4.81,4.48,4.57,0.1742,0.1368,0.2551,0.215
2/20/18 0:00,Gypsum,96.34,96.77,95.41,100.84,0.89,-5.13,16.71,0.75,-5.13,16.71,81.85,95.27,62.84,83.25,95.27,62.84,0.13,0.76,49.04,4.24,5.64,16.99,6.81,20.15,331.97,55.32,332.68,55.15,5.55,8.63,2.91,5.8,7.73,3.85,5.68,5.7,5.6,5.07,0.1751,0.1365,0.2569,0.2154
2/21/18 0:00,Gypsum,97.55,98.55,96.47,102.29,-6.08,-9.37,-3.17,-6.13,-9.37,-3.17,80.23,95.74,62.19,78.95,95.74,62.19,0.08,0.76,116.07,10.03,4.89,8.17,5.87,10.76,339.44,15.88,340.36,15.2,1.6,2.91,-0.07,2.52,3.85,1.35,2.68,2.85,4.18,5.2,0.1719,0.1323,0.2545,0.2154
2/22/18 0:00,Gypsum,98.8,99.19,98.44,103.64,-7.03,-12,-2.77,-7.12,-12,-2.77,70.48,94.25,50.29,69.25,94.25,50.29,0.11,1.02,102.81,8.88,4.08,8.82,5.05,8.64,19.13,24.45,20.09,24.18,-0.48,-0.02,-1.15,0.44,1.35,0.06,0.58,0.8,2.52,4.55,0.1692,0.1276,0.2518,0.2147
2/23/18 0:00,Gypsum,98.05,98.55,97.59,102.75,-1.91,-4.46,-0.28,-1.96,-4.46,-0.28,95.4,98.82,90.7,96.31,98.82,90.7,0.02,0.76,37.07,3.2,1.73,4.47,1.86,4.59,70.12,61.74,75.44,52.69,0.11,0.6,-0.23,0.67,1.01,0.46,1.06,1.13,2.05,3.85,0.1694,0.1283,0.2511,0.2136
2/24/18 0:00,Gypsum,97.89,98.22,97.39,102.55,-0.43,-3.18,1.72,-0.52,-3.18,1.72,87.65,98.68,74.09,87.9,98.68,74.09,0.07,0,131.09,11.33,2.16,6.1,2,7.02,21.3,52.68,54.28,18.64,1.92,4,0.6,1.99,3.45,1,2.07,2.06,2.33,3.55,0.1709,0.1307,0.2514,0.2133
2/25/18 0:00,Gypsum,96.82,97.48,96.39,101.42,-0.09,-2.16,2.87,0.3,-2.16,2.87,92.09,99.07,66.65,90.59,99.07,66.65,0.05,0,46.71,4.04,2.82,8.92,3.03,10.02,317.65,74.62,316.47,72.85,1.88,2.86,1.05,2.18,2.76,1.73,2.27,2.32,2.77,3.66,0.1709,0.1317,0.2518,0.2132
2/26/18 0:00,Gypsum,97.26,97.58,96.98,101.88,0.9,-7.48,10.57,1.85,-7.48,10.57,65.02,88.57,35.19,59.74,88.57,35.19,0.29,0.25,169.27,14.63,1.6,4.86,2.07,5.9,175.19,71.51,176.8,70.06,1.98,5.07,0.38,2.13,4.13,0.94,2.04,2.11,2.58,3.68,0.1705,0.1321,0.2513,0.2132
2/27/18 0:00,Gypsum,97.48,97.79,97.19,102.05,5.9,-4.58,17.57,6.44,-4.58,17.57,53.51,93.32,14.4,51.6,93.32,14.4,0.61,0,217.87,18.82,3.06,10.88,4.08,12.94,161.13,30.44,162.23,24.63,2.98,6.39,0.61,2.94,5.18,1.21,2.86,2.89,2.95,3.7,0.1712,0.1334,0.2519,0.2132
2/28/18 0:00,Gypsum,96.76,97.29,96.32,101.18,12.3,2.01,21.87,12.38,2.01,21.87,65.06,93.11,32.74,65.14,93.11,32.74,0.58,0,192.63,16.64,5.45,12.64,6.84,14.97,173.21,21.54,173.78,21.06,5.99,9.61,2.16,5.34,8.1,2.71,5.31,5.16,4.17,4.01,0.1732,0.1367,0.2537,0.213
3/1/18 0:00,Gypsum,96.42,97.05,96.11,100.8,9.54,1.32,14.55,9.48,1.32,14.55,84.97,98.62,64.46,86.49,98.62,64.46,0.17,0,85.98,7.43,4.01,11.45,4.95,12.82,20.33,75.39,26.59,76.53,8.39,10.54,6.58,7.92,9.23,7.09,7.95,7.72,6.41,4.95,0.1758,0.1399,0.2572,0.2145
3/2/18 0:00,Gypsum,97.84,98.26,96.95,102.43,3.18,-3.65,13.27,3.7,-3.65,13.27,50.9,86,13.26,47.81,86,13.26,0.49,0,226.73,19.59,2.69,7.88,3.42,9.25,335.42,65.84,346.4,70.08,5.72,9.12,3.02,6.03,8.03,4.05,6.14,6.09,6.22,5.77,0.1736,0.1383,0.2568,0.2153
3/3/18 0:00,Gypsum,97.77,98.24,97.29,102.31,8.9,-3.1,19.31,9.11,-3.1,19.31,37.46,68.82,16.96,36.01,68.82,16.96,0.86,0,222.02,19.18,4.76,12.94,6.01,16.13,161.41,17.48,158.46,15.45,5.66,9.21,2.4,5.66,8.09,3.37,5.76,5.7,5.75,5.85,0.1726,0.1383,0.256,0.2152
3/4/18 0:00,Gypsum,97.19,97.5,96.84,101.58,14.59,7.91,22.99,14.57,7.91,22.99,55.14,71.42,37.59,55.59,71.42,37.59,0.82,0,220.28,19.03,6.66,14.68,8.27,17.31,163.4,14.6,163.4,13.76,8.94,12.4,5.95,8.3,10.88,6.15,8.22,7.99,6.87,6.05,0.1751,0.1411,0.2578,0.2154
3/5/18 0:00,Gypsum,96.5,97.12,95.86,100.82,15.78,10.46,22.41,15.73,10.46,22.41,64.9,89.98,48.92,65.65,89.98,48.92,0.66,0,171.73,14.84,6.5,15.54,8,18.7,160.45,16.01,160.45,15.02,11.26,13.94,8.73,10.54,12.49,8.74,10.38,10.13,8.6,6.86,0.1772,0.1441,0.2607,0.2163
3/6/18 0:00,Gypsum,96.59,97.05,95.65,101,8.25,1.33,16.11,8.64,1.33,16.11,45.11,90.65,14.95,43.75,90.65,14.95,0.61,0,214.37,18.52,7.44,16.19,9.09,19.38,276.16,44.64,276.68,43.27,10.09,12.03,7.03,10.2,11.59,8.1,9.89,9.81,9.44,7.84,0.176,0.1443,0.262,0.2173
3/7/18 0:00,Gypsum,97.32,98.11,96.7,101.88,2.79,-2.24,6.3,2.8,-2.24,6.3,44.95,73.61,27.39,45.05,73.61,27.39,0.43,0,110.15,9.52,8.5,18.33,10.31,22.58,310.11,25.72,309.95,26.23,6.02,7.03,4.21,6.77,8.1,5.35,6.69,6.81,7.9,8.04,0.1719,0.1415,0.2592,0.2173
3/8/18 0:00,Gypsum,97.96,98.17,97.67,102.61,1.22,-6.41,11.32,1.56,-6.41,11.32,48.17,84.47,17.04,47.01,84.47,17.04,0.43,0,236.36,20.42,3.92,11.62,4.88,12.84,310.86,32.45,318.9,29.89,5.17,8.5,2.49,5.61,7.69,3.77,5.37,5.53,6.41,7.43,0.1705,0.1403,0.2568,0.2164
3/9/18 0:00,Gypsum,97.51,98.08,96.73,102.16,0.82,-11.39,13.61,1.61,-11.39,13.61,48.84,85.51,17.31,46.65,85.51,17.31,0.47,0,220.51,19.05,1.7,8.37,2.14,9.25,144.37,44.57,133.35,37.58,4.93,8.74,1.32,5.24,7.79,2.69,4.97,5.15,5.83,6.89,0.1702,0.1398,0.2557,0.2154
3/10/18 0:00,Gypsum,96.47,96.8,96.17,100.97,6.31,-6.2,21.8,7.53,-6.2,21.8,48.66,85.49,15.75,45.23,85.49,15.75,0.71,0,230.06,19.88,2.03,9.56,2.78,11.33,316.94,66.51,0,70.53,6.73,11.72,2.54,6.6,9.86,3.67,6.27,6.27,6.2,6.64,0.1722,0.1412,0.2562,0.2152
3/11/18 0:00,Gypsum,96.74,97.48,96.44,101.21,8.05,-3.78,19.56,8.51,-3.78,19.56,52.2,86.74,22.62,50.95,86.74,22.62,0.68,0,179.36,15.5,2.21,11.47,2.81,13.78,353.01,74.34,9.6,73.68,7.93,12.02,4.17,7.7,10.5,5.08,7.57,7.45,7.04,6.86,0.1731,0.1425,0.2574,0.2152
3/12/18 0:00,Gypsum,98.06,98.57,97.4,102.63,2.23,-3.25,6.5,2.09,-3.25,6.5,65.61,83.13,55.22,66.81,83.13,55.22,0.25,0,93.11,8.04,5.84,12.92,7.13,14.95,342.37,16.2,342.99,15.07,6.78,8.73,5.5,7.21,8.94,6.34,7.23,7.23,7.57,7.29,0.1717,0.1417,0.258,0.2156
3/13/18 0:00,Gypsum,98.35,98.63,98.03,103.03,0.75,-8.63,11.92,1.55,-8.63,11.92,57.02,93.53,16.97,55.22,93.53,16.97,0.39,0,244.83,21.15,1.89,7.78,2.42,8.47,337.27,54.88,340.04,41.85,5.86,10.04,2.3,6.15,8.7,3.68,5.78,5.94,6.51,7.2,0.1702,0.1402,0.2562,0.2154
3/14/18 0:00,Gypsum,98.37,98.71,98.13,103.01,2.14,-6.07,13,3.37,-6.07,13,42.68,84.57,9.14,38.63,84.57,9.14,0.52,0,251.33,21.71,1.92,8.29,2.43,9.49,323.5,66.54,344.5,56.43,6.29,10.65,2.83,6.48,9.15,4.06,6.1,6.2,6.52,7,0.1706,0.1401,0.2561,0.2151
3/15/18 0:00,Gypsum,97.47,98.24,96.7,102.03,8.07,-7.61,20.79,8.53,-7.61,20.79,33.02,66.29,14.42,30.57,66.29,14.42,0.97,0,238.6,20.62,4.05,12.05,5.04,13.78,181.18,27.23,180.97,22.34,6.75,11.16,2.26,6.64,9.6,3.59,6.18,6.28,6.45,6.95,0.1705,0.1395,0.2557,0.2148
3/16/18 0:00,Gypsum,96.1,96.78,95.57,100.42,16.55,7.92,25.67,16.54,7.92,25.67,34.21,49.68,22.07,34.05,49.68,22.07,1.34,0,233.93,20.21,5.78,12.39,7.2,15.13,167.31,16.55,168.68,15.43,10.49,14.26,6.92,9.72,12.41,7.25,9.38,9.13,7.95,7.19,0.1731,0.1418,0.258,0.2144
3/17/18 0:00,Gypsum,95.73,96.82,95.25,100.01,13.26,2.33,20.72,13.1,2.33,20.72,58.4,82.58,32.6,58.83,82.58,32.6,0.72,0,197.35,17.05,8.44,18.35,10.1,20.56,208.71,65.87,207.51,64.6,12.1,14.5,9.55,11.6,13.07,10.37,11.17,11.02,9.82,8.11,0.1748,0.1426,0.261,0.2159
3/18/18 0:00,Gypsum,97.1,97.37,96.7,101.62,5.13,-2.23,12.33,5.14,-2.23,12.33,63.41,89.69,40.11,64.13,89.69,40.11,0.36,0,225.05,19.44,3.46,9.6,4.34,11.27,349.14,39.23,353.35,40.72,10.08,14.12,7.77,10.14,12.46,8.42,9.86,9.81,9.66,8.81,0.1727,0.1406,0.2605,0.2166
3/19/18 0:00,Gypsum,96.71,97.32,95.97,101.23,5.24,-5.53,14.42,5.51,-5.53,14.42,73.78,96.04,41.8,74.7,96.04,41.8,0.32,0.25,121,10.45,3.11,9.53,3.81,10.6,85.81,55.29,84.35,44.16,8.5,10.97,5.84,8.76,10.25,7.02,8.56,8.71,9.03,8.92,0.1711,0.1383,0.2593,0.2166
3/20/18 0:00,Gypsum,96.42,97.16,95.63,100.9,4.55,2.94,6.91,4.44,2.94,6.91,89.4,98.01,78.79,89.3,98.01,78.79,0.09,17.27,43.62,3.77,6.34,12.19,7.92,14.56,352.13,36.16,352.84,36.42,7.12,8.97,6.06,7.7,9.34,6.73,7.74,7.83,8.56,8.79,0.1696,0.1468,0.2584,0.2161
3/21/18 0:00,Gypsum,97.22,97.45,97.03,101.76,3.89,-2.5,10.65,4,-2.5,10.65,78.08,95.19,44.58,76.4,95.19,44.58,0.21,0,145.57,12.58,3.92,9.66,4.67,10.02,311.92,40.68,318.3,31.49,6.6,9.11,5.03,6.9,8.49,5.97,6.7,6.82,7.48,8.34,0.1687,0.1613,0.2565,0.2153
3/22/18 0:00,Gypsum,97.67,97.94,97.38,102.24,5.53,-3.84,16.14,5.71,-3.84,16.14,68.63,96.38,29.78,67.41,96.38,29.78,0.41,0,258.58,22.34,1.46,6.04,1.81,6.59,151.44,47.11,149.98,52.98,7.42,12.95,3.09,7.33,10.87,4.21,7.35,7.22,7.27,7.93,0.1698,0.1679,0.256,0.2147
3/23/18 0:00,Gypsum,97.46,97.76,97.12,101.88,13.67,5.64,22.04,13.88,5.64,22.04,49.96,75.77,29.98,47.65,75.77,29.98,0.88,0,251.25,21.71,3.33,12.25,4.16,15.11,169.43,25.65,163.41,27.28,10.06,14.52,6.83,9.61,12.49,7.24,10.22,9.74,8.76,8.07,0.1726,0.1731,0.2584,0.2149
3/24/18 0:00,Gypsum,96.43,97.21,95.73,100.76,16.46,9.8,24.6,16.59,9.8,24.6,65.98,92.75,50.31,64.5,92.75,50.31,0.7,0,193.91,16.75,4.1,12.86,5.11,13.94,131.59,42.66,132.21,39.64,12.14,15.04,9.25,11.55,13.73,9.49,12.05,11.6,10.28,8.76,0.174,0.1761,0.2606,0.2154
3/25/18 0:00,Gypsum,96.93,97.56,95.86,101.33,8.61,3.07,12.97,8.46,3.07,12.97,73.51,98.34,53.09,74.28,98.34,53.09,0.3,0,113.89,9.84,5.19,11.21,6.34,13.68,349.23,36.04,350.14,34.18,10.98,13.07,8.68,11.24,12.94,9.59,11.52,11.37,11.05,9.58,0.1735,0.1759,0.2615,0.2165
3/26/18 0:00,Gypsum,97.03,97.35,96.72,101.54,6.96,2.47,14.14,6.66,2.47,14.14,70.86,88.28,48.28,71.22,88.28,48.28,0.32,0,201.21,17.38,4.62,12.07,5.44,13.13,97.95,19.58,99.52,18.19,9.82,13.47,7.39,9.92,12.23,8.12,10.23,10.04,10,9.7,0.1724,0.1743,0.2594,0.2163
3/27/18 0:00,Gypsum,96.71,97.27,96.4,101.16,7.27,5.56,9.73,7.11,5.56,9.73,95.55,100,71.83,96.3,100,71.83,0.04,1.02,30.96,2.67,3.65,9.86,4.43,10.45,14.59,49.53,15.41,49.8,9.43,10.16,8.68,9.7,10.37,9.17,9.77,9.79,10,9.67,0.1719,0.1735,0.2591,0.2159
3/28/18 0:00,Gypsum,97.49,97.85,97.17,102.02,5.87,-0.07,10.12,6.01,-0.07,10.12,79.17,96.11,52.75,78.16,96.11,52.75,0.22,0,110.67,9.56,2.8,7.86,3.44,9.25,7.9,52.73,17.15,50.24,8.57,10.34,7.32,8.84,9.88,7.97,8.78,8.84,9.22,9.49,0.1715,0.1722,0.2578,0.2156
3/29/18 0:00,Gypsum,96.84,97.32,96.46,101.33,7.44,-0.14,15.68,7.76,-0.14,15.68,79.12,99.76,46.91,78.16,99.76,46.91,0.29,0,158.23,13.67,1.27,6.02,1.59,5.94,178.75,72.01,167.07,78.12,9.39,13.12,6.22,9.26,11.81,7.06,9.38,9.22,9.07,9.22,0.1725,0.1714,0.2572,0.215
3/30/18 0:00,Gypsum,97.34,98.02,96.8,101.85,5.31,-1.16,10.78,5.43,-1.16,10.78,77.27,92.88,49.7,76.43,92.88,49.7,0.22,0,116.58,10.07,3.49,10.84,4.35,11.84,354.74,47.87,0,43.76,8.56,10.34,7.2,8.92,9.88,8.21,9.06,9.06,9.37,9.29,0.172,0.17,0.2573,0.2152
3/31/18 0:00,Gypsum,97.78,98.29,96.96,102.34,7.26,-5.32,17.56,7.56,-5.32,17.56,56.61,94.62,22.69,55.52,94.62,22.69,0.63,0,270.03,23.33,2.85,10.94,3.51,12.92,179.49,38.13,180.58,42.65,9.11,14.21,4.48,8.98,12.16,5.76,9,8.84,8.83,9.11,0.1722,0.1688,0.256,0.2146
4/1/18 0:00,Gypsum,97.48,98.18,96.76,101.93,8.7,0.45,14.76,8.4,0.45,14.76,49.94,69.24,35.59,50.47,69.24,35.59,0.58,0,240.92,20.82,6.58,13.7,7.99,15.25,2.64,81.1,4.59,81.26,10.45,13.53,7.99,10.45,12.36,9.14,10.6,10.36,9.98,9.26,0.1731,0.1696,0.2572,0.2146
4/2/18 0:00,Gypsum,97.94,98.23,97.46,102.62,-2.3,-4.05,1,-2.48,-4.05,1,65.59,87.76,36.21,66.29,87.76,36.21,0.18,0,48.38,4.18,4.55,10.23,5.49,11.66,41.21,36.57,42.14,36.58,5.74,7.99,4.58,6.82,9.14,5.58,6.83,7.17,8.68,9.41,0.169,0.1653,0.2545,0.2148
4/3/18 0:00,Gypsum,96.42,97.55,95.47,101.01,1.34,-3.65,10.27,1.2,-3.65,10.27,79.74,95.44,54.93,80.91,95.44,54.93,0.16,0,132.72,11.47,3.39,8.98,4.14,9.68,135.68,31.22,136.18,30.38,5.68,8.35,3.82,6.03,7.77,4.77,6,6.15,7.03,8.58,0.1687,0.1626,0.2517,0.2136
4/4/18 0:00,Gypsum,96.86,98.15,95.32,101.4,2.9,-5.39,8.99,2.87,-5.39,8.99,68.16,98.89,26.57,67.78,98.89,26.57,0.26,0,191.99,16.59,6.72,16.03,8.36,19.01,348.25,32.08,349.4,32.23,6.27,8.34,4.12,6.67,7.81,5.51,6.68,6.7,7.25,8.12,0.1691,0.1635,0.2516,0.2129
4/5/18 0:00,Gypsum,97.89,98.49,97.21,102.55,1.96,-10.24,11.92,2.27,-10.24,11.92,48.48,86.36,21.7,46.53,86.36,21.7,0.49,0,269.97,23.33,3.57,12.07,4.49,13.11,163.1,67.53,161.78,73.46,6.1,10.82,1.77,6.2,9.15,3.22,6.07,6.11,6.66,7.83,0.1684,0.1674,0.2502,0.2123
4/6/18 0:00,Gypsum,97.01,97.3,96.71,101.42,13.35,4.82,22.9,13.46,4.82,22.9,33.85,53.46,19.1,32.68,53.46,19.1,1.11,0,284.01,24.54,3.65,11.72,4.53,14.01,235.65,90.92,230.94,92.17,10.79,16.76,6.32,9.94,13.89,6.78,10.08,9.53,8.3,7.83,0.1719,0.1688,0.2523,0.2122
4/7/18 0:00,Gypsum,97.65,98.28,97.07,102.21,0.48,-7.62,8.19,0.36,-7.62,8.19,58.29,88.73,39.41,58.51,88.73,39.41,0.3,0,142.43,12.31,7.13,15.78,8.63,17.72,11.7,18.9,12.68,18.19,8.06,10.77,5.07,8.76,11.17,6.32,8.79,8.89,9.32,8.66,0.1693,0.1663,0.2533,0.2133
4/8/18 0:00,Gypsum,97.88,98.31,97.23,102.61,-2.38,-10.65,6.15,-2.17,-10.65,6.15,54.32,81.18,25.01,51.95,81.18,25.01,0.29,0,299.57,25.88,1.86,6.9,2.38,7.35,354.15,86.48,10.09,83.23,7.05,12.32,3.31,7.22,10.44,4.63,6.8,6.92,7.58,8.5,0.1677,0.1642,0.2502,0.2128
4/9/18 0:00,Gypsum,96.67,97.34,96.22,101.22,3.67,-0.48,10.25,3.85,-0.48,10.25,70.5,94.02,43.36,69.13,94.02,43.36,0.24,0.76,91.93,7.94,3.61,10.29,4.58,11.6,165.29,27.56,165.91,21.71,6.1,7.71,5.12,6.59,7.49,5.92,6.54,6.7,7.49,8.24,0.1674,0.1624,0.2499,0.2122
4/10/18 0:00,Gypsum,97.75,98.39,96.78,102.31,4.36,-4.72,12.33,4.52,-4.72,12.33,63.76,87.53,37.82,62.74,87.53,37.82,0.35,0,219.16,18.94,3.5,9.68,4.28,10.45,337.94,37.14,342.9,30.56,7.27,10.89,4.76,7.27,9.71,5.46,7.21,7.12,7.26,7.93,0.1681,0.1617,0.2493,0.2117
4/11/18 0:00,Gypsum,97.72,98.38,96.88,102.27,8.83,-6.67,23.8,9.59,-6.67,23.8,56.07,91.27,22.34,54.48,91.27,22.34,0.81,0,272.29,23.53,3.72,13.66,4.69,15.86,185.91,44.67,181.71,47.45,8.49,13.55,3.63,8.13,11.59,4.8,7.97,7.87,7.61,7.91,0.1684,0.161,0.2495,0.2116
4/12/18 0:00,Gypsum,96.43,97.09,95.9,100.74,18.63,8.78,28.3,18.72,8.78,28.3,41.83,59.05,23.15,40.87,59.05,23.15,1.41,0,201.54,17.41,5.12,13.96,6.48,15.54,181.6,16.99,182.58,14.28,11.94,15.74,8.48,11.13,13.85,8.74,11.19,10.78,9.43,8.34,0.1705,0.1614,0.2519,0.2116
4/13/18 0:00,Gypsum,95.44,96.09,94.74,99.63,22,8.04,30.96,22.05,8.04,30.96,50.78,89.16,28.93,50.14,89.16,28.93,1.51,0,265.57,22.95,5.19,15.07,6.49,17.89,160.72,36.96,159.46,37.95,15.39,19.23,11.17,14.21,16.97,11.38,14.26,13.69,11.59,9.33,0.1723,0.1618,0.2548,0.2127
4/14/18 0:00,Gypsum,95.18,96.07,94.6,99.37,16.31,2.06,23.92,16.08,2.06,23.92,63.17,80.1,34.61,63.47,80.1,34.61,0.76,0,254.88,22.02,6.81,15.41,8.29,17.89,246.52,50.11,244.84,48.78,17.2,20.96,13.41,16.42,18.6,14.49,16.27,15.78,13.85,10.71,0.1727,0.1608,0.2577,0.2143
4/15/18 0:00,Gypsum,96.54,97.37,95.81,101.09,-0.41,-2.5,2.67,-0.53,-2.5,2.67,82.86,97.67,65.82,81.09,97.67,65.82,0.1,0,101.98,8.81,9.33,16.76,11.2,20.38,308.95,20.76,308.4,21.27,9.02,13.42,5.59,10.46,14.49,7.38,10.59,10.76,12.29,11.59,0.1655,0.1526,0.2544,0.2152
4/16/18 0:00,Gypsum,97.62,97.9,97.23,102.28,-1.7,-6.94,4.76,-1.56,-6.94,4.76,68.49,91.07,48.75,68.54,91.07,48.75,0.18,0,155.14,13.4,5.85,12.62,7.14,15.25,320.24,23.39,323.32,17.4,5.45,7.45,4.12,6.58,7.6,5.72,6.83,7.02,8.96,10.59,0.1618,0.1478,0.2489,0.2133
4/17/18 0:00,Gypsum,97.53,98.03,96.93,102.14,4.45,-6.87,16.34,4.73,-6.87,16.34,56.2,91.68,19.99,54.93,91.68,19.99,0.53,0,314.89,27.21,1.94,7.86,2.53,7.57,76.18,83.55,62.78,84.04,8.43,14.51,3.09,8.15,12.37,4.48,7.91,7.82,8.09,9.36,0.1633,0.1479,0.2474,0.2117
4/18/18 0:00,Gypsum,96.02,96.99,95.09,100.38,15.31,4.02,27.76,15.4,4.02,27.76,42.43,61.32,19.64,41.24,61.32,19.64,1.23,0,310.82,26.85,5.09,21.97,6.23,24.01,107.51,35.94,109.12,35,12.18,17.34,7.25,11.37,14.97,8,11.15,10.81,9.8,9.31,0.1657,0.1491,0.2498,0.2112
4/19/18 0:00,Gypsum,97.26,98.19,95.69,101.68,8.35,-1.82,13.68,8.37,-1.82,13.68,51.55,82.21,29.32,51.39,82.21,29.32,0.57,0,295.53,25.53,6.64,17.23,8.14,18.87,320.94,23.41,325.96,17.37,12.58,15.63,9.86,12.47,14.26,10.97,12.21,12,11.4,10.07,0.1653,0.1472,0.2517,0.2117
4/20/18 0:00,Gypsum,98.42,98.81,98.1,103,6.02,-3.57,15.67,6.49,-3.57,15.67,56.21,89.14,24.44,54.16,89.14,24.44,0.52,0,323.56,27.96,2.45,8.68,3.19,9.13,65.43,83.31,54.94,80.96,12.01,17.71,7.36,11.77,15.48,8.56,11.22,11.2,10.96,10.44,0.1635,0.1441,0.2503,0.212
4/21/18 0:00,Gypsum,98.03,98.4,97.55,102.54,10.24,-1.48,18.17,10.65,-1.48,18.17,47.14,86.81,23.58,44.97,86.81,23.58,0.8,0,223.27,19.29,3.91,12.27,4.99,13.39,112.77,45.5,111.55,33.77,11.94,15.51,8.64,11.81,13.92,9.61,11.38,11.4,11.2,10.63,0.1628,0.1417,0.2501,0.2118
4/22/18 0:00,Gypsum,97.77,97.98,97.61,102.26,7.46,6.44,11.74,7.51,6.44,11.74,89.09,98.18,35.95,88.59,98.18,35.95,0.12,14.48,39.03,3.37,2.84,7.1,3.85,8.21,43.26,45.49,46.05,45.59,10.39,12.17,9.19,10.85,12.4,9.82,10.71,10.84,11.16,10.8,0.1617,0.1396,0.2496,0.2115
4/23/18 0:00,Gypsum,97.59,97.77,97.45,102.06,10.44,5.83,16.17,10.58,5.83,16.17,69.96,93.72,44.64,68.08,93.72,44.64,0.44,0,121.32,10.48,3.6,8.47,4.52,9.96,342.11,22.19,345.22,16.54,10.34,12.15,8.46,10.37,11.61,9.04,10.06,10.12,10.29,10.56,0.1628,0.1406,0.248,0.2111
4/24/18 0:00,Gypsum,97.48,97.75,97.19,101.89,13.2,1.94,23.24,14.08,1.94,23.24,58.08,97.03,22.08,52.7,97.03,22.08,0.88,0,324.72,28.06,1.2,6.23,1.48,6.43,327.91,82.66,350.92,69.13,13.53,19.64,8.02,12.84,17.22,8.87,13.12,12.51,11.24,10.46,0.1683,0.144,0.2492,0.2108
4/25/18 0:00,Gypsum,97.67,97.98,97.37,102.1,11.35,2.41,24.06,11.63,2.41,24.06,73.47,96.49,22.41,72.77,96.49,22.41,0.5,3.81,203,17.54,3.4,11.9,4.03,13.62,304.11,58.36,302.9,56.22,13.47,17.19,10.08,13.38,15.63,10.96,13.71,13.31,12.68,11.14,0.1696,0.1453,0.2507,0.2113
4/26/18 0:00,Gypsum,97.7,97.97,97.23,102.19,7.05,1.86,9.19,7.27,1.86,9.19,93.52,98.92,81.8,93.08,98.92,81.8,0.07,13.72,58.6,5.06,3.74,10.17,4.57,11.27,325.84,45.32,327.69,41.16,10.65,12.16,8.98,11.18,12.83,9.97,11.07,11.21,11.9,11.5,0.2748,0.2668,0.2489,0.2113
4/27/18 0:00,Gypsum,97.23,97.58,97.03,101.7,10.89,0.53,21.8,11.35,0.53,21.8,67.48,100,30.69,66.03,100,30.69,0.61,0,293.38,25.35,2.18,9.02,2.75,10.09,293.75,87.27,283.18,84.22,12.04,17.21,7.23,11.69,15.41,8.25,11.44,11.25,10.96,11.05,0.3032,0.2783,0.2472,0.2104
4/28/18 0:00,Gypsum,97.25,97.62,96.8,101.66,13.74,0.26,25.6,15.12,0.26,25.6,52.54,95.44,17.69,43.23,95.44,17.69,1.04,0,336.41,29.07,2.61,8.74,3.14,10.86,246.88,66.19,256.86,63.33,13.66,18.65,8.87,13.27,16.67,9.92,13.72,13.15,12.31,11.2,0.2929,0.2671,0.249,0.2105
4/29/18 0:00,Gypsum,97.46,97.74,97.19,101.86,13.21,3.62,21.91,13.98,3.62,21.91,51.12,83.36,20.73,45.82,83.36,20.73,0.87,0,334.81,28.93,2.43,6.76,3.42,8.23,68.39,57.39,66.14,45.47,14.88,19.84,10.57,14.53,17.82,11.48,15.04,14.49,13.51,11.77,0.2837,0.2581,0.2503,0.2106
4/30/18 0:00,Gypsum,97.16,97.58,96.74,101.51,18.07,9.86,27.96,18.32,9.86,27.96,50.88,74.11,32.11,48.67,74.11,32.11,1.15,0,254.5,21.99,5.29,12.92,6.76,15.58,145.45,18.21,145.74,16.64,15.46,19.5,12.21,15.09,17.64,12.75,15.46,15.02,14.09,12.36,0.2743,0.2494,0.2506,0.211
5/1/18 0:00,Gypsum,96.55,96.9,96.22,100.78,22.23,17.57,28.03,22.29,17.57,28.03,51.17,64.18,26.92,50.85,64.18,26.92,1.37,0,295.17,25.5,8.26,16.07,10.49,20.36,172.49,13.68,173.71,11.06,17.9,21.17,15.09,17.21,19.5,15.2,17.67,17.05,15.39,12.93,0.266,0.2415,0.2522,0.2112
5/2/18 0:00,Gypsum,96.27,96.49,95.98,100.47,22.27,19.38,26.81,22.35,19.38,26.81,69.56,80.15,57.92,69.43,80.15,57.92,0.84,0,172.14,14.87,7.16,14.52,9.05,18.07,174.99,15.63,175.73,13.22,18.99,21.54,17.24,18.39,20.01,17.14,18.7,18.2,16.6,13.8,0.2562,0.2328,0.2538,0.2119
5/3/18 0:00,Gypsum,96.53,96.8,96.21,100.73,21.3,14.76,28.09,21.47,14.76,28.09,79.98,97.91,54.55,79.39,97.91,54.55,0.59,13.72,110.38,9.54,4.39,16.42,5.6,20.25,174.95,46.4,173.93,45.78,19.28,21.77,17.28,18.93,20.41,17.68,19.15,18.78,17.44,14.61,0.2488,0.2308,0.2549,0.2124
5/4/18 0:00,Gypsum,96.44,97.08,96.11,100.71,18.87,13.07,28.16,19.12,13.07,28.16,79.52,99.29,28.94,78.24,99.29,28.94,0.58,2.54,274.04,23.68,3.5,14.94,4.59,18.78,216.74,84.3,207.35,87.96,19,22.52,16.19,18.6,21.05,16.55,18.37,18.13,17.18,15.09,0.2641,0.2685,0.2544,0.2125
5/5/18 0:00,Gypsum,97.53,97.77,97,101.87,16.92,10.14,25.2,17.41,10.14,25.2,63.24,91.26,25.03,58.43,91.26,25.03,0.88,0,339.35,29.32,1.94,7.23,2.47,8.55,288.38,65.1,278.22,62.13,19.59,24.58,15.26,19.18,22.62,16.01,19.23,18.73,17.6,15.39,0.2688,0.27,0.2552,0.2123
5/6/18 0:00,Gypsum,97.41,97.69,97.09,101.74,19.28,8.67,29.28,20.28,8.67,29.28,52.83,91.68,17.01,46.13,91.68,17.01,1.34,0,323.27,27.93,2.12,7.06,2.79,8.64,201.36,63.2,209.47,49.09,19.69,24.35,15.68,19.4,22.44,16.52,20,19.37,18.27,15.84,0.2698,0.2619,0.2568,0.2125
5/7/18 0:00,Gypsum,97.4,97.6,97.22,101.67,21.91,13.21,31.3,22.36,13.21,31.3,46.33,80.67,18.96,42.6,80.67,18.96,1.61,0,296.65,25.63,2.12,9.23,2.81,10.25,0,85.74,8.13,85.06,20.85,25.49,16.72,20.41,23.56,17.4,21.25,20.49,19.09,16.31,0.2667,0.25,0.2586,0.2125
5/8/18 0:00,Gypsum,97.4,97.79,96.91,101.68,21.1,10.07,30.88,21.91,10.07,30.88,56.43,91.26,23.94,51.47,91.26,23.94,1.37,0,334.33,28.89,2.23,7.37,3.1,9.21,128.15,57.61,102.17,66.04,21.34,25.94,17.23,20.97,24.01,18.06,21.59,20.93,19.65,16.83,0.2604,0.2366,0.2598,0.2127
5/9/18 0:00,Gypsum,96.56,96.97,96.29,100.77,22.87,17.44,28.63,23.61,17.44,28.63,56.85,79.56,36.35,52.67,79.56,36.35,1.26,0,161.9,13.99,3.08,9.21,4.28,11.19,189.88,53.57,189.85,55.14,20.81,22.73,19.1,20.7,21.87,19.58,21.12,20.71,19.86,17.31,0.2527,0.223,0.26,0.2126
5/10/18 0:00,Gypsum,96.77,96.98,96.54,101.01,22.15,11.27,31.21,22.81,11.27,31.21,56.16,97.6,24.08,52.55,97.6,24.08,1.44,0,334.48,28.9,1.92,7.23,2.34,9.39,271.75,85.09,285.04,70.92,22.2,27.48,17.61,21.63,25.25,18.36,22.19,21.43,19.98,17.46,0.2468,0.2106,0.2602,0.212
5/11/18 0:00,Gypsum,96.64,96.94,96.19,100.84,24.13,13.68,31.48,24.33,13.68,31.48,55.42,90.66,32.69,54.07,90.66,32.69,1.51,0,329.11,28.43,2.91,9.56,3.95,12.27,157.97,51.4,153.9,53.25,23.82,28.55,19.65,23.18,26.39,20.29,23.79,23.15,21.29,18.01,0.2431,0.2034,0.2626,0.2117
5/12/18 0:00,Gypsum,96.09,96.34,95.87,100.25,25.39,19.58,32.69,25.47,19.58,32.69,53.44,75.9,32.76,52.78,75.9,32.76,1.62,0,291.1,25.15,4.19,11.54,5.48,12.37,166.16,27.28,166.05,24.3,24.09,27.39,21.13,23.59,25.74,21.53,24.02,23.55,21.97,18.72,0.2412,0.2003,0.264,0.2117
5/13/18 0:00,Gypsum,96.56,97.01,96.25,100.74,23.27,14.42,31.68,23.23,14.42,31.68,64.79,87.96,40.03,64.47,87.96,40.03,1.15,0,307.53,26.57,3.47,7.9,4.54,10.47,166.27,91.2,163.48,90.81,24.78,28.99,21.53,24.23,26.96,21.9,24.58,24.12,22.44,19.22,0.239,0.1972,0.2651,0.2115
5/14/18 0:00,Gypsum,96.82,97.11,96.5,101.08,21.52,12.62,31.41,21.57,12.62,31.41,73.44,97.3,45.22,73.62,97.3,45.22,0.9,0,259.73,22.44,1.93,12.96,2.66,14.78,293.71,88.8,305.28,95.54,24.21,29.11,20.65,23.78,26.92,21.35,23.88,23.57,22.32,19.62,0.2358,0.1915,0.2649,0.2109
5/15/18 0:00,Gypsum,96.74,97.06,96.4,100.95,22,15.84,30.07,21.97,15.84,30.07,73.73,94.3,51.14,74.05,94.3,51.14,0.8,0,239.46,20.69,2.79,8.51,3.62,10.37,0,61.22,0.66,60.37,24.76,28.45,21.94,24.38,26.66,22.45,24.54,24.18,22.81,19.9,0.2343,0.1868,0.2657,0.211
5/16/18 0:00,Gypsum,97.09,97.31,96.75,101.33,20.98,13.83,27.4,21.15,13.83,27.4,69.89,95.11,42.55,69.78,95.11,42.55,0.86,0,264.72,22.87,2.33,7.9,2.91,8.41,343.35,50.76,349.7,38.13,24.53,28.24,21.98,24.28,26.52,22.43,24.39,24.1,22.92,20.2,0.2313,0.1815,0.2658,0.2108
5/17/18 0:00,Gypsum,97.07,97.31,96.84,101.35,20.47,10.74,29.6,20.98,10.74,29.6,65.37,96.79,27.64,64.59,96.79,27.64,1.12,0,320.97,27.73,0.94,6.51,1.42,7.1,63.79,88.76,22.05,87.05,24.58,29.97,19.95,24.16,27.84,20.93,24.16,23.86,22.67,20.31,0.2276,0.1758,0.2651,0.2098
5/18/18 0:00,Gypsum,96.89,97.2,96.55,101.13,22.36,11.22,31.75,22.63,11.22,31.75,57.06,94.77,25.96,56.28,94.77,25.96,1.48,0,342.72,29.61,2.08,9.66,2.72,10.64,134.69,48.8,130.65,49.02,25.42,30.62,20.55,24.91,28.45,21.52,25.04,24.64,23.21,20.5,0.2242,0.1704,0.2656,0.2085
5/19/18 0:00,Gypsum,96.63,96.85,96.37,100.84,22.94,15.3,30.36,22.72,15.3,30.36,58.68,97.85,26.78,59.48,97.85,26.78,1.33,5.59,269.43,23.28,4.44,15.66,5.3,19.84,115.91,36.87,116.71,35.91,24.59,27.59,21.92,24.41,26.27,22.58,24.58,24.35,23.38,20.85,0.2185,0.1637,0.2651,0.2073
5/20/18 0:00,Gypsum,96.79,97.29,96.46,101.03,20.82,14.89,27.12,20.78,14.89,27.12,76.23,98.89,42.67,75.66,98.89,42.67,0.71,7.62,288.94,24.96,2.35,8.08,2.98,8.39,316.93,70.77,318.67,70.99,24.38,28.89,20.87,24.15,27.06,21.65,23.99,23.78,22.94,20.86,0.2145,0.1603,0.2638,0.2057
5/21/18 0:00,Gypsum,97.39,97.56,97.16,101.73,15.64,13.54,20.18,15.5,13.54,20.18,84.09,92.81,62.21,85.08,92.81,62.21,0.3,0,108.29,9.36,3.08,6.94,3.73,8.04,325.79,18.25,326.61,17.33,20.5,22.56,19.28,21.16,23.61,20.11,20.82,21,21.65,20.71,0.2091,0.1562,0.2612,0.2049
5/22/18 0:00,Gypsum,97.29,97.6,96.93,101.62,18.88,13.27,27.13,18.78,13.27,27.13,69.91,90.25,38.97,70.1,90.25,38.97,0.79,0,313.43,27.08,1.88,6.37,2.42,6.96,230.79,86.14,228.16,86.08,22.34,28.04,18.13,21.98,25.87,18.88,22.58,21.98,20.98,19.93,0.2091,0.1565,0.2596,0.2027
5/23/18 0:00,Gypsum,97.06,97.27,96.87,101.28,24.57,17.52,32.63,24.45,17.52,32.63,62.7,87.96,33.1,62.93,87.96,33.1,1.35,0,335.41,28.98,3.36,9.68,4.33,10.78,160.86,22.42,160.5,21.29,24.25,29.43,19.92,23.79,27.35,20.62,24.77,24,22.41,20.04,0.2082,0.1576,0.2613,0.2014
5/24/18 0:00,Gypsum,97.18,97.44,97,101.37,25.89,19.12,33.64,25.78,19.12,33.64,62.8,93.32,30.54,63.08,93.32,30.54,1.46,0,311.38,26.9,3.86,10.86,4.88,11.88,155.67,22.81,155.29,21.1,25.34,29.38,21.71,24.89,27.66,22.27,25.72,25.05,23.43,20.58,0.2051,0.1566,0.2618,0.2001
5/25/18 0:00,Gypsum,97.14,97.37,96.88,101.34,24.39,16.98,31.84,24.29,16.98,31.84,64.68,91.94,32.63,64.95,91.94,32.63,1.2,0,288.46,24.92,3.41,11.88,4.22,13.84,157.77,36.17,156.85,34.12,25.43,28.92,22.1,25.12,27.47,22.79,25.77,25.26,23.86,21.08,0.2008,0.1544,0.2607,0.1984
5/26/18 0:00,Gypsum,96.73,97.17,96.45,100.92,24.71,17.11,33.1,24.81,17.11,33.1,65.41,91.87,36.06,64.06,91.87,36.06,1.31,5.59,326.33,28.19,2.18,8.47,2.96,10.35,188.6,48.23,188.07,48.86,26.01,31.11,21.51,25.54,28.94,22.3,26.31,25.67,24.12,21.38,0.1972,0.1525,0.2596,0.1963
5/27/18 0:00,Gypsum,96.54,96.73,96.34,100.69,27.11,16.38,36.99,27.18,16.38,36.99,60.35,98.01,16.53,59.88,98.01,16.53,1.87,0,353.18,30.51,1.94,7.19,2.69,8.72,186.06,32.73,186.3,29.21,26.99,32.51,21.96,26.43,30.19,22.82,27.42,26.59,24.8,21.73,0.1936,0.1509,0.2591,0.1937
5/28/18 0:00,Gypsum,96.7,96.95,96.48,100.84,27.63,17.91,36.8,27.71,17.91,36.8,56.5,92.78,18.89,55.69,92.78,18.89,1.95,0,342.17,29.56,3.43,10.6,4.48,12.15,168.09,28.36,169.58,29.33,27.05,31.27,23.27,26.7,29.51,24.06,27.56,26.92,25.39,22.22,0.1872,0.1472,0.2578,0.1904
5/29/18 0:00,Gypsum,96.81,97.08,96.58,100.97,26.56,19.32,34.44,26.72,19.32,34.44,59.26,93.32,27.04,58,93.32,27.04,1.66,0,326.16,28.18,3.1,9.53,4.07,11.68,154.28,52.09,151.47,53.65,27.33,31.68,23.64,26.95,29.76,24.32,27.56,27.05,25.55,22.56,0.1803,0.1426,0.2557,0.1865
5/30/18 0:00,Gypsum,96.59,97.12,96.06,100.79,21.8,16.14,30.27,21.73,16.14,30.27,74.32,100,46.16,73.34,100,46.16,0.79,20.83,245.99,21.25,2.46,18.29,3.26,22.72,56.3,79.82,57.26,80.08,25.79,29.95,22.51,25.86,28.21,23.48,25.93,25.62,25.25,22.82,0.1786,0.1571,0.253,0.1933
5/31/18 0:00,Gypsum,96.31,96.5,96.06,100.52,23.15,14.22,31.89,23.25,14.22,31.89,70.78,100,30.4,67.56,100,30.4,1.11,0.25,357.29,30.87,1.55,10.05,2.17,10.58,251.71,55.37,249.81,59.04,25.33,30.12,20.77,25.01,28.44,21.7,24.77,24.53,23.9,22.5,0.2286,0.2483,0.2501,0.225
6/1/18 0:00,Gypsum,96.45,96.66,96.1,100.61,25.3,19.65,32.09,25.42,19.65,32.09,67.03,95.4,34.71,64.78,95.4,34.71,1.23,0,315.21,27.23,1.37,7.12,1.96,7.15,194.54,59.76,194.24,60.67,26.68,31.36,23.1,26.28,29.49,23.64,26.86,26.23,24.84,22.43,0.2269,0.239,0.2507,0.2181
6/2/18 0:00,Gypsum,96.42,96.74,96.06,100.56,27.38,18.79,33.84,27.56,18.79,33.84,75.06,96.42,53.84,73.61,96.42,53.84,1.06,0,332.71,28.75,3.91,12.33,5.19,13.9,144.92,20.29,146.17,15.83,26.93,30.22,23.47,26.67,29.05,24.14,27.53,26.91,25.58,22.81,0.2178,0.2272,0.2508,0.2135
6/3/18 0:00,Gypsum,97.1,97.66,96.06,101.3,22.67,13.83,28.89,22.76,13.83,28.89,63.86,89.2,27.59,61.84,89.2,27.59,1.13,0.25,319.29,27.59,4.05,13.94,5.48,17.84,346.62,67.73,347.95,66.11,26.37,29.75,23.68,26.49,28.65,24.72,26.68,26.33,25.69,23.17,0.2058,0.2141,0.2497,0.2096
6/4/18 0:00,Gypsum,97.66,97.94,97.38,101.95,21.53,10.47,30.67,22.02,10.47,30.67,53.64,96.93,17.47,50.11,96.93,17.47,1.57,0,366.53,31.67,0.85,5.88,1.34,7.02,136.95,77.88,128.97,80.65,25.89,31.26,21.02,25.77,29.45,22.25,25.88,25.51,24.8,23.01,0.1935,0.2011,0.2468,0.2053
6/5/18 0:00,Gypsum,97.22,97.64,96.84,101.46,22.92,17.32,30.51,23.19,17.32,30.51,54.45,87.74,26.37,51.4,87.74,26.37,1.41,0,268.95,23.24,2.64,10,3.6,11.6,152.77,33.74,153.33,32.07,25.06,28.33,22.88,25.24,27.32,23.61,25.53,25.28,24.79,22.96,0.181,0.1879,0.2455,0.2013
6/6/18 0:00,Gypsum,96.71,96.94,96.45,100.89,25.78,17.19,33.84,25.75,17.19,33.84,63.3,87.42,38.42,62.45,87.42,38.42,1.42,0,354.58,30.64,2.46,7.55,3.36,8.37,163.86,23.69,163.42,21.8,26.76,31.63,22.31,26.31,29.74,23.1,26.84,26.3,24.93,22.83,0.1731,0.175,0.2442,0.1963
6/7/18 0:00,Gypsum,96.69,96.93,96.49,100.83,27.56,18.37,35.59,27.72,18.37,35.59,65.11,98.78,29.93,63.68,98.78,29.93,1.56,0,337.36,29.15,2.49,8.7,3.52,9.23,156.38,26.52,156.2,24.5,28.11,32.22,24.41,27.65,30.42,25.02,28.16,27.61,26.05,23.21,0.1665,0.1613,0.2441,0.1913
6/8/18 0:00,Gypsum,96.99,97.29,96.72,101.19,23.92,19.17,29.96,24.13,19.17,29.96,72.94,94.92,45.37,70.33,94.92,45.37,0.89,11.18,213.42,18.44,2,17.54,2.83,22.74,137.79,49.5,140.97,50.12,26.2,29.11,23.79,26.32,27.96,24.6,26.36,26.22,25.79,23.63,0.1598,0.1519,0.242,0.1878
6/9/18 0:00,Gypsum,97.05,97.32,96.82,101.24,26.24,18.11,33.57,26.4,18.11,33.57,65.71,97.64,37.81,63.91,97.64,37.81,1.41,0,349.1,30.16,2.12,7.82,3.03,9.31,160.99,34.86,159.89,34.82,26.98,31.6,23.1,26.68,29.84,23.82,27.25,26.68,25.46,23.44,0.1607,0.1489,0.24,0.1839
6/10/18 0:00,Gypsum,96.83,97.37,96.47,100.97,28.51,21.8,35.66,28.67,21.8,35.66,60.12,93.09,32.69,58.72,93.09,32.69,1.79,0,329.04,28.43,3.84,10.25,5.21,12.7,155.69,39.06,156.22,37.36,27.3,31.12,24.14,27.14,29.81,24.79,28.16,27.43,26.16,23.64,0.1604,0.1442,0.239,0.1795
6/11/18 0:00,Gypsum,96.22,96.6,95.88,100.31,30.49,23.69,38.08,30.6,23.69,38.08,49.43,68.16,23.2,48.48,68.16,23.2,2.4,0,346.91,29.97,5.25,11.92,6.9,14.11,173.13,19.05,172.86,16.95,28.11,31.96,24.59,27.84,30.53,25.26,28.88,28.13,26.65,23.9,0.1578,0.1378,0.237,0.1736
6/12/18 0:00,Gypsum,96.16,96.69,95.96,100.24,30.42,24.27,36.94,30.55,24.27,36.94,53.38,74.58,31.89,52.26,74.58,31.89,2.21,0,342.57,29.6,3.9,10.21,5.29,12.05,185.64,52.87,185.1,52.1,29.53,33.63,26.05,29.05,31.9,26.48,30,29.21,27.39,24.27,0.1543,0.1317,0.2349,0.167
6/13/18 0:00,Gypsum,96.76,96.98,96.51,100.9,27.47,19.86,34.92,27.51,19.86,34.92,66.91,94.39,33.76,66.12,94.39,33.76,1.41,0,301.14,26.02,1.87,8.94,2.84,10.88,70.19,89.53,66.98,93.16,29.59,33.88,26.06,29.21,31.96,26.69,29.86,29.25,27.77,24.73,0.1496,0.1255,0.2322,0.1611
6/14/18 0:00,Gypsum,97.09,97.42,96.76,101.24,26.85,23.2,31.41,26.92,23.2,31.41,68.79,80.56,57.79,68.11,80.56,57.79,1.12,0,193.11,16.68,3.27,10.05,4.79,12.17,93.1,38.3,94.4,38.05,28.42,30.13,26.81,28.38,29.39,27.26,28.71,28.38,27.59,25.02,0.1453,0.1199,0.2295,0.1568
6/15/18 0:00,Gypsum,96.61,96.9,96.29,100.71,31.01,23.35,38.34,31.09,23.35,38.34,50.03,86.37,22.05,49.15,86.37,22.05,2.57,0,347.45,30.02,4.64,11.7,6.13,14.01,173.37,20.15,173.95,17.7,29.55,33.68,26.13,29.07,31.96,26.59,29.72,29.09,27.48,24.94,0.1445,0.1168,0.2261,0.1515
6/16/18 0:00,Gypsum,96.44,96.66,96.19,100.52,31.45,26.35,38.22,31.29,26.35,38.22,42.94,58.46,25.15,42.73,58.46,25.15,2.79,0,345.09,29.82,5.89,12.64,7.5,14.92,171.46,18.97,171.87,16.98,30.18,34.17,26.85,29.71,32.43,27.28,30.52,29.88,28.17,25.21,0.1425,0.112,0.2239,0.1448
6/17/18 0:00,Gypsum,96.52,96.69,96.38,100.6,30.42,26.08,36.94,30.31,26.08,36.94,49.26,61.9,29.39,49.31,61.9,29.39,2.32,0,289.57,25.02,5.66,12.5,7.14,15.17,171.38,19.29,172.03,17.1,30.11,33.55,27.38,29.77,31.88,27.76,30.51,29.98,28.49,25.55,0.1395,0.1072,0.221,0.1395
6/18/18 0:00,Gypsum,96.74,96.95,96.55,100.84,30.31,24.93,36.53,30.19,24.93,36.53,50.73,69.51,30,50.97,69.51,30,2.27,0,321.29,27.76,5.28,11.62,6.71,15.35,169.72,17.35,170.57,15.17,30.39,34.2,27.22,29.93,32.45,27.65,30.73,30.14,28.55,25.74,0.1373,0.1036,0.2183,0.1353
6/19/18 0:00,Gypsum,96.9,97.1,96.67,101.02,28.23,23.6,36.26,28.21,23.6,36.26,64.41,91.45,36.73,63.9,91.45,36.73,1.49,19.05,230.85,19.95,3.99,13.39,5.15,16.46,173.34,46,174.15,45.16,29.57,33.89,26.77,29.47,32.22,27.6,30.05,29.6,28.63,25.94,0.1342,0.1058,0.2159,0.1321
6/20/18 0:00,Gypsum,96.81,97.05,96.38,100.96,27.11,19.91,34.18,27.05,19.91,34.18,68.24,93.77,44.17,67.26,93.77,44.17,1.25,0.25,208.26,17.99,3.29,11.15,4.32,16.17,170.14,58.16,171.05,56.96,27.39,30.73,25.53,27.58,29.64,26.18,27.65,27.56,27.36,25.8,0.1311,0.1201,0.2128,0.1309
6/21/18 0:00,Gypsum,96.77,97.07,96.49,100.98,22.53,17.72,30.5,22.43,17.72,30.5,75.73,99.19,38.9,75.05,99.19,38.9,0.82,21.59,275.45,23.8,2.41,13.92,3.54,16.27,307.92,44.73,309.5,44.29,26.44,30.61,23.47,26.51,29.24,24.24,26.01,25.89,26.11,25.22,0.1447,0.2684,0.2106,0.131
6/22/18 0:00,Gypsum,96.79,96.98,96.59,101.02,21.33,16.24,27.89,21.47,16.24,27.89,67.04,90.65,38.78,65.31,90.65,38.78,0.95,0,268.42,23.19,4.08,12.45,5.94,16.25,303.66,29.85,306.28,30.33,24.56,26.54,22.66,25.09,26.43,23.68,24.62,24.59,25.2,24.68,0.158,0.2492,0.209,0.1302
6/23/18 0:00,Gypsum,96.71,96.96,95.69,100.96,19.72,16.78,24.86,19.61,16.78,24.86,78.76,96.42,55.02,78.71,96.42,55.02,0.53,6.86,224.72,19.42,2.42,17.01,3.46,19.95,335.3,60.8,336.46,59.07,24.29,28.14,22.33,24.47,26.89,22.99,24.36,24.17,24.35,23.99,0.1615,0.2332,0.2075,0.1292
6/24/18 0:00,Gypsum,96.49,96.67,96.29,100.7,23.27,14.69,30.94,23.37,14.69,30.94,71.69,99.7,38.15,70.35,99.7,38.15,1.01,0.25,347.58,30.03,1.4,5.82,2.05,7.04,209.9,61.73,207.61,63.96,25.83,30.75,21.6,25.58,29.1,22.42,25.67,25.28,24.61,23.58,0.1647,0.2252,0.2082,0.1288
6/25/18 0:00,Gypsum,96.59,97.01,96.16,100.77,23.86,19.65,28.81,24.15,19.65,28.81,73.33,93.02,50.49,70.57,93.02,50.49,0.85,0.25,175.48,15.16,1.94,8.15,2.7,8.88,157.53,59.94,153.74,60.78,25.34,27.64,24.03,25.49,26.84,24.57,25.5,25.4,25.15,23.79,0.1651,0.2173,0.2093,0.1292
6/26/18 0:00,Gypsum,96.78,97.01,96.44,101.01,22.3,17.05,28.35,22.36,17.05,28.35,74.97,99.15,41.06,72.26,99.15,41.06,0.8,20.32,318.19,27.49,3.22,10.25,4.23,11.9,252.44,44.28,250.37,42.83,24.99,28.21,22.31,25.06,27.29,23,24.76,24.67,24.58,23.66,0.2891,0.3057,0.2085,0.1293
6/27/18 0:00,Gypsum,96.69,96.98,96.38,100.88,25.03,18.52,33.37,24.91,18.52,33.37,75.72,96.69,44.41,73.7,96.69,44.41,0.92,4.32,274.42,23.71,1.42,7.66,2.28,8.45,0,94.43,0,98.47,26.3,30.21,23.08,26,28.74,23.66,25.92,25.64,24.93,23.57,0.3032,0.3056,0.2095,0.1292
6/28/18 0:00,Gypsum,96.5,96.66,96.32,100.61,29.23,20.46,NaN,29.28,20.46,NaN,69.08,100,42.66,65.94,100,42.66,1.52,0,350.7,30.3,1.54,7.39,2.45,8.92,163.64,42.07,158.77,47.09,28.38,32.69,24.59,27.89,30.82,25.1,28.18,27.74,26.31,23.94,0.2883,0.2871,0.2125,0.1298
6/29/18 0:00,Gypsum,96.47,96.63,96.32,100.54,31.46,24.36,38.82,31.76,24.36,38.82,53.65,80.05,28.38,50.45,80.05,28.38,2.36,0,357.93,30.92,3.69,10.66,5.18,13.68,183.19,20.83,183.06,17.75,28.64,32.17,25.81,28.5,30.93,26.33,29.09,28.64,27.39,24.64,0.2552,0.2572,0.2148,0.1308
6/30/18 0:00,Gypsum,96.48,96.66,96.29,100.56,30.8,26.14,38.55,30.92,26.14,38.55,54.02,72.2,30.4,52.46,72.2,30.4,2.18,0,359.72,31.08,5.4,11.82,7.2,14.62,171.22,20.29,171.34,17.71,28.63,31.74,25.91,28.56,30.71,26.54,29.24,28.75,27.7,25.11,0.2143,0.2185,0.2156,0.1313
7/1/18 0:00,Gypsum,96.54,96.95,96.29,100.64,28.99,23.49,34.92,29.13,23.49,34.92,58.14,71.66,37.61,56.87,71.66,37.61,1.77,0,277.3,23.96,3.76,12.68,5.07,16.41,173.38,33.1,173.55,33.4,28.87,32.3,26.52,28.77,30.71,27,29.21,28.82,27.82,25.37,0.1812,0.1814,0.2159,0.1315
7/2/18 0:00,Gypsum,96.99,97.26,96.64,101.19,23.64,19.46,37.54,23.69,19.46,37.54,70.95,97.16,35.32,67.4,97.16,35.32,1,2.79,328.01,28.34,1.52,10.51,2.46,15.93,309.69,61.22,317.98,64.84,28.46,32.96,25.2,28.33,31.08,25.99,28.18,27.97,27.4,25.46,0.1648,0.1562,0.215,0.1313
7/3/18 0:00,Gypsum,97.09,97.34,96.77,101.28,26.89,17.19,34.51,27.15,17.19,34.51,67.17,92.88,34.85,64.73,92.88,34.85,1.36,0,346.64,29.95,2.49,8.15,3.62,10.19,143.98,25.83,142.29,20.81,28.29,32.62,24.28,28.12,30.98,25.28,28.38,28.01,27.16,25.36,0.157,0.1392,0.2143,0.1311
7/4/18 0:00,Gypsum,96.92,97.21,96.72,101.03,30.58,23.08,38.35,30.72,23.08,38.35,56.78,92.89,22.05,55.55,92.89,22.05,2.22,0,342.99,29.63,3.55,9.78,4.99,12.27,151.02,21.22,151.95,18.9,29.52,33.4,26.32,29.2,31.84,26.88,29.88,29.33,27.9,25.49,0.1512,0.1256,0.2146,0.1304
7/5/18 0:00,Gypsum,97.46,97.91,97.13,101.6,29.38,22.81,36.6,29.46,22.81,36.6,59.84,86.68,33.64,58.7,86.68,33.64,1.82,0,344.42,29.76,2.99,9.82,4.18,13.33,153.54,19.53,153.35,17.26,30.21,34.5,26.85,29.86,32.67,27.43,30.52,30.01,28.49,25.83,0.1459,0.1163,0.2141,0.1296
7/6/18 0:00,Gypsum,98.18,98.39,97.84,102.38,26.89,22,34.98,27.03,22,34.98,70.71,93.83,41.25,69.17,93.83,41.25,1.14,0,295.59,25.54,1.72,7.51,2.89,10.27,34.95,58.23,35.78,58,30.46,34.73,27.11,30.12,32.76,27.75,30.6,30.16,28.79,26.16,0.1417,0.1105,0.2129,0.1288
7/7/18 0:00,Gypsum,98.19,98.47,97.87,102.41,25.66,21.26,32.96,25.71,21.26,32.96,76.13,96.46,30.48,74.7,96.46,30.48,0.88,0,244.29,21.11,1.03,9.86,1.97,15.93,22.44,40.03,23.29,42.07,29.79,33.27,27.48,29.64,31.61,27.96,29.93,29.64,28.69,26.38,0.1386,0.1067,0.2109,0.128
7/8/18 0:00,Gypsum,97.79,98.03,97.45,101.99,27.24,19.19,35.12,27.33,19.19,35.12,62.29,97.3,31.62,60.82,97.3,31.62,1.65,0,334.53,28.9,1.84,6.25,2.82,7.72,129.79,34.95,126.77,42.55,30.15,34.96,26.1,29.8,33.05,26.94,30.2,29.79,28.53,26.34,0.1371,0.1041,0.2086,0.1267
7/9/18 0:00,Gypsum,97.63,97.82,97.42,101.82,27.04,16.04,35.52,27.14,16.04,35.52,50.99,88.9,23.6,49.07,88.9,23.6,2.06,0,353.89,30.58,1.79,8.43,2.68,9.45,150.99,41.44,152.5,45.21,30.4,35.61,25.9,30.07,33.46,26.91,30.45,30.07,28.8,26.45,0.1351,0.1013,0.2069,0.125
7/10/18 0:00,Gypsum,97.73,97.96,97.54,101.92,27.81,18.79,36.46,28.03,18.79,36.46,50.9,83.96,22.66,48.81,83.96,22.66,2.15,0,354.89,30.66,1.33,6.15,2.08,6.66,167.11,35.11,168.31,35.27,31.05,36.6,26.41,30.59,34.21,27.31,30.93,30.52,29.08,26.61,0.1335,0.099,0.2052,0.1236
7/11/18 0:00,Gypsum,97.5,97.76,97.13,101.66,29.02,19.26,37,29.14,19.26,37,55.01,88.67,31.95,53.18,88.67,31.95,2.11,0,310.23,26.8,1.44,9.49,2.11,9.53,159.49,36.68,161.54,39.38,31.38,36.05,27.11,30.94,34.02,27.94,31.35,30.92,29.46,26.85,0.132,0.0972,0.2035,0.1224
7/12/18 0:00,Gypsum,97.24,97.46,96.96,101.36,30.68,23.28,37.88,30.47,23.28,37.88,52,81.83,29.93,52.09,81.83,29.93,2.36,0,318.52,27.52,2.63,9.88,3.43,11.15,161.24,19.46,161.65,17.18,32,36.06,28.26,31.5,34.21,28.85,32.03,31.55,29.91,27.12,0.1309,0.0961,0.202,0.1212
7/13/18 0:00,Gypsum,97.23,97.4,96.97,101.34,31.04,22.95,38.42,30.92,22.95,38.42,50.19,81.96,26.83,49.97,81.96,26.83,2.51,0,295.35,25.52,2.98,9.29,3.9,10.62,163.2,21.27,162.32,18.41,32.12,36.64,28.4,31.68,34.4,29.05,32.19,31.74,30.2,27.41,0.1293,0.0944,0.2004,0.1204
7/14/18 0:00,Gypsum,97.22,97.37,96.93,101.35,27.84,22.41,38.41,27.74,22.41,38.41,66.97,97.54,30.94,66.46,97.54,30.94,1.51,11.18,238.71,20.62,2.54,9.29,3.41,10.51,172.52,65.33,173.53,65.09,31.33,36.79,28.56,31.22,34.42,29.3,31.53,31.23,30.22,27.63,0.1266,0.0925,0.1983,0.1195
7/15/18 0:00,Gypsum,97.23,97.43,96.97,101.4,26.96,22.41,33.23,26.89,22.41,33.23,74.83,98.35,43.33,73.68,98.35,43.33,1.06,0,296.91,25.65,0.58,4.1,1.04,4.31,83.11,57.55,78.76,65.25,30.51,34.94,27.25,30.3,33,27.97,30.2,30.05,29.34,27.54,0.1245,0.0932,0.1954,0.1189
7/16/18 0:00,Gypsum,97.13,97.3,96.93,101.28,26.04,22.14,35.39,26.04,22.14,35.39,78.79,97.07,43.47,77.4,97.07,43.47,0.86,1.02,199.35,17.22,1.53,12.5,2.21,15.78,140.7,73.75,143.78,74.84,29.39,33.94,27.06,29.55,32.19,27.84,29.41,29.36,29.02,27.36,0.1255,0.0949,0.1945,0.1186
7/17/18 0:00,Gypsum,97.27,97.45,97.06,101.46,26.72,22,33.17,26.81,22,33.17,75.46,97.47,43.8,72.92,97.47,43.8,1.02,1.02,246.48,21.3,1.18,5.04,1.69,5.92,149.39,67.12,147.68,70.97,28.92,32.77,26.26,28.85,31.32,26.94,28.85,28.71,28.22,27.02,0.1262,0.0953,0.1929,0.1182
7/18/18 0:00,Gypsum,97.26,97.63,97.06,101.45,24.53,21.26,31.75,24.39,21.26,31.75,85.68,98.89,56.53,84.19,98.89,56.53,0.51,17.53,186.4,16.11,1.51,7.31,2.31,9.09,71.96,77.28,79.42,78.55,27.72,30.41,25.21,27.98,29.71,26.05,27.85,27.87,27.82,26.75,0.1273,0.1379,0.1921,0.1177
7/19/18 0:00,Gypsum,97.02,97.32,96.72,101.2,25.84,20.52,32.56,25.7,20.52,32.56,81.13,99.77,51.95,80.25,99.77,51.95,0.76,0,255.76,22.1,0.8,6.68,1.48,7.31,45.13,47.61,42.08,52.47,28.6,31.93,25.76,28.42,30.84,26.25,28.16,28.08,27.51,26.4,0.1357,0.1663,0.1915,0.1171
7/20/18 0:00,Gypsum,96.68,96.93,96.48,100.81,27.37,22.2,35.72,27.44,22.2,35.72,74.5,98.35,39.97,70.93,98.35,39.97,1.08,2.54,236.66,20.45,1.2,9.94,1.96,12.13,171.42,71.31,156.59,77.15,28.84,31.6,26.4,28.75,30.27,26.88,28.43,28.37,27.8,26.38,0.1415,0.1571,0.1921,0.1171
7/21/18 0:00,Gypsum,96.81,97.24,96.62,100.94,27.8,21.19,35.25,27.9,21.19,35.25,66.31,95.99,28.86,62.59,95.99,28.86,1.49,0,311.68,26.93,1.84,8.23,2.87,13.07,63.73,49.95,65.41,46.74,29.19,33.13,26.14,29.01,31.66,26.67,28.79,28.67,27.89,26.38,0.145,0.1461,0.1925,0.1171
7/22/18 0:00,Gypsum,97.2,97.4,97.03,101.38,26,18.79,33.3,26.28,18.79,33.3,66.89,95.81,31.01,63.84,95.81,31.01,1.34,0,339.45,29.33,1.06,6.35,1.94,6.55,37.21,49.76,42.64,43.89,29.35,33.99,25.55,29.14,32.35,26.31,29,28.8,28.05,26.46,0.1453,0.1291,0.193,0.1172
7/23/18 0:00,Gypsum,97.16,97.4,96.93,101.35,25.4,19.52,33.3,25.61,19.52,33.3,64.49,94.2,31.35,61.64,94.2,31.35,1.35,0,278.81,24.09,1.48,6.45,2.35,7.33,69.05,48.38,69.13,44.81,28.87,33.27,25.94,28.82,31.66,26.58,28.87,28.69,28.07,26.53,0.1421,0.1121,0.1932,0.1172
7/24/18 0:00,Gypsum,97.41,97.63,97.19,101.61,25.53,19.59,32.63,25.62,19.59,32.63,68.02,94.72,42.93,65.89,94.72,42.93,1.21,0,308.21,26.63,1.05,5.47,1.95,8.09,9.82,48.65,10.98,44.47,29.6,34.43,25.96,29.31,32.45,26.71,29.38,29.09,28.16,26.49,0.1384,0.1019,0.1934,0.117
7/25/18 0:00,Gypsum,97.64,97.85,97.45,101.85,25.29,17.66,33.43,25.66,17.66,33.43,61.9,96.42,17.07,58.86,96.42,17.07,1.5,0,336.62,29.08,0.86,4.35,1.73,6,7.02,57.24,8.22,44.83,30.11,35.47,26.17,29.81,33.22,26.99,29.8,29.51,28.5,26.6,0.1347,0.0967,0.1936,0.1169
7/26/18 0:00,Gypsum,97.38,97.69,97.05,101.6,24.56,15.84,33.43,24.91,15.84,33.43,64.15,88.24,36.87,60.36,88.24,36.87,1.28,0,248.39,21.46,2.24,9.11,3.22,13.56,128.3,56.37,134.72,54.57,28.55,32.66,25.12,28.65,30.88,26.27,28.56,28.5,28.15,26.67,0.1299,0.0923,0.1921,0.1164
7/27/18 0:00,Gypsum,97.52,97.67,97.35,101.75,23.27,17.39,29.55,23.43,17.39,29.55,65.37,92.35,28.19,62.97,92.35,28.19,1.1,0,249.33,21.54,1.64,6.29,2.49,8.19,56.59,59.93,58.81,64.41,28.35,32.62,25.93,28.33,30.95,26.59,28.46,28.3,27.75,26.47,0.1282,0.0906,0.1905,0.1158
7/28/18 0:00,Gypsum,97.54,97.79,97.29,101.8,23.5,13.09,33.1,23.87,13.09,33.1,58.08,93.74,28.45,54.52,93.74,28.45,1.54,0,312.83,27.03,1.04,7,1.52,7.23,164.41,59.95,158.29,73.76,28.63,34.34,23.81,28.4,32.12,25.05,28.35,28.16,27.49,26.26,0.1267,0.089,0.1889,0.1152
7/29/18 0:00,Gypsum,97.29,97.52,97.05,101.49,25.97,19.32,33.57,26.02,19.32,33.57,57.76,81.44,35.05,56.01,81.44,35.05,1.55,0,306.58,26.49,1.28,8.29,2.13,7.13,67.25,75.64,68.6,77.64,29.69,34.88,25.62,29.29,32.58,26.46,29.38,29.06,27.99,26.27,0.1268,0.0887,0.1888,0.1146
7/30/18 0:00,Gypsum,97.32,97.53,97.01,101.55,22.49,18.29,27.54,22.32,18.29,27.54,81.34,97.44,58.51,80.94,97.44,58.51,0.56,3.56,175.98,15.2,1.55,9.19,2.42,13.47,0,57.9,0,55.7,27.56,29.72,25.94,27.87,29.46,26.81,27.83,27.86,27.81,26.45,0.1241,0.0866,0.1874,0.1146
7/31/18 0:00,Gypsum,97.45,97.66,97.27,101.72,19.91,17.05,26.27,19.89,17.05,26.27,88.11,98.92,50.71,87.71,98.92,50.71,0.33,17.27,184.77,15.96,1.21,7.17,1.89,10.94,11.34,63.19,11.05,63.47,25.67,29.17,23.17,26.04,27.9,24.22,25.79,25.84,26.36,26,0.1211,0.092,0.1845,0.118
8/1/18 0:00,Gypsum,97.53,97.73,97.3,101.81,20.94,14.82,28.47,21.09,14.82,28.47,75.64,98.08,38.77,73.34,98.08,38.77,0.77,0.25,313.32,27.07,1.14,4.68,1.94,6.37,319.17,50.52,322.19,55.03,25.94,30.3,22.29,25.96,28.77,23.38,25.4,25.46,25.55,25.34,0.1218,0.0946,0.1829,0.1188
8/2/18 0:00,Gypsum,97.31,97.5,97.09,101.57,22.69,14.02,31.14,23.05,14.02,31.14,66.44,98.21,34.11,63.01,98.21,34.11,1.18,0,336.44,29.07,1.36,5.59,2.05,6.64,201.43,38.93,196.73,38.02,26.19,30.98,21.87,26.12,29.33,23.07,25.78,25.69,25.51,25.01,0.124,0.0943,0.1829,0.1183
8/3/18 0:00,Gypsum,97.19,97.38,97,101.4,24.98,15.63,33.23,25.2,15.63,33.23,59.76,92.21,29.93,57.2,92.21,29.93,1.53,0,329.4,28.46,2.02,6.8,2.85,7.88,188.38,36.33,184.3,29.64,27.01,31.76,22.84,26.84,30,23.9,26.71,26.47,25.95,24.94,0.1268,0.0944,0.1839,0.1186
8/4/18 0:00,Gypsum,97.06,97.3,96.77,101.23,27.57,20.46,35.39,27.57,20.46,35.39,48.98,73.61,30,48.05,73.61,30,2.08,0,326.42,28.2,4.44,11.25,5.93,13.25,168.91,20.32,169.76,17.63,27.6,31.92,24.01,27.4,30.21,24.87,27.5,27.17,26.43,25.07,0.1289,0.0934,0.185,0.1188
8/5/18 0:00,Gypsum,96.92,97.13,96.74,101.08,26.87,19.98,33.64,26.94,19.98,33.64,54.97,84.94,37.74,53.91,84.94,37.74,1.72,1.02,217.21,18.77,3.85,10,5.14,12.03,172.32,21.11,173.22,18.31,26.77,29.36,24.84,26.87,28.38,25.57,27.03,26.89,26.5,25.25,0.1281,0.091,0.1854,0.1188
8/6/18 0:00,Gypsum,97.05,97.24,96.88,101.18,29.91,23.49,37,29.87,23.49,37,44.89,58.69,29.06,44.21,58.69,29.06,2.47,0,301.57,26.06,4.44,11.43,5.94,13.82,175.45,18.97,176.23,15.77,28.11,32.4,24.34,27.7,30.59,25.07,27.95,27.54,26.56,25.18,0.1285,0.0902,0.1854,0.1185
8/7/18 0:00,Gypsum,97.14,97.4,96.92,101.29,27.22,21.53,35.59,27.6,21.53,35.59,63.35,90.59,29.33,60.06,90.59,29.33,1.52,0,218.44,18.87,1.77,8.53,2.62,11.11,193.44,67.54,182.53,73.68,28.83,32.7,26.08,28.51,30.82,26.54,28.66,28.34,27.28,25.44,0.1283,0.0894,0.1863,0.1184
8/8/18 0:00,Gypsum,97.18,97.4,96.96,101.37,24.39,18.72,31.68,24.58,18.72,31.68,73.61,95.75,39.16,70.98,95.75,39.16,0.96,7.37,296.83,25.65,1.13,10.41,1.81,12.07,342.53,78.03,0,78.92,28.24,32.34,24.99,28.11,30.56,25.88,27.94,27.82,27.26,25.69,0.1269,0.0883,0.1859,0.1184
8/9/18 0:00,Gypsum,97.13,97.37,96.92,101.34,24.75,17.19,34.85,25.05,17.19,34.85,71.7,99.09,27.44,70.1,99.09,27.44,1.15,0,276.4,23.88,1.02,6.74,1.55,8.47,182.19,57.94,179.17,61.73,27.8,32.74,24.03,27.66,30.76,25,27.5,27.34,26.83,25.64,0.1269,0.0887,0.1851,0.1181
8/10/18 0:00,Gypsum,97.17,97.32,97,101.36,25.47,17.59,35.93,25.77,17.59,35.93,71.81,96.16,30,68.72,96.16,30,1.15,2.79,305.44,26.39,1.12,7.96,1.76,11.56,174.56,61.97,166.86,60.92,28.29,34.02,24.25,28.05,31.53,25.23,28.01,27.77,27.05,25.62,0.1282,0.0894,0.1856,0.1178
8/11/18 0:00,Gypsum,97.25,97.4,97.09,101.44,24.91,17.59,34.85,24.97,17.59,34.85,72.42,99.22,33.84,69.72,99.22,33.84,1.12,0,294.43,25.44,1.15,5.53,2.09,7.23,352.49,56.14,341.3,57.18,28.01,32.6,24.31,27.89,30.7,25.29,27.76,27.62,27.07,25.7,0.1283,0.0891,0.1858,0.1175
8/12/18 0:00,Gypsum,97.35,97.61,97.16,101.58,23.81,14.3,34.78,24.31,14.3,34.78,66.75,99.39,27.51,62.23,99.39,27.51,1.35,0,279.66,24.16,0.71,5.37,1.27,7.23,7.16,71.09,0.85,62.18,27.29,32.1,22.94,27.24,30.29,24.25,27.16,26.99,26.68,25.64,0.1277,0.0881,0.1852,0.117
8/13/18 0:00,Gypsum,97.34,97.57,97.14,101.55,24.71,15.23,35.86,25.11,15.23,35.86,66.49,94.37,27.24,61.65,94.37,27.24,1.36,0,242.61,20.96,1.17,7.98,1.77,9.43,167.83,50.39,157.99,50.73,27.38,32.25,23.48,27.28,30.2,24.59,27.18,27.02,26.59,25.5,0.1271,0.0875,0.1849,0.1163
8/14/18 0:00,Gypsum,97.13,97.34,96.9,101.34,22.85,19.12,30.51,22.75,19.12,30.51,88.11,100,60.14,86.81,100,60.14,0.38,42.42,118.51,10.24,1.75,10.29,2.47,12.5,121.98,45.48,127.95,41.41,25.83,28.34,24.42,26.17,27.54,24.98,26.12,26.09,26.31,25.46,0.1363,0.1378,0.1844,0.1216
8/15/18 0:00,Gypsum,96.74,96.95,96.54,100.94,23.36,20.59,33.18,22.93,20.59,33.18,86.99,99.83,58.17,86.11,99.83,58.17,0.42,4.06,179.54,15.51,1.41,5.76,1.98,7.12,197.51,76.51,198.89,77.89,25.8,28.42,24.05,25.78,27.52,24.48,25.62,25.61,25.45,25.08,0.2735,0.3297,0.1846,0.138
8/16/18 0:00,Gypsum,96.88,97.08,96.71,101.08,23.48,19.33,31.85,23.3,19.33,31.85,82.78,100,54.66,81.56,100,54.66,0.57,0,186.36,16.1,1.53,5.92,2.48,7.51,327.12,46.92,329.68,43.67,25.85,28.06,24.58,25.94,27.34,25.01,25.84,25.83,25.63,24.92,0.281,0.3099,0.187,0.134
8/17/18 0:00,Gypsum,97.07,97.4,96.87,101.27,24.31,17.84,32.63,24.44,17.84,32.63,80.82,98.48,49.8,79.72,98.48,49.8,0.76,5.84,269.52,23.29,1,6.76,1.68,10.33,99.63,56.33,112.3,62.04,26.58,30.35,23.49,26.37,28.88,24.17,26.13,26.06,25.63,24.83,0.2676,0.2986,0.1889,0.1319
8/18/18 0:00,Gypsum,97.38,97.55,97.22,101.6,24.06,18.45,30.16,24.25,18.45,30.16,78.14,99.92,48.6,76.35,99.92,48.6,0.8,0.25,291.34,25.17,1.17,5.39,1.98,6.88,11.52,57.31,0,59.87,27.21,30.34,24.7,27.06,29.07,25.26,26.85,26.8,26.23,24.99,0.2651,0.3081,0.1915,0.1308
8/19/18 0:00,Gypsum,97.24,97.54,96.87,101.45,24.3,17.99,31.15,24.73,17.99,31.15,78.61,99.22,43.34,74.52,99.22,43.34,0.79,0,240.62,20.79,0.65,5.98,1.16,6.66,143.23,44.31,148.63,58.23,26.78,29.83,24.14,26.73,28.52,24.88,26.35,26.39,26.16,25.17,0.2554,0.2927,0.1927,0.1302
8/20/18 0:00,Gypsum,96.66,96.95,96.43,100.87,20.71,17.78,23.76,20.86,17.78,23.76,91.8,98.65,76.81,90.54,98.65,76.81,0.21,39.88,73.6,6.36,1.45,6.98,2.44,9.27,330.29,73.65,346.17,81.72,24.68,26.33,23.26,25.17,26.77,24.01,24.78,24.98,25.55,25.15,0.3188,0.3452,0.2384,0.132
8/21/18 0:00,Gypsum,96.95,97.4,96.59,101.22,20.37,17.64,25.67,20.2,17.64,25.67,81.22,97.78,57.92,80.84,97.78,57.92,0.49,1.02,158.26,13.67,3.44,8.88,5.28,11.58,304.26,22.43,306.76,20.41,23.16,24.44,22.3,23.61,24.32,23,23.3,23.49,24.18,24.55,0.3324,0.3518,0.3283,0.138
8/22/18 0:00,Gypsum,97.69,98.02,97.35,101.98,20.41,15.36,27.62,20.16,15.36,27.62,80.7,97.2,53.47,80.87,97.2,53.47,0.53,0,230.53,19.92,1.7,6.29,2.76,8.41,330.49,32.07,332.25,27.68,23.77,26.88,21.32,23.84,25.8,22.1,23.56,23.59,23.76,23.94,0.3129,0.3351,0.3315,0.1389
8/23/18 0:00,Gypsum,97.9,98.2,97.52,102.21,19.56,16.85,22.97,19.63,16.85,22.97,85.43,97.92,62.1,84.26,97.92,62.1,0.36,0,116.5,10.07,0.85,3.41,1.35,4.25,84.07,62.86,84.67,65.13,23.41,24.41,22.4,23.68,24.24,22.96,23.41,23.53,23.85,23.77,0.2994,0.3233,0.3291,0.14
8/24/18 0:00,Gypsum,96.96,97.58,96.41,101.21,22.06,18.52,26.54,22.21,18.52,26.54,89.12,97.37,74.23,88.21,97.37,74.23,0.32,12.7,104.99,9.07,2.98,8.53,4.16,9.96,135.32,20.84,136.99,18.96,23.04,24.49,21.91,23.21,24.13,22.45,22.98,23.07,23.34,23.52,0.3405,0.3618,0.341,0.1409
8/25/18 0:00,Gypsum,96.44,96.69,96.32,100.57,27.39,22.54,34.18,27.82,22.54,34.18,71.5,97.47,39.23,68.08,97.47,39.23,1.19,0,291.67,25.2,1.92,8.58,2.85,10.86,203.18,33.49,201.51,39.11,25.75,29.13,23.08,25.23,27.57,23.36,25.11,24.89,24.01,23.34,0.3283,0.35,0.3472,0.1414
8/26/18 0:00,Gypsum,96.81,97.01,96.61,100.96,27.22,21.73,32.96,27.55,21.73,32.96,71.98,94.1,49.53,69.11,94.1,49.53,1.12,0,292.26,25.25,2.52,9.76,3.75,11.98,171.35,26.77,172.4,23.86,26.69,29.62,24.36,26.3,28.14,24.69,25.96,25.82,25.09,23.82,0.3035,0.33,0.3419,0.1425
8/27/18 0:00,Gypsum,96.71,97.03,96.37,100.84,28.3,24.07,34.24,28.49,24.07,34.24,62.97,82.13,41.45,61.67,82.13,41.45,1.5,0,207.94,17.97,4.57,12.23,6.25,15.01,167.09,17.59,168.16,14.64,26.35,28.27,25.19,26.27,27.35,25.44,26.01,25.94,25.51,24.29,0.2793,0.3116,0.3364,0.1438
8/28/18 0:00,Gypsum,96.24,96.47,96.03,100.33,29.58,25.15,35.45,29.81,25.15,35.45,54.79,69.19,36.67,53.27,69.19,36.67,1.97,0,292.1,25.24,6.27,13.96,8.48,18.09,176.93,17.26,177.46,13.86,26.13,28.21,24.49,26.06,27.32,24.91,26.01,25.83,25.46,24.47,0.2455,0.287,0.329,0.1445
8/29/18 0:00,Gypsum,96.58,97.32,96.22,100.7,26.75,18.45,34.65,26.68,18.45,34.65,62.63,78.13,43.06,62.35,78.13,43.06,1.44,0,255.89,22.11,4.71,11.45,6.43,13.33,187.67,75.98,188.5,75.71,26.26,28.99,24.7,26.23,27.87,25.12,26.26,26.05,25.64,24.57,0.2106,0.2573,0.3199,0.1448
8/30/18 0:00,Gypsum,97.44,97.72,97.24,101.72,20.57,14.15,27.76,20.49,14.15,27.76,72.11,92.38,47.47,71.25,92.38,47.47,0.76,0,285.82,24.69,2.22,5.98,3.41,8.49,50.5,46.52,49.25,47.16,24.85,27.4,22.8,25.16,26.68,23.72,25.15,25.13,25.23,24.59,0.1913,0.2325,0.3111,0.1453
8/31/18 0:00,Gypsum,97.08,97.48,96.74,101.3,23.41,20.19,29.04,23.41,20.19,29.04,83.88,98.62,66.41,82.92,98.62,66.41,0.5,4.57,201.48,17.41,3.26,11.76,4.48,15.37,131.72,24.02,133.58,22.6,25,27.19,23.67,25.1,26.39,24.18,24.94,24.94,24.92,24.41,0.1848,0.2201,0.3057,0.1454
9/1/18 0:00,Gypsum,96.51,96.85,96.19,100.64,29.33,22.95,37.34,29.32,22.95,37.34,59.68,86.41,33.03,58.66,86.41,33.03,1.86,0,276.76,23.91,5.18,12.39,6.78,14.43,171.1,17.21,172.11,14.43,25.74,28.1,23.89,25.59,27.09,24.29,25.39,25.29,24.94,24.29,0.1814,0.2132,0.3005,0.1452
9/2/18 0:00,Gypsum,96.73,96.93,96.45,100.84,29.25,23.08,41.04,28.66,23.08,41.04,61.52,91.13,37.27,58.63,91.13,37.27,1.68,0,261.53,22.6,3.32,10.39,4.53,12.99,168.43,31.86,168.9,29.34,26.52,29.19,24.62,26.31,27.99,25,26.13,25.97,25.41,24.4,0.1758,0.2006,0.2916,0.1456
9/3/18 0:00,Gypsum,96.99,97.24,96.71,101.13,26.37,22.2,38.14,25.36,22.2,38.14,81.19,98.62,55.79,78.45,98.62,55.79,0.7,14.22,152.28,13.16,2.29,12.35,3.22,15.31,168.81,53.38,170.59,52.71,26.04,28.04,24.92,26.08,27.2,25.31,25.84,25.79,25.56,24.61,0.1713,0.2002,0.2842,0.1455
9/4/18 0:00,Gypsum,97.24,97.42,97.05,101.44,24.28,20.18,34.7,23.55,20.18,34.7,87.89,100,60.86,86.1,100,60.86,0.44,56.13,202.2,17.47,1.77,8.08,2.49,10.04,130.34,51.39,131.7,52.31,25.29,27.32,23.44,25.27,26.65,23.93,25.01,24.88,24.9,24.57,0.3602,0.3871,0.3737,0.2923
9/5/18 0:00,Gypsum,97.09,97.3,96.95,101.29,23.19,21.46,30.57,23.11,21.46,30.57,92.31,99.7,72.2,91.97,99.7,72.2,0.23,22.35,101.82,8.8,2.86,8.13,3.84,10.74,154.41,36.25,155.45,34.19,24.97,25.88,24.1,25.13,25.7,24.5,24.82,24.86,24.94,24.49,0.3882,0.3995,0.4041,0.3278
9/6/18 0:00,Gypsum,97.44,97.84,97.17,101.67,23.04,20.86,28.56,22.95,20.86,28.56,91.39,98.82,71.6,91.93,98.82,71.6,0.25,1.27,102.21,8.83,1.81,6.33,2.72,9.27,72.13,73.27,72.14,78.03,24.81,25.65,24.06,24.96,25.34,24.53,24.84,24.82,24.77,24.36,0.3601,0.3758,0.379,0.3204
9/7/18 0:00,Gypsum,97.78,97.99,97.64,102.07,20.33,18.83,21.73,20.23,18.83,21.73,94,99.38,85.33,95.06,99.38,85.33,0.15,0.76,62.46,5.4,2.02,6.06,3.04,7.62,27.75,20.61,24.33,17.38,23.38,24.08,23.04,23.82,24.54,23.44,23.89,23.95,24.36,24.22,0.3499,0.367,0.37,0.3133
9/8/18 0:00,Gypsum,97.58,97.76,97.42,101.85,20.19,18.18,22.54,20.07,18.18,22.54,94.93,99.91,85.74,95.98,99.91,85.74,0.13,2.29,56.94,4.92,2.02,6,3.05,7.02,27.71,19.77,24.19,16.5,22.79,23.06,22.23,23.18,23.47,22.8,23.28,23.33,23.74,23.9,0.3501,0.3675,0.3662,0.3096
9/9/18 0:00,Gypsum,97.39,97.56,97.22,101.7,18.22,15.43,21.53,18.2,15.43,21.53,91.86,98.04,78.19,92.38,98.04,78.19,0.18,0,76.97,6.65,1.88,5.82,2.92,7.08,35.49,28.5,34.72,26.46,21.76,22.34,21.17,22.26,22.81,21.88,22.39,22.48,23.12,23.53,0.3432,0.3606,0.3634,0.307
9/10/18 0:00,Gypsum,97.25,97.43,96.98,101.56,17.68,12.09,25.77,17.99,12.09,25.77,82.11,100,46.19,80.05,100,46.19,0.46,0.25,250.86,21.67,0.82,4.1,1.29,4.84,111.42,62.18,80.85,74.84,21.41,23.56,19.53,21.76,23.16,20.45,21.55,21.68,22.32,23.05,0.333,0.3509,0.358,0.3044
9/11/18 0:00,Gypsum,97.22,97.41,97.05,101.53,18.06,11.15,25.06,18.29,11.15,25.06,82.39,99.76,58.73,81.26,99.76,58.73,0.44,0,271.3,23.44,1.64,7.76,2.33,8.47,158.51,26.85,161.76,23.58,21.26,23.56,19.1,21.55,22.98,20.07,21.22,21.34,21.91,22.61,0.3214,0.3391,0.3527,0.3015
9/12/18 0:00,Gypsum,97.2,97.4,96.99,101.49,19.92,11.82,27.55,20.26,11.82,27.55,78.56,99.9,49.82,77.2,99.9,49.82,0.64,0,255.4,22.07,2.4,8.23,3.35,10.15,161.65,21.82,160,18.63,21.31,23.52,19.28,21.51,22.92,20.1,21.24,21.3,21.7,22.28,0.3101,0.3264,0.348,0.2988
9/13/18 0:00,Gypsum,97.19,97.38,96.98,101.45,21.06,14.76,27.22,21.24,14.76,27.22,81.06,96.86,57.65,79.8,96.86,57.65,0.54,0,242.1,20.92,2.96,9.06,4.1,10.84,150.94,16.73,151.7,14.2,22.03,23.92,20.28,22.08,23.31,20.85,21.83,21.84,21.89,22.09,0.3002,0.314,0.3443,0.2963
9/14/18 0:00,Gypsum,97.12,97.26,96.95,101.33,23.46,19.65,28.97,23.58,19.65,28.97,81.65,96.14,60.33,81.08,96.14,60.33,0.59,0,201,17.37,3.87,10.56,5.19,13.97,161.09,18.37,161.78,15.97,22.86,24.43,21.72,22.81,23.85,22,22.62,22.57,22.33,22.11,0.2909,0.3035,0.3411,0.2944
9/15/18 0:00,Gypsum,97.24,97.4,97.11,101.44,25.36,21.19,31.96,25.5,21.19,31.96,74.99,93.16,50.22,74.1,93.16,50.22,0.93,0,248.01,21.43,3.17,9.27,4.29,10.76,167.42,18.26,166.92,16.07,23.6,25.5,22.2,23.46,24.66,22.47,23.31,23.21,22.78,22.26,0.2814,0.2915,0.3376,0.2925
9/16/18 0:00,Gypsum,97.42,97.65,97.21,101.61,25.52,17.71,33.91,25.55,17.71,33.91,71.42,98.02,36.46,70.66,98.02,36.46,1.13,0,239.53,20.7,1.8,7.51,2.43,8.88,152.63,31.45,152.34,32.35,23.88,26.01,22.03,23.78,25.13,22.53,23.61,23.52,23.13,22.47,0.2703,0.2775,0.3337,0.2906
9/17/18 0:00,Gypsum,97.16,97.4,96.88,101.35,25.74,18.8,41.44,25.31,18.8,41.44,71.68,100,39.76,70.39,100,39.76,1.12,0,222.25,19.2,1.72,6.7,2.37,8.23,154.03,29.09,156.81,22.57,23.79,25.59,22.08,23.77,24.91,22.62,23.56,23.5,23.26,22.65,0.259,0.2632,0.3294,0.2886
9/18/18 0:00,Gypsum,96.92,97.1,96.71,101.08,27.13,21.53,34.65,26.85,21.53,34.65,69.66,93.22,42.39,68.94,93.22,42.39,1.24,0,223.57,19.32,2.41,8.62,3.22,9.74,159.19,19.36,160.23,16.85,24.48,26.34,22.99,24.32,25.54,23.28,24.18,24.05,23.55,22.78,0.2483,0.2489,0.3251,0.2866
9/19/18 0:00,Gypsum,96.79,97,96.51,100.93,28.15,22.81,34.98,27.89,22.81,34.98,66.03,86.55,40.24,64.39,86.55,40.24,1.44,0,251.31,21.71,2.79,8.11,3.81,10.56,170.09,22.81,170.57,21.09,24.92,26.69,23.59,24.78,25.9,23.85,24.63,24.5,23.96,23,0.2366,0.2327,0.3202,0.2845
9/20/18 0:00,Gypsum,96.65,96.87,96.38,100.77,28.84,23.22,36.13,28.1,23.22,36.13,60.79,90.05,36.8,58.92,90.05,36.8,1.7,0,248.69,21.49,3.73,10.17,4.94,12.19,168.14,19.41,169.37,17.08,24.78,26.25,23.67,24.76,25.66,23.97,24.57,24.49,24.11,23.22,0.2232,0.2155,0.3142,0.2822
9/21/18 0:00,Gypsum,96.55,97.05,94.46,100.68,NaN,NaN,NaN,26.88,NaN,NaN,64.39,100,NaN,62.88,100,NaN,NaN,16.51,247.01,21.34,4.8,12.43,6.3,14.92,184.64,39.44,184.93,38.1,24.44,26.26,23.18,24.52,25.51,23.81,24.23,24.15,24.03,23.32,0.2158,0.2065,0.3086,0.28
9/22/18 0:00,Gypsum,97.74,98.18,96.87,102.05,17.26,9.95,20.73,17.34,9.95,20.73,79.06,100,49.87,75.36,100,49.87,0.43,0.25,118.43,10.23,2,8.78,3.29,12.09,10.52,45.38,15.67,46.69,21.54,23.18,18.95,22.32,23.87,20.41,22.14,22.53,23.22,23.27,0.3176,0.3244,0.3064,0.2786
9/23/18 0:00,Gypsum,97.78,98.15,97.35,102.19,14.14,7.46,22.97,14.47,7.46,22.97,80.72,100,40.26,75.87,100,40.26,0.43,0,261.08,22.56,1.19,5.59,1.69,5.92,107.52,70.84,82.31,70.76,19.46,22.88,16.82,20.1,21.9,18.34,19.84,20.25,21.26,22.58,0.3089,0.3167,0.303,0.2767
9/24/18 0:00,Gypsum,97.16,97.44,96.87,101.5,17.48,9.14,26.27,17.68,9.14,26.27,81.17,100,48.21,77.21,100,48.21,0.51,0,255.46,22.07,1.88,9.13,2.56,10.66,146.96,24.64,148.98,18.1,19.64,22.8,16.88,20.01,21.82,18.17,19.75,19.97,20.65,21.82,0.3023,0.3109,0.3019,0.2748
9/25/18 0:00,Gypsum,96.7,96.96,96.4,100.95,20.88,14.62,27.69,20.85,14.62,27.69,80.88,100,51.18,77.78,100,51.18,0.57,0,227.63,19.67,2.88,9.04,3.84,10.68,169.59,22.74,167.28,20.09,20.72,23.47,18.62,20.82,22.48,19.5,20.63,20.64,20.83,21.42,0.2979,0.3065,0.3023,0.2733
9/26/18 0:00,Gypsum,97.15,97.95,96.53,101.43,17.47,9.27,21.87,17.54,9.27,21.87,83.71,100,53.64,80.53,100,53.64,0.34,0,107.54,9.29,2.7,9.92,3.76,12.23,315.28,86.65,332.66,86.44,20.09,20.93,17.6,20.6,21.28,19.01,20.44,20.63,21.07,21.38,0.2922,0.301,0.3026,0.2725
9/27/18 0:00,Gypsum,97.92,98.36,97.59,102.35,13.17,5.91,21.96,13.57,5.91,21.96,67.98,100,25.78,63.11,100,25.78,0.65,0,210.88,18.22,0.93,4.25,1.25,5.08,157.78,78.26,150.86,88.76,18.05,21.32,15.84,18.69,20.36,17.17,18.46,18.81,19.76,21.04,0.285,0.2967,0.3005,0.2713
9/28/18 0:00,Gypsum,97.18,97.68,96.77,101.54,15.93,7.86,24.59,16.04,7.86,24.59,59.38,92.3,26.32,55.16,92.3,26.32,0.9,0,243.49,21.04,2.63,8.57,3.58,9.64,176.8,22.25,174.82,23.25,17.78,20.62,15.49,18.31,19.89,16.77,17.98,18.24,19.14,20.47,0.2803,0.2952,0.2995,0.2698
9/29/18 0:00,Gypsum,97.71,98.15,97.08,102.12,12.07,7.72,16.78,11.94,7.72,16.78,74.45,97.03,52.4,71.79,97.03,52.4,0.39,0.51,82.41,7.12,3.97,11.13,5.12,12.35,31.86,37.24,35.28,37.72,16.44,17.23,15.19,17.28,18.28,16.3,17,17.45,18.59,20.03,0.275,0.2889,0.2987,0.2685
9/30/18 0:00,Gypsum,97.54,98.11,97.13,101.98,11.68,7.52,16.02,11.4,7.52,16.02,96.22,100,82.39,94.58,100,82.39,0.06,0.51,48.6,4.2,2.01,6.88,2.53,7.43,62.42,65.73,65.85,65.53,15.69,17.15,14.52,16.27,17.1,15.51,16.06,16.42,17.49,19.42,0.2703,0.2838,0.2968,0.2671
10/1/18 0:00,Gypsum,97.29,97.47,97.12,101.6,18.57,13.74,25.81,18.31,13.74,25.81,90.35,100,60.62,88.97,100,60.62,0.24,0,86.23,7.45,2.79,8.62,3.48,9.78,33.34,88.78,34.09,89.9,18.18,19.8,16.42,18.14,19.33,16.86,18.04,17.97,18.01,18.95,0.2706,0.2841,0.2979,0.266
10/2/18 0:00,Gypsum,97.39,97.56,97.24,101.73,16.21,13.29,22,16.01,13.29,22,90.48,100,69.48,88.81,100,69.48,0.2,0,97,8.38,2.13,8.06,2.7,9.98,336.84,66.23,338.45,68.15,18.2,19.73,17.42,18.4,19.27,17.85,18.27,18.31,18.52,19.04,0.2693,0.2824,0.2988,0.2654
10/3/18 0:00,Gypsum,97.08,97.5,96.64,101.36,22.4,13.02,31.64,22.3,13.02,31.64,74.39,100,35.4,72.52,100,35.4,0.99,0,205.99,17.8,3.88,11.47,5.07,13.41,145.76,57.1,146.47,55.38,19.39,21.88,17,19.21,20.94,17.55,19.08,18.93,18.79,19.08,0.2684,0.2802,0.2996,0.2648
10/4/18 0:00,Gypsum,96.42,97.33,96.06,100.57,25.85,17.32,33.37,25.83,17.32,33.37,69.2,95.67,44.28,66.52,95.67,44.28,1.17,0,214.22,18.51,6.07,12.66,7.74,16.29,180.34,53.65,179.89,52.36,21.69,23.78,20.1,21.32,22.8,20.15,21.25,20.9,20.15,19.41,0.269,0.2783,0.3022,0.2647
10/5/18 0:00,Gypsum,97.49,97.92,97.12,101.87,10.94,7.45,17.45,10.59,7.45,17.45,76.2,100,54.35,74.4,100,54.35,0.33,0.25,74.18,6.41,3.83,10.84,4.68,12.17,17.26,41.3,18.15,41.78,18.01,20.95,16.69,18.89,21.53,17.62,18.64,19.07,19.88,19.9,0.2632,0.2717,0.3016,0.2647
10/6/18 0:00,Gypsum,96.78,97.24,96.33,101.14,15.73,9.32,25.74,15.45,9.32,25.74,91.59,100,67.29,90.17,100,67.29,0.2,2.54,95.04,8.21,2.57,9.56,3.18,11.37,113.28,90.98,112.01,90.19,17.83,19.91,16.33,18.08,19.42,17.1,17.85,17.98,18.51,19.5,0.2593,0.267,0.2992,0.2636
10/7/18 0:00,Gypsum,97.33,97.63,96.8,101.76,8.77,7.65,13.14,8.48,7.65,13.14,96.51,100,89.4,94.38,100,89.4,0.04,37.85,33.19,2.87,4.2,11.29,5.18,13.21,7.52,22.71,8.48,22.3,14.9,18.19,13.82,15.95,18.75,14.76,15.7,16.17,17.65,19.09,0.3511,0.3774,0.3425,0.2682
10/8/18 0:00,Gypsum,97.15,97.42,96.8,101.59,11.5,8.8,15.3,11.22,8.8,15.3,99.88,100,96.39,99.34,100,96.39,0,12.19,35.92,3.1,2.11,5.47,2.74,6.47,38,27.43,39.56,27.59,14.39,15.18,13.63,14.92,15.43,14.46,14.75,15.12,16.15,18.26,0.3631,0.381,0.3739,0.2713
10/9/18 0:00,Gypsum,96.73,96.96,96.56,101.04,16.81,14.62,18.65,16.75,14.62,18.65,99.5,100,93.96,97.45,100,93.96,0.01,57.15,28.64,2.47,2.03,9.27,2.63,10.64,119.25,83.28,120.64,82.66,16.42,17.51,15.11,16.44,17.31,15.42,16.35,16.34,16.4,17.55,0.3919,0.4099,0.4079,0.3429
10/10/18 0:00,Gypsum,96.3,96.88,95.56,100.61,13.04,7.59,21.21,12.8,7.59,21.21,99,100,87.93,97.88,100,87.93,0.01,25.15,30.52,2.64,3.54,9.47,4.33,10.49,337.04,51.92,336.98,53.04,15.99,17.05,14.05,16.39,16.96,15.13,16.29,16.43,16.79,17.45,0.3916,0.4064,0.4063,0.3542
10/11/18 0:00,Gypsum,96.95,97.64,96.4,101.41,8.03,5.29,11.62,7.74,5.29,11.62,81.44,100,59.58,78.06,100,59.58,0.21,0,119.42,10.32,4.58,10.02,5.54,11.6,302.17,16.4,300.79,16.93,13.15,14.06,11.99,14.01,15.14,13.19,13.86,14.3,15.61,17.25,0.3627,0.3765,0.3784,0.3311
10/12/18 0:00,Gypsum,97.7,98.05,97.42,102.23,7.03,1.35,11.99,6.81,1.35,11.99,72.53,95.5,44.16,67.94,95.5,44.16,0.31,0,182.2,15.74,1.63,6.66,2.07,8.17,323.12,38,323.61,38.73,12.48,15.08,9.87,13.03,14.54,11.31,12.88,13.22,14.38,16.6,0.347,0.3607,0.3648,0.3217
10/13/18 0:00,Gypsum,97.17,97.51,96.98,101.64,7.85,3.49,12.15,7.88,3.49,12.15,92.56,100,69.27,89.81,100,69.27,0.09,4.57,64.9,5.61,1.79,5.8,2.29,6.17,38.62,80.5,47.39,82.89,12.55,13.84,10.76,13.19,13.83,12.14,13.1,13.42,14.34,16.12,0.3516,0.3664,0.3616,0.3166
10/14/18 0:00,Gypsum,96.77,97.11,96.45,101.22,9.81,3.22,17.5,9.8,3.22,17.5,83.33,100,45.76,80.46,100,45.76,0.27,0.76,188.82,16.31,2.41,7.51,3.24,8.53,149.47,23.59,152.48,22.52,12.01,14.9,9.58,12.46,14.17,10.83,12.34,12.63,13.59,15.71,0.351,0.3634,0.3623,0.314
10/15/18 0:00,Gypsum,97.45,98.41,96.64,101.96,4.19,-0.62,10,3.98,-0.62,10,96.65,100,85.43,94.01,100,85.43,0.03,6.86,33.81,2.92,5.09,13.07,6.29,15.95,4.51,48.08,5.43,48.21,10.53,12.51,7.85,11.62,13.12,9.29,11.55,12.11,13.47,15.4,0.3606,0.378,0.3648,0.3123
10/16/18 0:00,Gypsum,98.43,98.71,98.16,103.09,1.54,-1.62,7.7,1.91,-1.62,7.7,82.72,100,48.45,73.01,100,48.45,0.14,0,209.6,18.11,2.47,6.41,3.08,7.37,298.66,60.37,291.35,60,8.63,11.4,7.17,9.46,10.94,8.42,9.5,9.99,11.62,14.71,0.3702,0.3851,0.3798,0.3133
10/17/18 0:00,Gypsum,98.05,98.24,97.77,102.62,7.17,-1.82,19.04,7.79,-1.82,19.04,73.24,97.51,28.96,66.1,97.51,28.96,0.41,0,210.22,18.16,1.7,5.86,2.14,6.53,189.92,57.97,196.64,51.48,9.02,12.5,5.95,9.52,11.64,7.43,9.52,9.81,11.04,13.89,0.3569,0.3706,0.3712,0.315
10/18/18 0:00,Gypsum,98.55,98.79,98.13,103.06,10.33,2.16,20.65,11.19,2.16,20.65,74.95,100,31.32,68.87,100,31.32,0.47,0,203.91,17.62,0.86,4.88,1.04,5.7,141.66,69.93,109.58,62.94,10.83,14.61,7.82,11,13.18,8.94,11.05,11.11,11.63,13.52,0.3483,0.3613,0.3636,0.3137
10/19/18 0:00,Gypsum,98.39,98.76,97.8,102.87,11.97,3.36,20.72,12.42,3.36,20.72,71.66,100,35.91,66.26,100,35.91,0.53,0,167.81,14.5,2.08,8.17,2.73,9.82,160.52,27.79,166.02,21.3,11.53,14.12,8.81,11.7,13.32,9.9,11.7,11.77,12.22,13.59,0.3413,0.3547,0.3589,0.312
10/20/18 0:00,Gypsum,97.57,97.97,97.26,101.95,15.12,8.87,23.21,15.4,8.87,23.21,72.04,93.01,41.08,67.37,93.01,41.08,0.55,0,176.05,15.21,3.01,8.43,3.95,10.11,244.81,62.36,246.58,63.36,13.44,15.89,12.1,13.37,14.89,12.37,13.43,13.27,13.18,13.8,0.3372,0.3503,0.3562,0.3105
10/21/18 0:00,Gypsum,98.2,98.41,97.89,102.65,10.81,2.56,20.92,12.06,2.56,20.92,61.03,95.98,22.69,50.37,95.98,22.69,0.65,0,197.01,17.02,2.19,11.11,2.8,12.82,311.15,54.02,326.83,55.24,11.92,14.38,10.05,12.45,13.63,11.18,12.45,12.65,13.29,14.13,0.3299,0.3431,0.3527,0.3094
10/22/18 0:00,Gypsum,97.83,98.41,97.32,102.3,12.14,1.82,21.73,12.38,1.82,21.73,57.83,95.37,34.22,53,95.37,34.22,0.7,0,189.94,16.41,3.65,9.76,4.81,11.49,173.02,19.15,172.17,17.88,11.12,13.44,8.91,11.57,12.99,10.08,11.54,11.76,12.58,14.04,0.3234,0.3363,0.3488,0.3075
10/23/18 0:00,Gypsum,97.47,97.85,97.22,101.84,14.74,8.13,22.84,15.32,8.13,22.84,69.83,98.38,42.02,64.16,98.38,42.02,0.59,0,181.05,15.64,1.63,7.62,2.21,9.23,182.32,62.21,170.36,78.34,13.12,16.2,10.62,13.08,15.05,11.4,13.15,13.04,13.08,13.9,0.3207,0.3325,0.3475,0.3061
10/24/18 0:00,Gypsum,97.99,98.24,97.79,102.43,12.69,5.64,21.33,13.29,5.64,21.33,73.59,100,41.3,68.61,100,41.3,0.49,0,182.89,15.8,1.76,6.66,2.5,7.12,83.63,63.18,68.17,53.43,12.91,15.37,10.88,13.18,14.5,11.83,13.19,13.26,13.54,14.13,0.3158,0.3277,0.3462,0.3052
10/25/18 0:00,Gypsum,97.75,98.05,97.48,102.19,12.1,7.67,18.04,12.26,7.67,18.04,73.6,99.97,53.59,68.04,99.97,53.59,0.4,7.37,96.31,8.32,1.73,5.9,2.36,7.31,156.78,59.35,151.78,55.84,12.73,14.46,11.21,13.01,14.07,12,12.9,13.03,13.46,14.24,0.3108,0.3225,0.3442,0.3042
10/26/18 0:00,Gypsum,97.07,97.56,96.8,101.51,9,8.19,10,8.73,8.19,10,96.62,100,84.37,95.02,100,84.37,0.04,9.4,39.13,3.38,1.75,5.37,2.16,6.29,30.48,47.76,32.11,47.19,12.2,12.75,11.62,12.67,13.32,12.23,12.54,12.76,13.35,14.25,0.3624,0.3874,0.3576,0.3034
10/27/18 0:00,Gypsum,96.84,97.09,96.61,101.26,10.86,5.24,19.71,11.08,5.24,19.71,87.9,100,48.38,84.06,100,48.38,0.21,0,127.84,11.05,1.11,4.8,1.43,4.7,234.18,70.27,235.39,68.1,12.33,14.59,10.72,12.57,13.89,11.5,12.5,12.58,13,14.1,0.3653,0.3784,0.3746,0.3042
10/28/18 0:00,Gypsum,96.84,97.13,96.61,101.21,14.66,3.76,23.99,15.31,3.76,23.99,65.56,100,28.34,59.37,100,28.34,0.75,0,178.87,15.45,1.8,10.11,2.38,12.8,183.84,53.62,187.63,57.18,12.59,15.42,9.89,12.73,14.36,10.94,12.76,12.79,13.1,14.01,0.3545,0.3664,0.3686,0.3054
10/29/18 0:00,Gypsum,97.52,97.86,96.83,101.9,12.77,5.44,20.38,13.24,5.44,20.38,58.07,92.13,23.63,51.7,92.13,23.63,0.71,0,183.61,15.86,2.3,9.13,2.97,10.19,317.92,73.77,311.77,76.32,12.85,15,11.25,13.14,14.23,12.07,13.24,13.27,13.54,14.08,0.3462,0.3581,0.3636,0.3061
10/30/18 0:00,Gypsum,96.85,97.5,96.06,101.25,13.63,4.3,22.74,14.08,4.3,22.74,67.82,93.77,33.62,62.16,93.77,33.62,0.61,0,166.71,14.4,2.53,8.88,3.48,10.21,157.95,21.26,159.82,16.79,12.08,14.28,9.91,12.37,13.77,10.93,12.4,12.54,13.09,14.09,0.3379,0.3497,0.3583,0.3057
10/31/18 0:00,Gypsum,96.62,97.23,95.99,100.96,13.33,9.26,19.41,13.36,9.26,19.41,69.18,98.02,52.4,66.19,98.02,52.4,0.47,0,28.18,2.44,3.81,10.04,4.85,10.78,354.03,46.97,0,44.22,12.64,13.13,11.43,12.97,13.25,12.21,13,13.1,13.43,14.05,0.3324,0.3447,0.3552,0.3049
11/1/18 0:00,Gypsum,97.25,97.55,96.93,101.69,9.2,5.64,14.15,9.57,5.64,14.15,68.78,90.91,32.35,61.88,90.91,32.35,0.4,0,52.69,4.55,1.72,6.15,2.31,6.68,343.18,61.52,348.17,61.7,11.07,11.93,10.36,11.67,12.22,11.19,11.6,11.91,12.74,13.99,0.3257,0.3388,0.3512,0.304
11/2/18 0:00,Gypsum,96.8,97.01,96.55,101.25,9.41,4.03,17.43,9.78,4.03,17.43,63.56,96.99,20.33,57.45,96.99,20.33,0.52,0,157.19,13.58,1.29,5.14,1.77,6.19,228.75,82.95,246.97,81.46,11.02,13.49,9.24,11.39,12.75,10.23,11.38,11.55,12.21,13.65,0.3211,0.3342,0.3481,0.3029
11/3/18 0:00,Gypsum,96.78,97.03,96.5,101.23,8.32,4.56,13.95,8.38,4.56,13.95,63.11,89.83,37.28,58.48,89.83,37.28,0.44,0,164.49,14.21,3.8,10.72,4.77,11.62,282.02,58.66,281.36,59.22,10.13,11.67,8.99,10.73,11.49,9.94,10.76,11,11.95,13.42,0.3157,0.3288,0.3455,0.3019
11/4/18 0:00,Gypsum,96.49,96.99,96.06,100.92,10.24,6.71,16.22,10.14,6.71,16.22,62.07,79.13,43.47,58.87,79.13,43.47,0.5,0,122.93,10.62,3.84,9.82,4.78,11.25,282.47,93.53,279.5,93.85,10.65,12.86,9.09,10.94,12.22,9.92,10.93,11.03,11.68,13.14,0.3115,0.3243,0.3434,0.3007
11/5/18 0:00,Gypsum,96.88,97.21,96.33,101.33,8.02,5.37,11.87,7.84,5.37,11.87,66.23,81.7,43.63,64.14,81.7,43.63,0.37,0,113.66,9.82,3.98,10.58,4.89,12.52,278.22,73.21,278.13,74.56,10.07,11.26,9.21,10.64,11.2,10.02,10.68,10.85,11.69,13.01,0.3069,0.3198,0.3417,0.2999
11/6/18 0:00,Gypsum,96.13,96.72,95.8,100.52,10.39,5.64,16.92,10.87,5.64,16.92,73.16,95.07,45.04,67.53,95.07,45.04,0.38,4.83,141.54,12.23,3.88,12,4.95,13.92,238.6,63,242.64,65.55,10.25,11.98,9.22,10.59,11.65,9.93,10.61,10.73,11.39,12.81,0.3039,0.32,0.3398,0.2989
11/7/18 0:00,Gypsum,97.24,97.72,96.64,101.77,3.25,-1.08,7.38,3.92,-1.08,7.38,92.31,100,65.24,87.99,100,65.24,0.07,7.87,32,2.76,0.98,4.23,1.19,4.57,179.27,83.52,173.17,90.02,8.14,9.24,7.25,9.05,10.23,8.26,9,9.5,10.77,12.62,0.3137,0.3449,0.3377,0.2981
11/8/18 0:00,Gypsum,98.02,98.28,97.63,102.62,3.49,-0.37,6.9,3.25,-0.37,6.9,78.85,100,51.23,75.57,100,51.23,0.17,0,138.68,11.98,2.43,7.82,3.08,9.06,14.99,33.89,16.84,33.62,7.77,9.32,6.79,8.36,9.15,7.73,8.32,8.69,9.81,12.1,0.3444,0.3693,0.3389,0.297
11/9/18 0:00,Gypsum,98.16,98.32,97.97,102.81,-0.29,-1.69,2.62,-0.48,-1.69,2.62,95.04,100,73.91,93.22,100,73.91,0.03,7.37,40.73,3.52,2.59,6.37,3.28,7.33,21.18,34.3,22.41,34.87,6.08,7.29,5.63,7.05,8.18,6.48,7.05,7.63,9.11,11.62,0.3457,0.3666,0.342,0.2964
11/10/18 0:00,Gypsum,98.6,98.94,98.1,103.34,-4.45,-10.64,-0.07,-4.15,-10.64,-0.07,82.22,100,49.46,78.44,100,49.46,0.08,0,161.94,13.99,3.29,12.27,4.06,12.96,301.3,52.19,307.48,53.71,4.82,5.64,2.94,5.81,6.48,4.38,5.94,6.41,8.04,10.98,0.3648,0.3819,0.3603,0.2958
11/11/18 0:00,Gypsum,97.86,98.78,97.25,102.6,-2.78,-10.84,5.03,-2.54,-10.84,5.03,71.29,91.81,50.1,66.89,91.81,50.1,0.17,0.25,157.56,13.61,3.36,10.47,4.21,12.39,157.38,33.85,155.66,33.35,2.73,3.48,2.12,3.87,4.38,3.46,3.66,4.24,6.5,10.18,0.3555,0.3665,0.3669,0.2964
11/12/18 0:00,Gypsum,97.89,98.41,97.49,102.53,0.91,-3.23,5.3,1.01,-3.23,5.3,88.04,100,67.67,84.39,100,67.67,0.09,0,73.92,6.39,2.64,8.68,3.25,10.05,4.57,50.41,10.78,36.69,3.52,4.78,2.28,4.16,4.93,3.35,4.12,4.51,5.93,9.32,0.3535,0.3631,0.3639,0.2966
11/13/18 0:00,Gypsum,98.75,99.06,98.23,103.47,-3.72,-9.29,-0.82,-3.74,-9.29,-0.82,77.58,100,61.45,73.12,100,61.45,0.1,0.25,61.56,5.32,5.46,13.6,6.74,15.33,353.73,19.93,0,17.05,2.87,3.9,1.7,3.79,4.64,2.87,3.85,4.3,5.88,8.88,0.3569,0.3693,0.3646,0.2976
11/14/18 0:00,Gypsum,98.9,99.15,98.63,103.71,-4.59,-11.59,3.68,-4.41,-11.59,3.68,75.35,91.75,40.57,71.34,91.75,40.57,0.14,0,158.04,13.65,1.49,6.6,1.97,7.41,195.38,55.72,196.04,56.89,1.52,2.08,1.1,2.5,2.88,2.16,2.63,3.06,4.88,8.35,0.3485,0.359,0.3606,0.2982
11/15/18 0:00,Gypsum,98.36,98.75,97.74,103.05,0.2,-4.99,8.04,0.11,-4.99,8.04,73.63,90.63,43.52,71.04,90.63,43.52,0.2,0,150.07,12.97,2.2,6.25,2.82,7.08,165.54,14.94,167.4,12.91,2,3.39,1.17,2.68,3.49,2.11,2.92,3.23,4.58,7.77,0.3451,0.3557,0.3563,0.2982
11/16/18 0:00,Gypsum,97.28,97.82,96.9,101.84,4.03,-1.41,15.63,4.63,-1.41,15.63,70.42,95.94,39.24,65.4,95.94,39.24,0.31,0,149.64,12.93,2.26,6.86,2.91,7.02,202.32,54.68,199.24,59.38,3.24,5.55,1.59,3.59,5.11,2.46,3.92,4.04,4.88,7.46,0.3433,0.3535,0.3537,0.2978
11/17/18 0:00,Gypsum,97.26,97.64,96.84,101.8,5.49,-3.5,16.83,6.29,-3.5,16.83,73.41,99.02,35.58,67.59,99.02,35.58,0.35,0,144.69,12.5,1.77,7.98,2.32,9.31,177.94,46.5,166.3,62.78,4.2,6.45,2.14,4.46,5.9,3.07,4.76,4.84,5.46,7.47,0.341,0.3511,0.3521,0.2978
11/18/18 0:00,Gypsum,97.8,98.44,96.91,102.4,0.12,-4.38,4.58,0.07,-4.38,4.58,86.4,95.27,78.35,83.58,95.27,78.35,0.08,0,20.07,1.73,5.69,12.84,7.05,13.94,0,30.57,1.15,19.26,3.78,4.71,2.41,4.46,5.22,3.43,4.61,4.92,5.86,7.63,0.3369,0.3479,0.3501,0.2977
11/19/18 0:00,Gypsum,98.11,98.5,97.53,102.83,-2.66,-5.8,3.87,-2.76,-5.8,3.87,72.65,93.88,41.44,69.89,93.88,41.44,0.15,0,132.19,11.42,2.91,8.94,3.62,9.53,322.12,86.05,325.61,87,2.52,4.1,1.72,3.2,3.89,2.65,3.34,3.71,4.96,7.49,0.3323,0.3437,0.3465,0.2969
11/20/18 0:00,Gypsum,97.71,98.24,97.35,102.34,2.16,-3.7,10.41,2.42,-3.7,10.41,77.07,96.39,49.39,73.43,96.39,49.39,0.2,0,129.47,11.19,2.56,8.53,3.27,9.96,291.38,86.62,313.86,85.33,2.9,4.52,1.53,3.34,4.44,2.43,3.53,3.75,4.73,7.16,0.3296,0.3409,0.3443,0.2962
11/21/18 0:00,Gypsum,98.04,98.35,97.71,102.65,3.97,-5.79,15.03,4.37,-5.79,15.03,72.25,98.78,37.48,68.72,98.78,37.48,0.32,0,141.59,12.23,2.59,9,3.31,9.62,182.53,33.21,181.62,35.18,3.65,5.48,1.82,3.99,5.15,2.78,4.18,4.32,5.03,7.03,0.3275,0.3389,0.3431,0.2956
11/22/18 0:00,Gypsum,97.77,97.95,97.63,102.3,6.7,0.26,16.04,6.89,0.26,16.04,68.49,93.51,39.64,65.15,93.51,39.64,0.37,0,141.19,12.2,2.55,6.7,3.44,7.64,177.1,23.46,177.71,15.56,4.76,6.79,3.12,4.95,6.21,3.85,5.21,5.24,5.62,7.11,0.3259,0.3374,0.3424,0.2952
11/23/18 0:00,Gypsum,97.22,97.74,96.31,101.71,9.36,1.82,18.65,9.3,1.82,18.65,62.43,90.56,28.77,60.36,90.56,28.77,0.55,0,139.42,12.05,3.97,10.92,5.07,13.68,170.87,14.85,172.11,12.96,5.6,7.51,3.82,5.68,6.89,4.5,5.93,5.92,6.17,7.33,0.3238,0.3357,0.3417,0.2951
11/24/18 0:00,Gypsum,95.91,96.49,95.64,100.26,11.61,7.06,18.25,11.9,7.06,18.25,57.49,79.17,27.69,54.16,79.17,27.69,0.61,0,117.61,10.16,4.97,13.17,6.29,15.41,225.9,51.69,225.24,50.61,7.45,9.06,6.45,7.35,8.37,6.53,7.55,7.4,7.22,7.68,0.3224,0.3343,0.3417,0.295
11/25/18 0:00,Gypsum,95.9,96.3,95.45,100.32,8.18,-1.48,18.24,8.7,-1.48,18.24,55.59,88.57,22.29,50.83,88.57,22.29,0.58,0,129.63,11.2,1.85,6,2.44,7.43,109.55,72.97,120.93,77.47,6.4,8.25,4.61,6.72,7.7,5.54,6.87,6.97,7.36,8.12,0.318,0.3304,0.3404,0.2949
11/26/18 0:00,Gypsum,96.78,97.9,95.42,101.33,-0.47,-3.92,9.68,-0.5,-3.92,9.68,82.29,98.31,58.73,79.27,98.31,58.73,0.12,0,52.48,4.53,8.39,18.17,10.08,21.85,344.65,20.67,345.2,20.49,5.05,6.58,3.53,5.78,6.95,4.45,5.91,6.2,7.12,8.25,0.3128,0.3265,0.3386,0.2947
11/27/18 0:00,Gypsum,97.92,98.19,97.71,102.62,-2.87,-9.03,2.53,-2.33,-9.03,2.53,81.12,99.46,63.01,77.44,99.46,63.01,0.1,0,138.84,12,2.71,9.07,3.35,9.98,278.41,52.83,278.35,51.04,3.28,4.36,2.17,4.09,4.51,3.4,4.24,4.58,5.88,7.97,0.3083,0.3243,0.3358,0.2938
11/28/18 0:00,Gypsum,97.61,97.95,97.05,102.35,-5.07,-11.19,-0.84,-4.86,-11.19,-0.84,83.06,99.66,63.39,80.28,99.66,63.39,0.08,0,103.98,8.98,1.76,6.1,2.17,7.37,90.5,59.91,87.66,57.3,2.23,3.7,1.49,3.06,3.74,2.53,3.13,3.56,4.95,7.45,0.3076,0.3286,0.3347,0.2927
11/29/18 0:00,Gypsum,96.5,97.11,96.14,101.1,0.86,-3.51,7.84,1.09,-3.51,7.84,78.94,99.93,57.7,74.77,99.93,57.7,0.15,0,122.1,10.55,2.01,6.15,2.47,6.86,150.09,42.93,156.23,38.87,3.14,5.24,1.77,3.53,4.78,2.6,3.57,3.79,4.67,6.98,0.3088,0.3295,0.3342,0.2921
11/30/18 0:00,Gypsum,96.42,96.76,96.17,100.95,3.35,-1.35,11.2,3.93,-1.35,11.2,87.11,100,62.47,83.06,100,62.47,0.13,0,129.05,11.15,1.31,5.45,1.75,6.12,323.95,71.67,345.71,64.44,4.11,6.27,2.74,4.35,5.61,3.42,4.53,4.61,5.13,6.83,0.3099,0.3293,0.3343,0.2913
12/1/18 0:00,Gypsum,96.21,96.76,95.02,100.75,1.89,-2.16,5.37,2,-2.16,5.37,97.71,100,89.46,96.46,100,89.46,0.02,3.81,24.95,2.16,2.12,6.9,2.85,7.96,39.67,47.96,42.69,45.92,3.7,4.56,2.79,4.15,4.74,3.56,4.27,4.51,5.28,6.9,0.309,0.328,0.3339,0.2912
12/2/18 0:00,Gypsum,94.71,95.48,94.27,99.16,2.39,0.72,4.56,2.2,0.72,4.56,96.21,100,84.32,94.23,100,84.32,0.03,16.26,33.37,2.88,5.92,13.56,6.99,15.21,282.74,32.42,280.79,33.18,4.16,4.6,3.41,4.54,4.8,4.01,4.61,4.75,5.39,6.87,0.3617,0.3828,0.3648,0.2946
12/3/18 0:00,Gypsum,96.49,97.51,95.4,101.06,0.37,-2.29,2.35,0.17,-2.29,2.35,83.87,97.87,70.67,80.66,97.87,70.67,0.1,0,37.09,3.2,5.6,11.68,6.77,13.8,317.99,17.57,317.71,17.82,3.04,3.43,2.31,3.62,4.03,3.1,3.69,3.95,4.95,6.78,0.365,0.3763,0.3746,0.3115
12/4/18 0:00,Gypsum,98.03,98.39,97.42,102.75,-3.78,-4.99,-2.23,-4.01,-4.99,-2.23,82.36,93.3,72.09,79.67,93.3,72.09,0.08,0,19.99,1.73,4.12,8.23,4.99,9.68,330.35,15.59,330.76,15.31,1.53,2.31,1.05,2.37,3.11,1.86,2.44,2.83,4.19,6.49,0.3528,0.3634,0.3633,0.3102
12/5/18 0:00,Gypsum,98.16,98.37,97.95,102.88,-2.66,-4.85,0.13,-2.59,-4.85,0.13,80.66,96.72,70.15,77.32,96.72,70.15,0.1,0,30.26,2.61,2.49,6.62,3.03,7.66,255.11,47.09,253.35,45.39,0.91,1.06,0.81,1.65,1.87,1.53,1.7,2.05,3.4,6.02,0.3451,0.3557,0.3567,0.3071
12/6/18 0:00,Gypsum,97.72,98.07,97.34,102.36,1.87,-6.06,10.74,2.18,-6.06,10.74,69.82,95.13,36.09,66.06,95.13,36.09,0.27,0,116.64,10.08,2.69,9.23,3.4,10.98,167.79,30.35,173.76,27.35,0.94,1.69,0.56,1.49,1.92,1.24,1.62,1.94,3.03,5.58,0.3395,0.3505,0.3526,0.3045
12/7/18 0:00,Gypsum,98.25,98.7,97.42,102.88,-0.06,-4.31,5.51,-0.15,-4.31,5.51,70.6,86.3,42.55,67.05,86.3,42.55,0.19,0,77.54,6.7,3.84,11.25,4.77,12.88,18.42,37.54,20.31,37.76,1.79,2.48,1.2,2.16,2.55,1.92,2.32,2.54,3.28,5.35,0.3378,0.3488,0.3502,0.3027
12/8/18 0:00,Gypsum,98.66,98.85,98.45,103.4,-2.93,-6.19,2.6,-2.83,-6.19,2.6,77.97,92.94,51.52,74.22,92.94,51.52,0.12,0,107.18,9.26,1.15,4.45,1.61,4.92,77.99,62.16,82.29,54.73,1.09,1.89,0.73,1.69,2.03,1.41,1.77,2.06,3.09,5.27,0.3351,0.3461,0.3477,0.3012
12/9/18 0:00,Gypsum,98.52,98.76,98.24,103.26,-3.54,-8.01,3.55,-2.95,-8.01,3.55,80.53,96.89,43.41,75.91,96.89,43.41,0.11,0,120.62,10.42,1.08,4.66,1.46,4.9,17.16,70.33,28.69,42.35,0.63,0.92,0.51,1.28,1.58,1.15,1.36,1.67,2.8,5.07,0.3319,0.3429,0.3455,0.2999
12/10/18 0:00,Gypsum,98.27,98.45,98.1,102.99,-2.51,-8.35,7.1,-1.86,-8.35,7.1,77.9,96.64,39.2,73.37,96.64,39.2,0.15,0,122.58,10.59,1.06,4.86,1.3,5.17,232.95,61.83,239.78,72,0.41,0.59,0.32,1.01,1.2,0.93,1.1,1.4,2.49,4.83,0.3283,0.3396,0.3433,0.2986
12/11/18 0:00,Gypsum,98.07,98.39,97.69,102.78,-1.93,-8.28,5.9,-1.67,-8.28,5.9,75.08,94.07,41.84,71.37,94.07,41.84,0.16,0,127.06,10.98,1.84,5.62,2.53,6.88,230.76,49.76,236.2,49.38,0.31,0.46,0.23,0.87,1.01,0.81,0.97,1.24,2.3,4.61,0.3248,0.3366,0.3414,0.2974
12/12/18 0:00,Gypsum,97.13,97.76,96.64,101.71,2.75,-0.88,8.58,2.89,-0.88,8.58,69.41,86.66,54.46,65.75,86.66,54.46,0.24,0,71.28,6.16,3.26,9.47,4.25,10.02,213.4,49.92,213.91,48.22,0.38,0.53,0.29,0.9,1.03,0.83,1.11,1.4,2.23,4.43,0.3219,0.3344,0.3399,0.2965
12/13/18 0:00,Gypsum,96.63,97.06,96.2,101.19,2.12,-4.04,12.19,2.66,-4.04,12.19,78.31,96.38,41.94,73.75,96.38,41.94,0.21,0,125.42,10.84,1.73,6.06,2.12,7.06,176.03,44.45,175.95,44.91,1.07,2.51,0.46,1.37,2.19,0.97,1.83,1.94,2.5,4.36,0.3219,0.3342,0.3391,0.2959
12/14/18 0:00,Gypsum,97.11,97.82,96.33,101.68,2.54,-1.48,5.97,2.63,-1.48,5.97,83.64,96.5,69.55,80.31,96.5,69.55,0.13,0,31.95,2.76,4.5,12.54,5.71,14.92,333.27,34.24,333.31,33.92,1.86,2.83,1.08,2.09,2.78,1.56,2.42,2.51,2.96,4.45,0.3225,0.3345,0.3386,0.2952
12/15/18 0:00,Gypsum,97.93,98.2,97.74,102.56,0.6,-5.26,10.41,1.31,-5.26,10.41,70.97,93.9,23.19,65.12,93.9,23.19,0.24,0,128.64,11.11,2.47,6.6,3.24,7.29,324.42,49.83,333.85,40.58,1.54,2.73,0.86,1.98,2.59,1.49,2.15,2.33,3.04,4.58,0.3218,0.3337,0.3376,0.2949
12/16/18 0:00,Gypsum,97.74,97.96,97.48,102.39,1.07,-7.2,13.61,1.82,-7.2,13.61,65.3,98.38,15.35,59.35,98.38,15.35,0.35,0,124.2,10.73,1.26,4.76,1.55,4.96,168.43,44.83,164.88,40.65,1.16,2.39,0.54,1.63,2.23,1.18,1.83,2.04,2.83,4.56,0.3203,0.3322,0.3365,0.2942
12/17/18 0:00,Gypsum,98,98.25,97.66,102.62,1.71,-5.65,13.14,2.94,-5.65,13.14,72.59,95.7,40.52,63.89,95.7,40.52,0.26,0,124.23,10.73,1.39,5.43,1.64,5.74,294.04,92.99,314.68,88.02,1.51,3.07,0.67,1.87,2.76,1.27,2.1,2.24,2.86,4.49,0.3191,0.331,0.3357,0.2936
12/18/18 0:00,Gypsum,97.86,98.21,97.38,102.48,3.11,-5.85,14.42,3.62,-5.85,14.42,68.61,98.92,28.17,65.32,98.92,28.17,0.35,0,120.1,10.38,1.78,7.08,2.35,8.13,169.38,21.15,164.45,18.66,1.64,3.28,0.65,1.98,2.92,1.28,2.2,2.34,2.95,4.5,0.3178,0.3301,0.3349,0.2932
12/19/18 0:00,Gypsum,97,97.45,96.57,101.53,5.34,-3.1,12.16,5.66,-3.1,12.16,73.35,96.04,49.78,69.88,96.04,49.78,0.27,0,55.08,4.76,2.47,9.25,3.23,10.68,174.87,36.93,169.77,33.27,2.41,3.77,1.07,2.56,3.49,1.69,2.76,2.83,3.21,4.54,0.317,0.3295,0.3345,0.2929
12/20/18 0:00,Gypsum,96.38,96.8,96.07,100.84,7.13,3.08,12.62,7.2,3.08,12.62,73.41,95.52,48.5,70.54,95.52,48.5,0.3,0,70.12,6.06,3.58,10.05,4.57,11.74,255.13,72.55,254.32,71.26,3.88,5.1,2.94,3.84,4.73,3.19,3.97,3.92,3.92,4.73,0.3173,0.3296,0.3348,0.2924
12/21/18 0:00,Gypsum,97.05,97.24,96.74,101.55,5.51,-0.53,11.75,5.69,-0.53,11.75,58.48,80.39,35.15,55.16,80.39,35.15,0.4,0,124.39,10.75,5.98,15.29,7.5,17.27,318.64,21.07,317.77,17.39,3.71,4.71,2.65,3.95,4.49,3.44,4.04,4.1,4.38,5.07,0.3161,0.3287,0.3347,0.2923
12/22/18 0:00,Gypsum,96.67,97.14,96.24,101.22,3.16,-5.73,12.21,3.37,-5.73,12.21,64.74,93.89,32.97,61.57,93.89,32.97,0.33,0,111.58,9.64,2.05,6.68,2.7,6.9,187.54,52.14,190.45,52.82,2.79,4.29,1.4,3.18,4,2.25,3.28,3.45,4.06,5.21,0.3139,0.3266,0.3336,0.2924
12/23/18 0:00,Gypsum,97.13,98.04,96.33,101.69,3.2,-3.77,11.22,3.75,-3.77,11.22,72.27,95.81,42.51,67.38,95.81,42.51,0.25,0,101.65,8.78,2.74,10,3.47,10.96,330.44,50.18,327.21,48.19,2.96,4.23,1.56,3.25,4.01,2.35,3.35,3.48,3.99,5.18,0.3125,0.3251,0.3329,0.2917
12/24/18 0:00,Gypsum,98.03,98.36,97.77,102.65,1.25,-4.51,9.26,1.51,-4.51,9.26,79.26,100,36.16,76.46,100,36.16,0.17,0,126.13,10.9,2.21,7,2.86,7.41,226.1,45.86,228.25,38.46,2.87,4.2,1.68,3.29,3.91,2.52,3.41,3.55,4.09,5.2,0.3111,0.3238,0.3324,0.2915
12/25/18 0:00,Gypsum,97.35,97.84,97,101.94,3.57,-2.43,9.13,3.66,-2.43,9.13,72.97,89.11,53.99,70.12,89.11,53.99,0.24,0,48.08,4.15,2.63,8.62,3.48,10.6,161.8,48.98,158.4,46.64,2.53,3.67,1.38,2.86,3.62,2.12,2.97,3.14,3.78,5.17,0.309,0.3219,0.3314,0.291
12/26/18 0:00,Gypsum,97.51,97.79,97.12,102.1,2.65,-4.99,10.88,3.28,-4.99,10.88,82.69,99.97,54.73,79.4,99.97,54.73,0.16,0,89.55,7.74,1.18,4.84,1.71,5.55,24.39,74.79,27.4,60.36,2.86,4.29,1.45,3.16,3.9,2.25,3.22,3.36,3.85,5.1,0.3079,0.3209,0.3311,0.2906
12/27/18 0:00,Gypsum,96.71,97.59,95.54,101.17,9.22,5.78,12.36,9.18,5.78,12.36,95.01,100,77.8,93.17,100,77.8,0.05,36.32,9.34,0.81,4.52,14.25,5.47,16.37,110.46,31.47,112.12,29.9,5.45,7.84,3.34,5.05,7.24,3.58,5.15,4.97,4.6,5.18,0.3561,0.3666,0.3534,0.2972
12/28/18 0:00,Gypsum,95.77,96.97,95.02,100.21,2.6,-4.05,12.36,2.44,-4.05,12.36,86.84,100,68.55,84.2,100,68.55,0.08,2.54,19.95,1.72,5.72,11.6,6.7,12.78,284.65,69.77,283.59,69.94,5.73,7.86,2.29,6.12,7.45,3.46,6.26,6.26,6.24,5.77,0.3786,0.381,0.3856,0.3445
12/29/18 0:00,Gypsum,97.72,98.44,96.89,102.44,-4.92,-8.76,-2.09,-5.07,-8.76,-2.09,72.51,83.91,63.34,68.82,83.91,63.34,0.12,0,54.13,4.68,5.42,11.51,6.68,13.23,322.43,13.16,323.19,12.38,1.35,2.3,0.78,2.32,3.46,1.63,2.35,2.72,4.3,5.93,0.3588,0.3645,0.3699,0.3204
12/30/18 0:00,Gypsum,98.16,98.55,97.54,102.95,-6.38,-9.77,-0.55,-6.49,-9.77,-0.55,69.88,83.11,40.13,66.62,83.11,40.13,0.12,0,82.84,7.16,2.11,4.84,2.61,5.78,245.52,72.94,244.5,72.96,0.46,0.79,0.26,1.22,1.63,0.97,1.22,1.58,2.96,5.26,0.3477,0.3539,0.3612,0.3131
12/31/18 0:00,Gypsum,96.75,97.64,96.08,101.38,0.28,-5.52,8.13,0.21,-5.52,8.13,74.7,86.84,50.29,72.16,86.84,50.29,0.18,0,127.44,11.01,4.46,9.56,5.52,11.15,177.44,15.32,177.57,14.24,0.13,0.28,0.04,0.78,0.98,0.71,0.82,1.15,2.32,4.67,0.3373,0.3455,0.3557,0.3089