RECORD,FILENAME,LABEL,COL,ROW,TOTALCOLS,TOTALROWS,TIMESTAMP,R1,G1,B1
1,example.jpg,canopy,955,230,1070,802,2024-04-29T19:50:08.686Z,237,2,2
2,example.jpg,canopy,973,241,1070,802,2024-04-29T19:50:09.744Z,237,2,2
3,example.jpg,canopy,988,245,1070,802,2024-04-29T19:50:10.717Z,237,2,2
4,example.jpg,canopy,1007,250,1070,802,2024-04-29T19:50:11.513Z,237,2,2
5,example.jpg,canopy,1021,258,1070,802,2024-04-29T19:50:12.766Z,237,2,2
6,example.jpg,canopy,904,252,1070,802,2024-04-29T19:50:14.180Z,237,2,2
7,example.jpg,canopy,750,203,1070,802,2024-04-29T19:50:15.608Z,237,2,2
8,example.jpg,canopy,721,205,1070,802,2024-04-29T19:50:16.379Z,237,2,2
9,example.jpg,canopy,654,209,1070,802,2024-04-29T19:50:17.538Z,237,2,2
10,example.jpg,canopy,607,187,1070,802,2024-04-29T19:50:18.735Z,237,2,2
11,example.jpg,canopy,575,192,1070,802,2024-04-29T19:50:19.930Z,237,2,2
12,example.jpg,canopy,594,245,1070,802,2024-04-29T19:50:21.457Z,237,2,2
13,example.jpg,canopy,638,217,1070,802,2024-04-29T19:50:23.876Z,237,2,2
14,example.jpg,canopy,277,220,1070,802,2024-04-29T19:50:25.456Z,237,2,2
15,example.jpg,canopy,276,182,1070,802,2024-04-29T19:50:26.423Z,237,2,2
16,example.jpg,canopy,303,167,1070,802,2024-04-29T19:50:27.359Z,237,2,2
17,example.jpg,canopy,151,163,1070,802,2024-04-29T19:50:29.324Z,237,2,2
18,example.jpg,canopy,188,185,1070,802,2024-04-29T19:50:30.995Z,237,2,2
19,example.jpg,canopy,201,202,1070,802,2024-04-29T19:50:32.515Z,237,2,2
20,example.jpg,canopy,212,227,1070,802,2024-04-29T19:50:33.815Z,237,2,2
21,example.jpg,canopy,231,321,1070,802,2024-04-29T19:50:34.813Z,237,2,2
22,example.jpg,canopy,220,351,1070,802,2024-04-29T19:50:35.659Z,237,2,2
23,example.jpg,canopy,202,481,1070,802,2024-04-29T19:50:37.246Z,237,2,2
24,example.jpg,canopy,250,525,1070,802,2024-04-29T19:50:39.158Z,237,2,2
25,example.jpg,canopy,361,489,1070,802,2024-04-29T19:50:40.308Z,237,2,2
26,example.jpg,canopy,328,489,1070,802,2024-04-29T19:50:41.262Z,237,2,2
27,example.jpg,canopy,321,547,1070,802,2024-04-29T19:50:42.340Z,237,2,2
28,example.jpg,canopy,242,653,1070,802,2024-04-29T19:50:43.435Z,237,2,2
29,example.jpg,canopy,224,695,1070,802,2024-04-29T19:50:44.626Z,237,2,2
30,example.jpg,canopy,253,718,1070,802,2024-04-29T19:50:45.831Z,237,2,2
31,example.jpg,canopy,194,745,1070,802,2024-04-29T19:50:47.404Z,237,2,2
32,example.jpg,canopy,222,726,1070,802,2024-04-29T19:50:48.994Z,237,2,2
33,example.jpg,canopy,144,779,1070,802,2024-04-29T19:50:50.456Z,237,2,2
34,example.jpg,canopy,115,762,1070,802,2024-04-29T19:50:51.580Z,237,2,2
35,example.jpg,canopy,237,770,1070,802,2024-04-29T19:50:52.936Z,237,2,2
36,example.jpg,canopy,411,635,1070,802,2024-04-29T19:50:54.946Z,237,2,2
37,example.jpg,canopy,429,611,1070,802,2024-04-29T19:50:56.065Z,237,2,2
38,example.jpg,canopy,641,652,1070,802,2024-04-29T19:50:57.675Z,237,2,2
39,example.jpg,canopy,659,647,1070,802,2024-04-29T19:50:58.916Z,237,2,2
40,example.jpg,canopy,667,597,1070,802,2024-04-29T19:51:00.184Z,237,2,2
41,example.jpg,canopy,678,608,1070,802,2024-04-29T19:51:01.382Z,237,2,2
42,example.jpg,canopy,742,635,1070,802,2024-04-29T19:51:02.582Z,237,2,2
43,example.jpg,canopy,730,630,1070,802,2024-04-29T19:51:03.390Z,237,2,2
44,example.jpg,canopy,907,736,1070,802,2024-04-29T19:51:04.829Z,237,2,2
45,example.jpg,canopy,894,725,1070,802,2024-04-29T19:51:05.905Z,237,2,2
46,example.jpg,canopy,924,765,1070,802,2024-04-29T19:51:07.692Z,237,2,2
47,example.jpg,canopy,999,736,1070,802,2024-04-29T19:51:08.936Z,237,2,2
48,example.jpg,canopy,1016,771,1070,802,2024-04-29T19:51:11.790Z,237,2,2
49,example.jpg,canopy,871,779,1070,802,2024-04-29T19:51:13.799Z,237,2,2
50,example.jpg,canopy,847,697,1070,802,2024-04-29T19:51:15.119Z,237,2,2
51,example.jpg,canopy,846,733,1070,802,2024-04-29T19:51:17.866Z,237,2,2
52,example.jpg,canopy,865,756,1070,802,2024-04-29T19:51:19.251Z,237,2,2
53,example.jpg,canopy,891,635,1070,802,2024-04-29T19:51:20.617Z,237,2,2
54,example.jpg,canopy,891,613,1070,802,2024-04-29T19:51:21.770Z,237,2,2
55,example.jpg,canopy,886,578,1070,802,2024-04-29T19:51:23.289Z,237,2,2
56,example.jpg,canopy,518,507,1070,802,2024-04-29T19:51:25.144Z,237,2,2
57,example.jpg,canopy,504,461,1070,802,2024-04-29T19:51:26.045Z,237,2,2
58,example.jpg,canopy,484,496,1070,802,2024-04-29T19:51:27.019Z,237,2,2
59,example.jpg,canopy,540,484,1070,802,2024-04-29T19:51:28.253Z,237,2,2
60,example.jpg,canopy,658,444,1070,802,2024-04-29T19:51:30.475Z,237,2,2
61,example.jpg,canopy,696,421,1070,802,2024-04-29T19:51:31.815Z,237,2,2
62,example.jpg,canopy,745,353,1070,802,2024-04-29T19:51:33.240Z,237,2,2
63,example.jpg,canopy,754,374,1070,802,2024-04-29T19:51:35.277Z,237,2,2
64,example.jpg,canopy,729,378,1070,802,2024-04-29T19:51:37.001Z,237,2,2
65,example.jpg,canopy,871,309,1070,802,2024-04-29T19:51:38.880Z,237,2,2
66,example.jpg,canopy,840,167,1070,802,2024-04-29T19:51:40.325Z,237,2,2
67,example.jpg,canopy,866,144,1070,802,2024-04-29T19:51:41.205Z,237,2,2
68,example.jpg,canopy,894,127,1070,802,2024-04-29T19:51:42.489Z,237,2,2
69,example.jpg,canopy,1041,91,1070,802,2024-04-29T19:51:43.723Z,237,2,2
70,example.jpg,canopy,1014,102,1070,802,2024-04-29T19:51:44.487Z,237,2,2
71,example.jpg,canopy,982,120,1070,802,2024-04-29T19:51:45.880Z,237,2,2
72,example.jpg,canopy,1055,86,1070,802,2024-04-29T19:51:46.841Z,237,2,2
73,example.jpg,canopy,990,28,1070,802,2024-04-29T19:51:48.279Z,237,2,2
74,example.jpg,canopy,653,69,1070,802,2024-04-29T19:51:50.409Z,237,2,2
75,example.jpg,canopy,517,76,1070,802,2024-04-29T19:51:51.554Z,237,2,2
76,example.jpg,canopy,470,185,1070,802,2024-04-29T19:51:52.900Z,237,2,2
77,example.jpg,canopy,529,163,1070,802,2024-04-29T19:51:53.947Z,237,2,2
78,example.jpg,canopy,584,206,1070,802,2024-04-29T19:51:56.523Z,237,2,2
79,example.jpg,canopy,239,538,1070,802,2024-04-29T19:51:58.409Z,237,2,2
80,example.jpg,canopy,243,557,1070,802,2024-04-29T19:51:59.548Z,237,2,2
81,example.jpg,canopy,169,442,1070,802,2024-04-29T19:52:01.347Z,237,2,2
82,example.jpg,canopy,190,413,1070,802,2024-04-29T19:52:02.216Z,237,2,2
83,example.jpg,canopy,224,337,1070,802,2024-04-29T19:52:04.923Z,237,2,2
84,example.jpg,canopy,233,298,1070,802,2024-04-29T19:52:06.264Z,237,2,2
85,example.jpg,canopy,128,428,1070,802,2024-04-29T19:52:07.908Z,237,2,2
86,example.jpg,canopy,104,422,1070,802,2024-04-29T19:52:09.110Z,237,2,2
87,example.jpg,canopy,96,510,1070,802,2024-04-29T19:52:11.486Z,237,2,2
88,example.jpg,canopy,62,505,1070,802,2024-04-29T19:52:12.755Z,237,2,2
89,example.jpg,canopy,206,501,1070,802,2024-04-29T19:52:14.843Z,237,2,2
90,example.jpg,canopy,207,460,1070,802,2024-04-29T19:52:16.310Z,237,2,2
91,example.jpg,canopy,252,247,1070,802,2024-04-29T19:52:17.655Z,237,2,2
92,example.jpg,canopy,152,177,1070,802,2024-04-29T19:52:20.094Z,237,2,2
93,example.jpg,canopy,149,152,1070,802,2024-04-29T19:52:21.729Z,237,2,2
94,example.jpg,canopy,234,111,1070,802,2024-04-29T19:52:22.954Z,237,2,2
95,example.jpg,canopy,247,119,1070,802,2024-04-29T19:52:24.093Z,237,2,2
96,example.jpg,canopy,298,152,1070,802,2024-04-29T19:52:25.546Z,237,2,2
97,example.jpg,canopy,519,88,1070,802,2024-04-29T19:52:27.314Z,237,2,2
98,example.jpg,canopy,521,60,1070,802,2024-04-29T19:52:28.394Z,237,2,2
99,example.jpg,canopy,479,174,1070,802,2024-04-29T19:52:30.079Z,237,2,2
100,example.jpg,canopy,509,65,1070,802,2024-04-29T19:52:33.075Z,237,2,2
101,example.jpg,background,465,303,1070,802,2024-04-29T19:53:18.335Z,26,15,174
102,example.jpg,background,422,252,1070,802,2024-04-29T19:53:29.674Z,26,15,174
103,example.jpg,background,420,152,1070,802,2024-04-29T19:53:31.586Z,26,15,174
104,example.jpg,background,422,105,1070,802,2024-04-29T19:53:32.482Z,26,15,174
105,example.jpg,background,56,164,1070,802,2024-04-29T19:53:34.146Z,26,15,174
106,example.jpg,background,22,162,1070,802,2024-04-29T19:53:35.005Z,26,15,174
107,example.jpg,background,37,129,1070,802,2024-04-29T19:53:35.900Z,26,15,174
108,example.jpg,background,48,142,1070,802,2024-04-29T19:53:37.375Z,26,15,174
109,example.jpg,background,184,72,1070,802,2024-04-29T19:53:38.709Z,26,15,174
110,example.jpg,background,396,350,1070,802,2024-04-29T19:53:54.232Z,26,15,174
111,example.jpg,background,361,343,1070,802,2024-04-29T19:53:54.961Z,26,15,174
112,example.jpg,background,354,320,1070,802,2024-04-29T19:53:55.892Z,26,15,174
113,example.jpg,background,354,296,1070,802,2024-04-29T19:53:57.613Z,26,15,174
114,example.jpg,background,164,293,1070,802,2024-04-29T19:53:59.333Z,26,15,174
115,example.jpg,background,139,316,1070,802,2024-04-29T19:54:00.401Z,26,15,174
116,example.jpg,background,127,345,1070,802,2024-04-29T19:54:01.116Z,26,15,174
117,example.jpg,background,104,341,1070,802,2024-04-29T19:54:01.936Z,26,15,174
118,example.jpg,background,78,337,1070,802,2024-04-29T19:54:02.804Z,26,15,174
119,example.jpg,background,54,404,1070,802,2024-04-29T19:54:04.500Z,26,15,174
120,example.jpg,background,41,370,1070,802,2024-04-29T19:54:05.441Z,26,15,174
121,example.jpg,background,37,347,1070,802,2024-04-29T19:54:06.387Z,26,15,174
122,example.jpg,background,12,354,1070,802,2024-04-29T19:54:07.320Z,26,15,174
123,example.jpg,background,74,475,1070,802,2024-04-29T19:54:08.724Z,26,15,174
124,example.jpg,background,55,477,1070,802,2024-04-29T19:54:09.719Z,26,15,174
125,example.jpg,background,13,472,1070,802,2024-04-29T19:54:10.795Z,26,15,174
126,example.jpg,background,90,631,1070,802,2024-04-29T19:54:12.524Z,26,15,174
127,example.jpg,background,62,652,1070,802,2024-04-29T19:54:13.346Z,26,15,174
128,example.jpg,background,28,607,1070,802,2024-04-29T19:54:14.171Z,26,15,174
129,example.jpg,background,27,578,1070,802,2024-04-29T19:54:14.969Z,26,15,174
130,example.jpg,background,21,540,1070,802,2024-04-29T19:54:15.760Z,26,15,174
131,example.jpg,background,343,680,1070,802,2024-04-29T19:54:17.844Z,26,15,174
132,example.jpg,background,376,747,1070,802,2024-04-29T19:54:18.726Z,26,15,174
133,example.jpg,background,364,715,1070,802,2024-04-29T19:54:19.692Z,26,15,174
134,example.jpg,background,543,607,1070,802,2024-04-29T19:54:21.517Z,26,15,174
135,example.jpg,background,548,577,1070,802,2024-04-29T19:54:22.564Z,26,15,174
136,example.jpg,background,548,577,1070,802,2024-04-29T19:54:22.822Z,26,15,174
137,example.jpg,background,548,577,1070,802,2024-04-29T19:54:24.857Z,26,15,174
138,example.jpg,background,559,526,1070,802,2024-04-29T19:54:25.252Z,26,15,174
139,example.jpg,background,559,526,1070,802,2024-04-29T19:54:25.430Z,26,15,174
140,example.jpg,background,687,709,1070,802,2024-04-29T19:54:27.506Z,26,15,174
141,example.jpg,background,644,704,1070,802,2024-04-29T19:54:28.526Z,26,15,174
142,example.jpg,background,545,646,1070,802,2024-04-29T19:54:29.739Z,26,15,174
143,example.jpg,background,575,688,1070,802,2024-04-29T19:54:32.527Z,26,15,174
144,example.jpg,background,542,681,1070,802,2024-04-29T19:54:33.569Z,26,15,174
145,example.jpg,background,708,758,1070,802,2024-04-29T19:54:36.754Z,26,15,174
146,example.jpg,background,689,743,1070,802,2024-04-29T19:54:37.677Z,26,15,174
147,example.jpg,background,655,736,1070,802,2024-04-29T19:54:38.716Z,26,15,174
148,example.jpg,background,784,792,1070,802,2024-04-29T19:54:39.992Z,26,15,174
149,example.jpg,background,772,552,1070,802,2024-04-29T19:54:42.004Z,26,15,174
150,example.jpg,background,893,517,1070,802,2024-04-29T19:54:42.913Z,26,15,174
151,example.jpg,background,947,531,1070,802,2024-04-29T19:54:43.918Z,26,15,174
152,example.jpg,background,1054,514,1070,802,2024-04-29T19:54:45.737Z,26,15,174
153,example.jpg,background,805,285,1070,802,2024-04-29T19:54:49.145Z,26,15,174
154,example.jpg,background,371,620,1070,802,2024-04-29T19:54:51.516Z,26,15,174
155,example.jpg,background,332,596,1070,802,2024-04-29T19:54:52.446Z,26,15,174
156,example.jpg,background,285,610,1070,802,2024-04-29T19:54:53.322Z,26,15,174
157,example.jpg,background,241,621,1070,802,2024-04-29T19:54:57.517Z,26,15,174
158,example.jpg,background,67,720,1070,802,2024-04-29T19:54:59.387Z,26,15,174
159,example.jpg,background,27,656,1070,802,2024-04-29T19:55:00.497Z,26,15,174
160,example.jpg,background,798,152,1070,802,2024-04-29T19:55:04.628Z,26,15,174
161,example.jpg,background,737,143,1070,802,2024-04-29T19:55:05.856Z,26,15,174
162,example.jpg,background,719,88,1070,802,2024-04-29T19:55:07.297Z,26,15,174
163,example.jpg,background,904,23,1070,802,2024-04-29T19:55:08.697Z,26,15,174
164,example.jpg,background,1026,150,1070,802,2024-04-29T19:55:10.272Z,26,15,174
165,example.jpg,background,1048,238,1070,802,2024-04-29T19:55:12.195Z,26,15,174
166,example.jpg,background,951,384,1070,802,2024-04-29T19:55:16.614Z,26,15,174
167,example.jpg,background,891,371,1070,802,2024-04-29T19:55:17.610Z,26,15,174
168,example.jpg,background,848,395,1070,802,2024-04-29T19:55:18.440Z,26,15,174
169,example.jpg,background,866,441,1070,802,2024-04-29T19:55:19.257Z,26,15,174
170,example.jpg,background,847,423,1070,802,2024-04-29T19:55:20.204Z,26,15,174
171,example.jpg,background,714,328,1070,802,2024-04-29T19:55:21.299Z,26,15,174
172,example.jpg,background,692,292,1070,802,2024-04-29T19:55:22.245Z,26,15,174
173,example.jpg,background,694,327,1070,802,2024-04-29T19:55:23.419Z,26,15,174
174,example.jpg,background,666,401,1070,802,2024-04-29T19:55:24.527Z,26,15,174
175,example.jpg,background,606,409,1070,802,2024-04-29T19:55:26.041Z,26,15,174
176,example.jpg,background,591,438,1070,802,2024-04-29T19:55:26.941Z,26,15,174
177,example.jpg,background,523,419,1070,802,2024-04-29T19:55:27.741Z,26,15,174
178,example.jpg,background,458,419,1070,802,2024-04-29T19:55:28.512Z,26,15,174
179,example.jpg,background,362,420,1070,802,2024-04-29T19:55:29.449Z,26,15,174
180,example.jpg,background,316,422,1070,802,2024-04-29T19:55:30.311Z,26,15,174
181,example.jpg,background,329,378,1070,802,2024-04-29T19:55:33.457Z,26,15,174
182,example.jpg,background,316,332,1070,802,2024-04-29T19:55:45.108Z,26,15,174
183,example.jpg,background,330,353,1070,802,2024-04-29T19:55:46.189Z,26,15,174
184,example.jpg,background,338,654,1070,802,2024-04-29T19:55:48.671Z,26,15,174
185,example.jpg,background,352,728,1070,802,2024-04-29T19:55:49.950Z,26,15,174
186,example.jpg,background,361,778,1070,802,2024-04-29T19:55:51.036Z,26,15,174
187,example.jpg,background,505,743,1070,802,2024-04-29T19:55:53.256Z,26,15,174
188,example.jpg,background,1033,720,1070,802,2024-04-29T19:55:57.557Z,26,15,174
189,example.jpg,background,1049,647,1070,802,2024-04-29T19:56:00.158Z,26,15,174
190,example.jpg,background,1005,664,1070,802,2024-04-29T19:56:01.480Z,26,15,174
191,example.jpg,background,1005,482,1070,802,2024-04-29T19:56:03.079Z,26,15,174
192,example.jpg,background,1052,487,1070,802,2024-04-29T19:56:04.774Z,26,15,174
193,example.jpg,background,410,57,1070,802,2024-04-29T19:56:09.479Z,26,15,174
194,example.jpg,background,367,48,1070,802,2024-04-29T19:56:10.587Z,26,15,174
195,example.jpg,background,299,28,1070,802,2024-04-29T19:56:11.606Z,26,15,174
196,example.jpg,background,262,16,1070,802,2024-04-29T19:56:12.728Z,26,15,174
197,example.jpg,background,285,48,1070,802,2024-04-29T19:56:13.617Z,26,15,174
198,example.jpg,background,159,50,1070,802,2024-04-29T19:56:15.034Z,26,15,174
199,example.jpg,background,16,222,1070,802,2024-04-29T19:56:16.919Z,26,15,174
200,example.jpg,background,151,228,1070,802,2024-04-29T19:56:19.476Z,26,15,174
201,example.jpg,background,130,290,1070,802,2024-04-29T19:56:20.777Z,26,15,174
202,example.jpg,background,217,581,1070,802,2024-04-29T19:56:22.521Z,26,15,174
203,example.jpg,background,221,611,1070,802,2024-04-29T19:56:23.640Z,26,15,174
204,example.jpg,background,55,714,1070,802,2024-04-29T19:56:25.374Z,26,15,174
205,example.jpg,background,37,747,1070,802,2024-04-29T19:56:26.423Z,26,15,174
206,example.jpg,background,53,771,1070,802,2024-04-29T19:56:27.431Z,26,15,174
207,example.jpg,background,8,595,1070,802,2024-04-29T19:56:28.875Z,26,15,174
208,example.jpg,background,780,585,1070,802,2024-04-29T19:56:31.174Z,26,15,174
209,example.jpg,background,961,552,1070,802,2024-04-29T19:56:32.306Z,26,15,174
210,example.jpg,background,603,551,1070,802,2024-04-29T19:56:36.186Z,26,15,174
211,example.jpg,background,548,555,1070,802,2024-04-29T19:56:36.962Z,26,15,174
212,example.jpg,background,526,592,1070,802,2024-04-29T19:56:37.881Z,26,15,174
213,example.jpg,background,513,624,1070,802,2024-04-29T19:56:38.692Z,26,15,174
214,example.jpg,background,528,657,1070,802,2024-04-29T19:56:39.625Z,26,15,174
215,example.jpg,background,492,721,1070,802,2024-04-29T19:56:40.813Z,26,15,174
1,example.jpg,canopy,313,414,917,687,2024-04-29T19:49:45.364Z,237,2,2
2,example.jpg,canopy,512,152,917,687,2024-04-29T19:49:48.441Z,237,2,2
3,example.jpg,canopy,861,211,917,687,2024-04-29T19:49:50.198Z,237,2,2
4,example.jpg,canopy,737,132,917,687,2024-04-29T19:49:51.817Z,237,2,2
5,example.jpg,canopy,443,55,917,687,2024-04-29T19:49:53.412Z,237,2,2
6,example.jpg,canopy,260,145,917,687,2024-04-29T19:49:57.166Z,237,2,2
7,example.jpg,canopy,196,282,917,687,2024-04-29T19:50:01.949Z,237,2,2
8,example.jpg,canopy,183,651,917,687,2024-04-29T19:50:14.403Z,237,2,2
9,example.jpg,canopy,635,551,917,687,2024-04-29T19:50:16.290Z,237,2,2
10,example.jpg,canopy,899,79,917,687,2024-04-29T19:50:23.414Z,237,2,2
11,example.jpg,canopy,813,196,917,687,2024-04-29T19:50:25.927Z,237,2,2
12,example.jpg,canopy,779,205,917,687,2024-04-29T19:50:27.187Z,237,2,2
13,example.jpg,canopy,776,214,917,687,2024-04-29T19:50:28.488Z,237,2,2
14,example.jpg,canopy,770,225,917,687,2024-04-29T19:50:29.261Z,237,2,2
15,example.jpg,canopy,754,252,917,687,2024-04-29T19:50:30.301Z,237,2,2
16,example.jpg,canopy,660,305,917,687,2024-04-29T19:50:33.115Z,237,2,2
17,example.jpg,canopy,399,158,917,687,2024-04-29T19:50:35.042Z,237,2,2
18,example.jpg,canopy,701,14,917,687,2024-04-29T19:50:37.336Z,237,2,2
19,example.jpg,canopy,858,19,917,687,2024-04-29T19:50:38.547Z,237,2,2
20,example.jpg,canopy,762,110,917,687,2024-04-29T19:50:41.109Z,237,2,2
21,example.jpg,canopy,501,329,917,687,2024-04-29T19:50:43.508Z,237,2,2
22,example.jpg,canopy,484,293,917,687,2024-04-29T19:50:45.931Z,237,2,2
23,example.jpg,canopy,159,357,917,687,2024-04-29T19:50:48.030Z,237,2,2
24,example.jpg,canopy,178,404,917,687,2024-04-29T19:50:50.297Z,237,2,2
25,example.jpg,canopy,275,466,917,687,2024-04-29T19:50:53.428Z,237,2,2
26,example.jpg,canopy,207,560,917,687,2024-04-29T19:50:55.763Z,237,2,2
27,example.jpg,canopy,128,136,917,687,2024-04-29T19:50:57.519Z,237,2,2
28,example.jpg,canopy,131,150,917,687,2024-04-29T19:50:58.787Z,237,2,2
29,example.jpg,canopy,205,95,917,687,2024-04-29T19:50:59.829Z,237,2,2
30,example.jpg,canopy,489,19,917,687,2024-04-29T19:51:01.943Z,237,2,2
31,example.jpg,canopy,596,25,917,687,2024-04-29T19:51:04.293Z,237,2,2
32,example.jpg,canopy,741,85,917,687,2024-04-29T19:51:06.108Z,237,2,2
33,example.jpg,canopy,661,175,917,687,2024-04-29T19:51:07.618Z,237,2,2
34,example.jpg,canopy,634,174,917,687,2024-04-29T19:51:08.392Z,237,2,2
35,example.jpg,canopy,608,179,917,687,2024-04-29T19:51:09.985Z,237,2,2
36,example.jpg,canopy,612,200,917,687,2024-04-29T19:51:11.863Z,237,2,2
37,example.jpg,canopy,574,249,917,687,2024-04-29T19:51:13.572Z,237,2,2
38,example.jpg,canopy,572,513,917,687,2024-04-29T19:51:15.557Z,237,2,2
39,example.jpg,canopy,386,538,917,687,2024-04-29T19:51:19.548Z,237,2,2
40,example.jpg,canopy,433,392,917,687,2024-04-29T19:51:20.996Z,237,2,2
41,example.jpg,canopy,595,367,917,687,2024-04-29T19:51:23.447Z,237,2,2
42,example.jpg,canopy,559,371,917,687,2024-04-29T19:51:25.366Z,237,2,2
43,example.jpg,canopy,554,555,917,687,2024-04-29T19:51:26.830Z,237,2,2
44,example.jpg,canopy,610,500,917,687,2024-04-29T19:51:28.697Z,237,2,2
45,example.jpg,canopy,902,70,917,687,2024-04-29T19:51:31.894Z,237,2,2
46,example.jpg,canopy,451,66,917,687,2024-04-29T19:51:33.659Z,237,2,2
47,example.jpg,canopy,16,362,917,687,2024-04-29T19:51:36.220Z,237,2,2
48,example.jpg,canopy,135,334,917,687,2024-04-29T19:51:37.984Z,237,2,2
49,example.jpg,canopy,120,374,917,687,2024-04-29T19:51:43.230Z,237,2,2
50,example.jpg,canopy,210,456,917,687,2024-04-29T19:51:44.481Z,237,2,2
51,example.jpg,canopy,68,437,917,687,2024-04-29T19:51:45.863Z,237,2,2
52,example.jpg,canopy,176,421,917,687,2024-04-29T19:51:47.597Z,237,2,2
53,example.jpg,canopy,207,474,917,687,2024-04-29T19:51:49.718Z,237,2,2
54,example.jpg,canopy,118,670,917,687,2024-04-29T19:51:51.679Z,237,2,2
55,example.jpg,canopy,191,596,917,687,2024-04-29T19:51:53.378Z,237,2,2
56,example.jpg,canopy,369,525,917,687,2024-04-29T19:51:57.371Z,237,2,2
57,example.jpg,canopy,540,188,917,687,2024-04-29T19:52:04.742Z,237,2,2
58,example.jpg,canopy,487,164,917,687,2024-04-29T19:52:05.827Z,237,2,2
59,example.jpg,canopy,651,105,917,687,2024-04-29T19:52:10.499Z,237,2,2
60,example.jpg,canopy,191,293,917,687,2024-04-29T19:52:13.402Z,237,2,2
61,example.jpg,background,209,72,1070,802,2024-04-29T19:52:33.581Z,237,2,2
62,example.jpg,background,187,82,1070,802,2024-04-29T19:52:34.717Z,237,2,2
63,example.jpg,background,171,167,1070,802,2024-04-29T19:52:36.395Z,237,2,2
64,example.jpg,background,170,195,1070,802,2024-04-29T19:52:37.363Z,237,2,2
65,example.jpg,background,41,155,1070,802,2024-04-29T19:52:38.493Z,237,2,2
66,example.jpg,background,75,316,1070,802,2024-04-29T19:52:40.505Z,237,2,2
67,example.jpg,background,57,476,1070,802,2024-04-29T19:52:42.168Z,237,2,2
68,example.jpg,background,86,489,1070,802,2024-04-29T19:52:43.023Z,237,2,2
69,example.jpg,background,109,457,1070,802,2024-04-29T19:52:43.970Z,237,2,2
70,example.jpg,background,9,538,1070,802,2024-04-29T19:52:45.347Z,237,2,2
71,example.jpg,background,7,565,1070,802,2024-04-29T19:52:45.969Z,237,2,2
72,example.jpg,background,9,591,1070,802,2024-04-29T19:52:46.653Z,237,2,2
73,example.jpg,background,13,633,1070,802,2024-04-29T19:52:47.338Z,237,2,2
74,example.jpg,background,37,605,1070,802,2024-04-29T19:52:48.156Z,237,2,2
75,example.jpg,background,39,575,1070,802,2024-04-29T19:52:48.992Z,237,2,2
76,example.jpg,background,38,551,1070,802,2024-04-29T19:52:49.872Z,237,2,2
77,example.jpg,background,43,483,1070,802,2024-04-29T19:52:51.423Z,237,2,2
78,example.jpg,background,57,707,1070,802,2024-04-29T19:52:52.799Z,237,2,2
79,example.jpg,background,80,726,1070,802,2024-04-29T19:52:53.635Z,237,2,2
80,example.jpg,background,80,676,1070,802,2024-04-29T19:52:54.465Z,237,2,2
81,example.jpg,background,114,653,1070,802,2024-04-29T19:52:55.313Z,237,2,2
82,example.jpg,background,243,609,1070,802,2024-04-29T19:52:56.237Z,237,2,2
83,example.jpg,background,253,582,1070,802,2024-04-29T19:52:57.121Z,237,2,2
84,example.jpg,background,284,634,1070,802,2024-04-29T19:52:58.191Z,237,2,2
85,example.jpg,background,331,660,1070,802,2024-04-29T19:52:58.849Z,237,2,2
86,example.jpg,background,361,692,1070,802,2024-04-29T19:52:59.571Z,237,2,2
87,example.jpg,background,364,722,1070,802,2024-04-29T19:53:00.172Z,237,2,2
88,example.jpg,background,364,738,1070,802,2024-04-29T19:53:00.933Z,237,2,2
89,example.jpg,background,384,754,1070,802,2024-04-29T19:53:02.133Z,237,2,2
90,example.jpg,background,436,706,1070,802,2024-04-29T19:53:03.569Z,237,2,2
91,example.jpg,background,377,706,1070,802,2024-04-29T19:53:04.554Z,237,2,2
92,example.jpg,background,321,675,1070,802,2024-04-29T19:53:05.432Z,237,2,2
93,example.jpg,background,397,602,1070,802,2024-04-29T19:53:06.547Z,237,2,2
94,example.jpg,background,427,568,1070,802,2024-04-29T19:53:07.813Z,237,2,2
95,example.jpg,background,488,585,1070,802,2024-04-29T19:53:09.355Z,237,2,2
96,example.jpg,background,533,607,1070,802,2024-04-29T19:53:10.407Z,237,2,2
97,example.jpg,background,652,703,1070,802,2024-04-29T19:53:11.316Z,237,2,2
98,example.jpg,background,656,683,1070,802,2024-04-29T19:53:12.028Z,237,2,2
99,example.jpg,background,671,663,1070,802,2024-04-29T19:53:13.045Z,237,2,2
100,example.jpg,background,672,722,1070,802,2024-04-29T19:53:14.043Z,237,2,2
101,example.jpg,background,719,752,1070,802,2024-04-29T19:53:14.931Z,237,2,2
102,example.jpg,background,803,698,1070,802,2024-04-29T19:53:16.026Z,237,2,2
103,example.jpg,background,779,565,1070,802,2024-04-29T19:53:17.075Z,237,2,2
104,example.jpg,background,809,536,1070,802,2024-04-29T19:53:18.294Z,237,2,2
105,example.jpg,background,964,539,1070,802,2024-04-29T19:53:19.511Z,237,2,2
106,example.jpg,background,900,516,1070,802,2024-04-29T19:53:20.343Z,237,2,2
107,example.jpg,background,1042,510,1070,802,2024-04-29T19:53:21.170Z,237,2,2
108,example.jpg,background,1040,556,1070,802,2024-04-29T19:53:22.156Z,237,2,2
109,example.jpg,background,754,404,1070,802,2024-04-29T19:53:23.239Z,237,2,2
110,example.jpg,background,731,410,1070,802,2024-04-29T19:53:23.822Z,237,2,2
111,example.jpg,background,768,420,1070,802,2024-04-29T19:53:24.741Z,237,2,2
112,example.jpg,background,384,345,1070,802,2024-04-29T19:53:26.644Z,237,2,2
113,example.jpg,background,354,343,1070,802,2024-04-29T19:53:27.122Z,237,2,2
114,example.jpg,background,319,336,1070,802,2024-04-29T19:53:27.712Z,237,2,2
115,example.jpg,background,308,344,1070,802,2024-04-29T19:53:28.494Z,237,2,2
116,example.jpg,background,308,344,1070,802,2024-04-29T19:53:28.813Z,237,2,2
117,example.jpg,background,384,363,1070,802,2024-04-29T19:53:29.333Z,237,2,2
118,example.jpg,background,470,290,1070,802,2024-04-29T19:53:30.003Z,237,2,2
119,example.jpg,background,461,306,1070,802,2024-04-29T19:53:30.634Z,237,2,2
120,example.jpg,background,438,260,1070,802,2024-04-29T19:53:31.283Z,237,2,2
121,example.jpg,background,424,230,1070,802,2024-04-29T19:53:31.835Z,237,2,2
122,example.jpg,background,423,192,1070,802,2024-04-29T19:53:32.508Z,237,2,2
123,example.jpg,background,436,146,1070,802,2024-04-29T19:53:44.946Z,237,2,2
124,example.jpg,background,436,92,1070,802,2024-04-29T19:53:45.661Z,237,2,2
125,example.jpg,background,424,64,1070,802,2024-04-29T19:53:46.229Z,237,2,2
126,example.jpg,background,440,48,1070,802,2024-04-29T19:53:47.029Z,237,2,2
127,example.jpg,background,711,315,1070,802,2024-04-29T19:53:49.096Z,237,2,2
128,example.jpg,background,773,289,1070,802,2024-04-29T19:53:50.111Z,237,2,2
129,example.jpg,background,1016,220,1070,802,2024-04-29T19:53:52.592Z,237,2,2
130,example.jpg,background,1035,168,1070,802,2024-04-29T19:53:54.757Z,237,2,2
131,example.jpg,background,862,369,1070,802,2024-04-29T19:53:55.857Z,237,2,2
132,example.jpg,background,877,339,1070,802,2024-04-29T19:53:56.526Z,237,2,2
133,example.jpg,background,724,424,1070,802,2024-04-29T19:53:57.672Z,237,2,2
134,example.jpg,background,755,564,1070,802,2024-04-29T19:53:59.334Z,237,2,2
135,example.jpg,background,1052,517,1070,802,2024-04-29T19:54:00.506Z,237,2,2
136,example.jpg,background,1052,487,1070,802,2024-04-29T19:54:01.192Z,237,2,2
137,example.jpg,background,1031,662,1070,802,2024-04-29T19:54:02.198Z,237,2,2
138,example.jpg,background,759,589,1070,802,2024-04-29T19:54:03.991Z,237,2,2
139,example.jpg,background,607,539,1070,802,2024-04-29T19:54:04.919Z,237,2,2
140,example.jpg,background,578,469,1070,802,2024-04-29T19:54:05.590Z,237,2,2
141,example.jpg,background,728,545,1070,802,2024-04-29T19:50:39.889Z,237,2,2
142,example.jpg,background,578,600,1070,802,2024-04-29T19:50:41.106Z,237,2,2
143,example.jpg,background,531,562,1070,802,2024-04-29T19:50:42.103Z,237,2,2
144,example.jpg,background,529,645,1070,802,2024-04-29T19:50:51.947Z,237,2,2
145,example.jpg,background,119,603,1070,802,2024-04-29T19:50:53.528Z,237,2,2
146,example.jpg,background,79,638,1070,802,2024-04-29T19:50:54.205Z,237,2,2
147,example.jpg,background,54,657,1070,802,2024-04-29T19:50:54.982Z,237,2,2
148,example.jpg,background,119,283,1070,802,2024-04-29T19:50:56.620Z,237,2,2
149,example.jpg,background,176,289,1070,802,2024-04-29T19:50:57.529Z,237,2,2
150,example.jpg,background,152,292,1070,802,2024-04-29T19:50:58.066Z,237,2,2
151,example.jpg,background,423,55,1070,802,2024-04-29T19:51:00.476Z,237,2,2
152,example.jpg,background,422,67,1070,802,2024-04-29T19:51:01.574Z,237,2,2
153,example.jpg,background,725,38,1070,802,2024-04-29T19:51:03.323Z,237,2,2
154,example.jpg,background,525,208,1070,802,2024-04-29T19:51:07.700Z,237,2,2
155,example.jpg,background,419,239,1070,802,2024-04-29T19:51:09.178Z,237,2,2
156,example.jpg,background,398,101,1070,802,2024-04-29T19:51:10.961Z,237,2,2
157,example.jpg,background,695,357,1070,802,2024-04-29T19:51:12.874Z,237,2,2
158,example.jpg,background,894,352,1070,802,2024-04-29T19:51:14.416Z,237,2,2
159,example.jpg,background,882,680,1070,802,2024-04-29T19:51:17.547Z,237,2,2
160,example.jpg,background,824,767,1070,802,2024-04-29T19:51:19.051Z,237,2,2
161,example.jpg,background,826,793,1070,802,2024-04-29T19:51:20.502Z,237,2,2
162,example.jpg,background,654,737,1070,802,2024-04-29T19:51:22.445Z,237,2,2
163,example.jpg,background,715,773,1070,802,2024-04-29T19:51:23.915Z,237,2,2
164,example.jpg,background,593,738,1070,802,2024-04-29T19:51:24.871Z,237,2,2
165,example.jpg,background,586,698,1070,802,2024-04-29T19:51:26.028Z,237,2,2
166,example.jpg,background,561,685,1070,802,2024-04-29T19:51:30.382Z,237,2,2
167,example.jpg,background,202,787,1070,802,2024-04-29T19:51:32.368Z,237,2,2
168,example.jpg,background,178,787,1070,802,2024-04-29T19:51:33.076Z,237,2,2
169,example.jpg,background,107,787,1070,802,2024-04-29T19:51:34.096Z,237,2,2
170,example.jpg,background,21,468,1070,802,2024-04-29T19:51:35.865Z,237,2,2
171,example.jpg,background,407,289,1070,802,2024-04-29T19:51:38.867Z,237,2,2
172,example.jpg,background,429,269,1070,802,2024-04-29T19:51:39.661Z,237,2,2
173,example.jpg,background,540,275,1070,802,2024-04-29T19:51:40.861Z,237,2,2
174,example.jpg,background,532,245,1070,802,2024-04-29T19:51:41.960Z,237,2,2
175,example.jpg,background,732,157,1070,802,2024-04-29T19:52:05.243Z,237,2,2
176,example.jpg,background,421,159,1070,802,2024-04-29T19:52:09.405Z,237,2,2
177,example.jpg,background,412,199,1070,802,2024-04-29T19:52:10.923Z,237,2,2
178,example.jpg,background,500,210,1070,802,2024-04-29T19:52:12.008Z,237,2,2
179,example.jpg,background,495,221,1070,802,2024-04-29T19:52:13.075Z,237,2,2
180,example.jpg,background,648,341,1070,802,2024-04-29T19:52:15.197Z,237,2,2
181,example.jpg,background,370,405,1070,802,2024-04-29T19:52:16.541Z,237,2,2
182,example.jpg,background,360,435,1070,802,2024-04-29T19:52:17.171Z,237,2,2
183,example.jpg,background,355,455,1070,802,2024-04-29T19:52:17.835Z,237,2,2
184,example.jpg,background,616,405,1070,802,2024-04-29T19:52:19.812Z,237,2,2
185,example.jpg,background,554,584,1070,802,2024-04-29T19:52:22.747Z,237,2,2
186,example.jpg,background,523,584,1070,802,2024-04-29T19:52:24.318Z,237,2,2
187,example.jpg,background,154,577,1070,802,2024-04-29T19:52:25.731Z,237,2,2
188,example.jpg,background,33,673,1070,802,2024-04-29T19:52:26.938Z,237,2,2
189,example.jpg,background,46,356,1070,802,2024-04-29T19:52:29.671Z,237,2,2
190,example.jpg,background,130,346,1070,802,2024-04-29T19:52:30.719Z,237,2,2
191,example.jpg,background,135,314,1070,802,2024-04-29T19:52:31.527Z,237,2,2
192,example.jpg,background,139,235,1070,802,2024-04-29T19:52:32.913Z,237,2,2
193,example.jpg,background,327,91,1070,802,2024-04-29T19:52:33.960Z,237,2,2
194,example.jpg,background,558,91,1070,802,2024-04-29T19:52:36.705Z,237,2,2
195,example.jpg,background,670,90,1070,802,2024-04-29T19:52:37.824Z,237,2,2
196,example.jpg,background,1060,372,1070,802,2024-04-29T19:52:39.937Z,237,2,2
197,example.jpg,background,992,622,1070,802,2024-04-29T19:52:42.532Z,237,2,2
198,example.jpg,background,867,684,1070,802,2024-04-29T19:52:44.676Z,237,2,2
199,example.jpg,background,809,773,1070,802,2024-04-29T19:52:46.275Z,237,2,2
200,example.jpg,background,328,693,1070,802,2024-04-29T19:52:50.540Z,237,2,2
201,example.jpg,background,292,776,1070,802,2024-04-29T19:52:52.384Z,237,2,2
202,example.jpg,background,881,436,1070,802,2024-04-29T19:52:55.420Z,237,2,2
203,example.jpg,background,790,275,1070,802,2024-04-29T19:53:06.739Z,237,2,2
204,example.jpg,background,876,256,1070,802,2024-04-29T19:53:07.969Z,237,2,2
205,example.jpg,background,693,148,1070,802,2024-04-29T19:53:10.343Z,237,2,2
206,example.jpg,background,694,562,1070,802,2024-04-29T19:53:13.144Z,237,2,2
207,example.jpg,background,705,552,1070,802,2024-04-29T19:53:13.939Z,237,2,2
208,example.jpg,background,761,526,1070,802,2024-04-29T19:53:14.905Z,237,2,2
209,example.jpg,background,628,479,1070,802,2024-04-29T19:53:16.174Z,237,2,2
210,example.jpg,background,836,377,1070,802,2024-04-29T19:53:18.694Z,237,2,2
211,example.jpg,background,1011,273,1070,802,2024-04-29T19:53:20.354Z,237,2,2
212,example.jpg,background,1035,166,1070,802,2024-04-29T19:53:22.199Z,237,2,2
213,example.jpg,background,333,420,1070,802,2024-04-29T19:53:23.686Z,237,2,2
214,example.jpg,background,368,420,1070,802,2024-04-29T19:53:24.579Z,237,2,2
215,example.jpg,background,104,620,1070,802,2024-04-29T19:53:26.164Z,237,2,2
216,example.jpg,background,7,475,1070,802,2024-04-29T19:53:27.558Z,237,2,2
217,example.jpg,background,59,391,1070,802,2024-04-29T19:53:28.569Z,237,2,2
218,example.jpg,canopy,873,137,1070,802,2024-04-29T19:54:02.210Z,237,2,2
219,example.jpg,canopy,1011,71,1070,802,2024-04-29T19:54:03.321Z,237,2,2
220,example.jpg,canopy,1042,86,1070,802,2024-04-29T19:54:03.969Z,237,2,2
221,example.jpg,canopy,975,123,1070,802,2024-04-29T19:54:04.801Z,237,2,2
222,example.jpg,canopy,949,231,1070,802,2024-04-29T19:54:06.002Z,237,2,2
223,example.jpg,canopy,1000,247,1070,802,2024-04-29T19:54:06.845Z,237,2,2
224,example.jpg,canopy,752,203,1070,802,2024-04-29T19:54:08.005Z,237,2,2
225,example.jpg,canopy,724,203,1070,802,2024-04-29T19:54:08.707Z,237,2,2
226,example.jpg,canopy,657,203,1070,802,2024-04-29T19:54:09.422Z,237,2,2
227,example.jpg,canopy,611,184,1070,802,2024-04-29T19:54:10.057Z,237,2,2
228,example.jpg,canopy,576,161,1070,802,2024-04-29T19:54:10.915Z,237,2,2
229,example.jpg,canopy,667,291,1070,802,2024-04-29T19:54:12.407Z,237,2,2
230,example.jpg,canopy,528,361,1070,802,2024-04-29T19:54:13.285Z,237,2,2
231,example.jpg,canopy,633,361,1070,802,2024-04-29T19:54:14.694Z,237,2,2
232,example.jpg,canopy,691,427,1070,802,2024-04-29T19:54:16.336Z,237,2,2
233,example.jpg,canopy,998,440,1070,802,2024-04-29T19:54:18.819Z,237,2,2
234,example.jpg,canopy,738,631,1070,802,2024-04-29T19:54:20.334Z,237,2,2
235,example.jpg,canopy,661,598,1070,802,2024-04-29T19:54:21.048Z,237,2,2
236,example.jpg,canopy,367,493,1070,802,2024-04-29T19:54:22.280Z,237,2,2
237,example.jpg,canopy,280,493,1070,802,2024-04-29T19:54:23.447Z,237,2,2
238,example.jpg,canopy,198,491,1070,802,2024-04-29T19:54:24.811Z,237,2,2
239,example.jpg,canopy,218,347,1070,802,2024-04-29T19:54:25.713Z,237,2,2
240,example.jpg,canopy,247,252,1070,802,2024-04-29T19:54:27.172Z,237,2,2
1,example.jpg,canopy,862,95,917,687,2024-04-29T19:50:35.488Z,237,2,2
2,example.jpg,canopy,863,51,917,687,2024-04-29T19:50:36.365Z,237,2,2
3,example.jpg,canopy,599,35,917,687,2024-04-29T19:50:39.900Z,65,130,52
4,example.jpg,canopy,448,68,917,687,2024-04-29T19:50:40.982Z,110,161,105
5,example.jpg,canopy,557,180,917,687,2024-04-29T19:50:42.315Z,68,124,58
6,example.jpg,canopy,581,178,917,687,2024-04-29T19:50:43.583Z,69,119,62
7,example.jpg,canopy,247,154,917,687,2024-04-29T19:50:44.950Z,138,186,146
8,example.jpg,canopy,271,139,917,687,2024-04-29T19:50:45.915Z,173,212,191
9,example.jpg,canopy,185,205,917,687,2024-04-29T19:50:47.583Z,58,98,75
10,example.jpg,canopy,16,333,917,687,2024-04-29T19:50:48.849Z,172,217,178
11,example.jpg,canopy,312,408,917,687,2024-04-29T19:50:50.032Z,111,152,112
12,example.jpg,canopy,211,593,917,687,2024-04-29T19:50:51.482Z,129,197,96
13,example.jpg,canopy,221,618,917,687,2024-04-29T19:50:52.332Z,120,171,119
14,example.jpg,canopy,404,579,917,687,2024-04-29T19:50:53.467Z,156,218,144
15,example.jpg,canopy,631,551,917,687,2024-04-29T19:50:54.748Z,132,184,128
16,example.jpg,canopy,725,584,917,687,2024-04-29T19:50:57.000Z,210,237,189
17,example.jpg,canopy,785,635,917,687,2024-04-29T19:50:57.983Z,112,157,137
18,example.jpg,canopy,787,657,917,687,2024-04-29T19:50:59.033Z,84,155,50
19,example.jpg,canopy,867,661,917,687,2024-04-29T19:51:00.565Z,118,193,90
20,example.jpg,canopy,896,654,917,687,2024-04-29T19:51:01.616Z,121,183,114
21,example.jpg,canopy,764,496,917,687,2024-04-29T19:51:03.633Z,119,159,123
22,example.jpg,canopy,607,401,917,687,2024-04-29T19:51:06.349Z,124,172,122
23,example.jpg,canopy,625,323,917,687,2024-04-29T19:51:07.949Z,116,179,98
24,example.jpg,canopy,561,65,917,687,2024-04-29T19:51:10.150Z,147,207,133
25,example.jpg,canopy,395,161,917,687,2024-04-29T19:51:12.133Z,188,223,173
26,example.jpg,canopy,534,158,917,687,2024-04-29T19:51:15.016Z,110,162,90
27,example.jpg,canopy,561,178,917,687,2024-04-29T19:51:16.067Z,94,135,76
28,example.jpg,canopy,168,351,917,687,2024-04-29T19:51:18.016Z,139,207,98
29,example.jpg,canopy,148,377,917,687,2024-04-29T19:51:19.250Z,155,207,157
30,example.jpg,canopy,175,417,917,687,2024-04-29T19:51:19.982Z,149,206,180
31,example.jpg,canopy,558,671,917,687,2024-04-29T19:51:22.883Z,136,183,167
32,example.jpg,canopy,494,21,917,687,2024-04-29T19:51:33.683Z,121,169,117
33,example.jpg,canopy,85,49,917,687,2024-04-29T19:51:35.400Z,126,173,135
34,example.jpg,canopy,53,81,917,687,2024-04-29T19:51:36.517Z,140,172,149
35,example.jpg,canopy,15,265,917,687,2024-04-29T19:51:38.500Z,163,210,158
36,example.jpg,canopy,26,281,917,687,2024-04-29T19:51:39.715Z,82,101,84
37,example.jpg,canopy,69,337,917,687,2024-04-29T19:51:40.949Z,92,148,75
38,example.jpg,canopy,36,375,917,687,2024-04-29T19:51:42.000Z,129,174,136
39,example.jpg,canopy,19,368,917,687,2024-04-29T19:51:42.767Z,155,199,166
40,example.jpg,canopy,12,329,917,687,2024-04-29T19:51:43.916Z,126,169,141
41,example.jpg,canopy,764,491,917,687,2024-04-29T19:51:45.983Z,106,164,118
42,example.jpg,canopy,886,395,917,687,2024-04-29T19:51:47.984Z,109,145,119
43,example.jpg,canopy,903,174,917,687,2024-04-29T19:51:49.317Z,102,136,108
44,example.jpg,canopy,903,76,917,687,2024-04-29T19:51:51.516Z,152,189,181
45,example.jpg,canopy,777,193,917,687,2024-04-29T19:51:53.066Z,101,147,90
46,example.jpg,canopy,651,176,917,687,2024-04-29T19:51:54.199Z,147,204,143
47,example.jpg,canopy,613,177,917,687,2024-04-29T19:51:54.816Z,92,162,66
48,example.jpg,canopy,606,180,917,687,2024-04-29T19:51:55.283Z,94,169,64
49,example.jpg,canopy,643,315,917,687,2024-04-29T19:51:56.449Z,92,159,53
50,example.jpg,canopy,513,214,917,687,2024-04-29T19:51:57.265Z,153,212,146
51,example.jpg,canopy,536,113,917,687,2024-04-29T19:52:01.065Z,227,209,133
52,example.jpg,canopy,727,586,917,687,2024-04-29T19:52:05.717Z,165,207,147
53,example.jpg,canopy,471,297,917,687,2024-04-29T19:52:08.683Z,99,141,88
54,example.jpg,canopy,200,269,917,687,2024-04-29T19:52:12.666Z,113,159,120
55,example.jpg,soil,302,305,917,687,2024-04-29T19:53:09.467Z,103,92,96
56,example.jpg,soil,302,305,917,687,2024-04-29T19:53:09.783Z,103,92,96
57,example.jpg,soil,326,305,917,687,2024-04-29T19:53:10.233Z,133,130,125
58,example.jpg,soil,393,271,917,687,2024-04-29T19:53:10.883Z,172,168,160
59,example.jpg,soil,366,486,917,687,2024-04-29T19:53:11.866Z,146,144,129
60,example.jpg,soil,292,563,917,687,2024-04-29T19:53:12.882Z,151,159,148
61,example.jpg,soil,278,564,917,687,2024-04-29T19:53:13.317Z,110,100,99
62,example.jpg,soil,279,572,917,687,2024-04-29T19:53:13.850Z,142,134,123
63,example.jpg,soil,322,584,917,687,2024-04-29T19:53:14.399Z,143,148,133
64,example.jpg,soil,322,607,917,687,2024-04-29T19:53:14.783Z,133,130,122
65,example.jpg,soil,15,508,917,687,2024-04-29T19:53:15.800Z,126,124,128
66,example.jpg,soil,39,498,917,687,2024-04-29T19:53:16.266Z,152,145,143
67,example.jpg,soil,39,487,917,687,2024-04-29T19:53:16.633Z,187,201,185
68,example.jpg,soil,90,410,917,687,2024-04-29T19:53:17.382Z,90,84,87
69,example.jpg,soil,31,137,917,687,2024-04-29T19:53:18.284Z,166,152,149
70,example.jpg,soil,56,139,917,687,2024-04-29T19:53:18.832Z,102,90,95
71,example.jpg,soil,10,84,917,687,2024-04-29T19:53:19.532Z,54,59,57
72,example.jpg,soil,37,9,917,687,2024-04-29T19:53:20.399Z,134,135,129
73,example.jpg,soil,142,32,917,687,2024-04-29T19:53:21.099Z,108,92,95
74,example.jpg,soil,138,46,917,687,2024-04-29T19:53:21.683Z,91,94,82
75,example.jpg,soil,373,329,917,687,2024-04-29T19:53:24.216Z,65,76,72
76,example.jpg,soil,656,348,917,687,2024-04-29T19:53:24.982Z,115,103,101
77,example.jpg,soil,626,344,917,687,2024-04-29T19:53:25.717Z,122,124,114
78,example.jpg,soil,625,355,917,687,2024-04-29T19:53:26.233Z,103,93,94
79,example.jpg,soil,644,366,917,687,2024-04-29T19:53:26.767Z,116,117,112
80,example.jpg,soil,891,462,917,687,2024-04-29T19:53:27.849Z,154,162,145
81,example.jpg,soil,891,445,917,687,2024-04-29T19:53:28.283Z,162,158,151
82,example.jpg,soil,904,208,917,687,2024-04-29T19:53:29.099Z,99,95,95
83,example.jpg,soil,866,200,917,687,2024-04-29T19:53:29.532Z,133,118,109
84,example.jpg,soil,792,24,917,687,2024-04-29T19:53:31.016Z,113,105,101
85,example.jpg,soil,588,617,917,687,2024-04-29T19:53:32.366Z,170,166,155
86,example.jpg,soil,606,614,917,687,2024-04-29T19:53:32.882Z,87,96,84
87,example.jpg,soil,420,616,917,687,2024-04-29T19:53:33.833Z,127,107,116
88,example.jpg,soil,95,621,917,687,2024-04-29T19:53:36.750Z,29,30,26
89,example.jpg,soil,69,619,917,687,2024-04-29T19:53:37.466Z,75,55,63
90,example.jpg,soil,16,480,917,687,2024-04-29T19:53:39.583Z,190,190,182
91,example.jpg,soil,643,364,917,687,2024-04-29T19:53:42.050Z,65,67,65
92,example.jpg,background,106,83,917,687,2024-04-29T19:54:12.016Z,219,204,181
93,example.jpg,background,137,48,917,687,2024-04-29T19:54:12.649Z,127,139,128
94,example.jpg,background,139,38,917,687,2024-04-29T19:54:13.266Z,176,172,164
95,example.jpg,background,159,22,917,687,2024-04-29T19:54:13.950Z,172,179,184
96,example.jpg,background,133,0,917,687,2024-04-29T19:54:14.732Z,222,217,174
97,example.jpg,background,208,38,917,687,2024-04-29T19:54:15.465Z,254,252,253
98,example.jpg,background,33,133,917,687,2024-04-29T19:54:16.266Z,141,136,138
99,example.jpg,background,12,113,917,687,2024-04-29T19:54:16.932Z,188,186,176
100,example.jpg,background,4,80,917,687,2024-04-29T19:54:17.800Z,91,80,87
101,example.jpg,background,6,40,917,687,2024-04-29T19:54:18.583Z,165,168,157
102,example.jpg,background,17,31,917,687,2024-04-29T19:54:19.217Z,61,60,74
103,example.jpg,background,39,297,917,687,2024-04-29T19:54:20.399Z,210,211,206
104,example.jpg,background,39,312,917,687,2024-04-29T19:54:20.817Z,216,210,205
105,example.jpg,background,78,250,917,687,2024-04-29T19:54:21.750Z,205,216,202
106,example.jpg,background,122,251,917,687,2024-04-29T19:54:22.300Z,172,182,192
107,example.jpg,background,176,248,917,687,2024-04-29T19:54:22.849Z,171,189,209
108,example.jpg,background,249,247,917,687,2024-04-29T19:54:23.633Z,169,169,178
109,example.jpg,background,311,380,917,687,2024-04-29T19:54:24.782Z,153,158,157
110,example.jpg,background,311,372,917,687,2024-04-29T19:54:25.334Z,179,181,185
111,example.jpg,background,313,359,917,687,2024-04-29T19:54:25.832Z,167,168,170
112,example.jpg,background,318,359,917,687,2024-04-29T19:54:26.251Z,172,174,173
113,example.jpg,background,298,336,917,687,2024-04-29T19:54:27.150Z,144,138,130
114,example.jpg,background,285,366,917,687,2024-04-29T19:54:27.767Z,168,165,158
115,example.jpg,background,180,532,917,687,2024-04-29T19:54:29.783Z,153,153,144
116,example.jpg,background,182,512,917,687,2024-04-29T19:54:30.382Z,166,183,165
117,example.jpg,background,138,499,917,687,2024-04-29T19:54:31.033Z,204,208,186
118,example.jpg,background,79,526,917,687,2024-04-29T19:54:31.566Z,142,131,141
119,example.jpg,background,91,530,917,687,2024-04-29T19:54:32.150Z,142,122,132
120,example.jpg,background,71,546,917,687,2024-04-29T19:54:32.583Z,210,197,194
121,example.jpg,background,31,571,917,687,2024-04-29T19:54:33.217Z,217,212,207
122,example.jpg,background,285,592,917,687,2024-04-29T19:54:34.333Z,227,223,218
123,example.jpg,background,285,620,917,687,2024-04-29T19:54:34.833Z,191,191,170
124,example.jpg,background,293,652,917,687,2024-04-29T19:54:35.632Z,168,168,157
125,example.jpg,background,166,672,917,687,2024-04-29T19:54:36.366Z,208,203,199
126,example.jpg,background,149,671,917,687,2024-04-29T19:54:36.983Z,194,198,185
127,example.jpg,background,68,676,917,687,2024-04-29T19:54:37.849Z,205,200,198
128,example.jpg,background,268,672,917,687,2024-04-29T19:54:38.784Z,175,169,157
129,example.jpg,background,276,673,917,687,2024-04-29T19:54:39.283Z,136,135,130
130,example.jpg,background,272,655,917,687,2024-04-29T19:54:39.899Z,159,167,155
131,example.jpg,background,283,682,917,687,2024-04-29T19:54:40.633Z,155,152,147
132,example.jpg,background,293,648,917,687,2024-04-29T19:54:41.234Z,135,138,135
133,example.jpg,background,293,630,917,687,2024-04-29T19:54:41.750Z,160,156,150
134,example.jpg,background,293,613,917,687,2024-04-29T19:54:42.250Z,132,116,118
135,example.jpg,background,481,581,917,687,2024-04-29T19:54:43.536Z,148,128,123
136,example.jpg,background,502,594,917,687,2024-04-29T19:54:43.934Z,217,217,205
137,example.jpg,background,512,605,917,687,2024-04-29T19:54:44.216Z,135,130,122
138,example.jpg,background,527,618,917,687,2024-04-29T19:54:44.550Z,164,174,148
139,example.jpg,background,502,625,917,687,2024-04-29T19:54:45.316Z,188,171,172
140,example.jpg,background,514,630,917,687,2024-04-29T19:54:45.634Z,188,192,185
141,example.jpg,background,570,644,917,687,2024-04-29T19:54:46.633Z,178,168,166
142,example.jpg,background,580,644,917,687,2024-04-29T19:54:47.017Z,137,143,135
143,example.jpg,background,596,639,917,687,2024-04-29T19:54:47.499Z,130,112,113
144,example.jpg,background,625,633,917,687,2024-04-29T19:54:48.384Z,187,185,166
145,example.jpg,background,624,568,917,687,2024-04-29T19:54:49.249Z,121,135,148
146,example.jpg,background,758,593,917,687,2024-04-29T19:54:50.482Z,206,184,154
147,example.jpg,background,758,581,917,687,2024-04-29T19:54:50.983Z,207,218,222
148,example.jpg,background,698,617,917,687,2024-04-29T19:54:51.849Z,185,193,122
149,example.jpg,background,855,552,917,687,2024-04-29T19:54:52.817Z,176,168,157
150,example.jpg,background,849,535,917,687,2024-04-29T19:54:53.499Z,190,181,179
151,example.jpg,background,871,468,917,687,2024-04-29T19:54:54.133Z,89,67,77
152,example.jpg,background,908,428,917,687,2024-04-29T19:54:54.717Z,173,185,168
153,example.jpg,background,769,303,917,687,2024-04-29T19:54:56.399Z,187,182,146
154,example.jpg,background,752,329,917,687,2024-04-29T19:54:56.900Z,142,132,123
155,example.jpg,background,730,350,917,687,2024-04-29T19:54:57.417Z,226,230,208
156,example.jpg,background,647,356,917,687,2024-04-29T19:54:58.534Z,106,102,97
157,example.jpg,background,682,234,917,687,2024-04-29T19:54:59.266Z,104,111,111
158,example.jpg,background,880,182,917,687,2024-04-29T19:55:00.233Z,20,20,20
159,example.jpg,background,894,205,917,687,2024-04-29T19:55:00.766Z,152,167,155
160,example.jpg,background,888,134,917,687,2024-04-29T19:55:01.449Z,54,57,54
161,example.jpg,background,450,181,917,687,2024-04-29T19:55:02.950Z,107,113,125
162,Image_2565.png,background,89,242,917,917,2024-04-29T19:56:32.834Z,163,153,116
163,Image_2565.png,background,53,242,917,917,2024-04-29T19:56:33.282Z,187,175,148
164,Image_2565.png,background,16,231,917,917,2024-04-29T19:56:33.965Z,173,161,131
165,Image_2565.png,background,16,267,917,917,2024-04-29T19:56:34.334Z,155,145,121
166,Image_2565.png,background,44,287,917,917,2024-04-29T19:56:34.666Z,34,37,33
167,Image_2565.png,background,68,310,917,917,2024-04-29T19:56:34.982Z,22,24,19
168,Image_2565.png,background,38,306,917,917,2024-04-29T19:56:35.366Z,17,24,22
169,Image_2565.png,background,25,295,917,917,2024-04-29T19:56:35.716Z,23,24,24
170,Image_2565.png,background,25,334,917,917,2024-04-29T19:56:36.066Z,151,142,117
171,Image_2565.png,background,35,369,917,917,2024-04-29T19:56:36.483Z,29,28,32
172,Image_2565.png,background,24,426,917,917,2024-04-29T19:56:37.332Z,30,28,29
173,Image_2565.png,background,35,406,917,917,2024-04-29T19:56:37.616Z,23,24,21
174,Image_2565.png,background,36,395,917,917,2024-04-29T19:56:37.900Z,27,32,28
175,Image_2565.png,background,28,356,917,917,2024-04-29T19:56:38.482Z,168,154,121
176,Image_2565.png,background,24,333,917,917,2024-04-29T19:56:38.800Z,125,117,95
177,Image_2565.png,background,15,363,917,917,2024-04-29T19:56:39.299Z,178,167,134
178,Image_2565.png,background,15,363,917,917,2024-04-29T19:56:39.599Z,178,167,134
179,Image_2565.png,background,68,352,917,917,2024-04-29T19:56:40.116Z,27,25,32
180,Image_2565.png,background,73,343,917,917,2024-04-29T19:56:40.433Z,35,27,33
181,Image_2565.png,background,108,335,917,917,2024-04-29T19:56:40.817Z,164,149,118
182,Image_2565.png,background,115,326,917,917,2024-04-29T19:56:41.199Z,46,31,19
183,Image_2565.png,background,86,276,917,917,2024-04-29T19:56:41.816Z,159,143,120
184,Image_2565.png,background,81,274,917,917,2024-04-29T19:56:42.100Z,147,136,113
185,Image_2565.png,background,32,254,917,917,2024-04-29T19:56:42.449Z,170,157,126
186,Image_2565.png,background,25,218,917,917,2024-04-29T19:56:43.016Z,165,152,123
187,Image_2565.png,background,25,204,917,917,2024-04-29T19:56:43.382Z,64,54,55
188,Image_2565.png,background,25,164,917,917,2024-04-29T19:56:43.734Z,26,23,36
189,Image_2565.png,background,20,103,917,917,2024-04-29T19:56:44.383Z,254,255,248
190,Image_2565.png,background,20,86,917,917,2024-04-29T19:56:44.750Z,194,193,180
191,Image_2565.png,background,65,98,917,917,2024-04-29T19:56:45.115Z,119,103,111
192,Image_2565.png,background,81,103,917,917,2024-04-29T19:56:45.483Z,222,219,191
193,Image_2565.png,background,145,90,917,917,2024-04-29T19:56:46.099Z,161,136,122
194,Image_2565.png,background,114,90,917,917,2024-04-29T19:56:46.451Z,103,85,80
195,Image_2565.png,background,33,68,917,917,2024-04-29T19:56:47.299Z,236,235,227
196,Image_2565.png,background,213,149,917,917,2024-04-29T19:56:47.949Z,218,214,203
197,Image_2565.png,background,207,115,917,917,2024-04-29T19:56:48.650Z,243,222,177
198,Image_2565.png,background,205,104,917,917,2024-04-29T19:56:48.967Z,109,107,103
199,Image_2565.png,background,117,126,917,917,2024-04-29T19:56:50.982Z,249,248,202
200,Image_2565.png,background,105,206,917,917,2024-04-29T19:56:51.835Z,137,125,106
201,Image_2565.png,background,585,186,917,917,2024-04-29T19:57:04.001Z,43,50,50
202,Image_2565.png,background,589,157,917,917,2024-04-29T19:57:04.968Z,177,157,98
203,Image_2565.png,background,615,128,917,917,2024-04-29T19:57:05.433Z,69,71,67
204,Image_2565.png,background,524,132,917,917,2024-04-29T19:57:05.999Z,59,61,55
205,Image_2565.png,background,507,171,917,917,2024-04-29T19:57:06.483Z,250,244,189
206,Image_2565.png,background,550,178,917,917,2024-04-29T19:57:06.851Z,47,46,45
207,Image_2565.png,background,553,240,917,917,2024-04-29T19:57:07.267Z,36,34,28
208,Image_2565.png,background,625,306,917,917,2024-04-29T19:57:08.066Z,60,66,52
209,Image_2565.png,background,673,322,917,917,2024-04-29T19:57:08.467Z,54,55,47
210,Image_2565.png,background,709,355,917,917,2024-04-29T19:57:09.016Z,79,83,69
211,Image_2565.png,background,709,294,917,917,2024-04-29T19:57:09.466Z,36,41,38
212,Image_2565.png,background,709,241,917,917,2024-04-29T19:57:09.733Z,59,66,59
213,Image_2565.png,background,787,255,917,917,2024-04-29T19:57:10.233Z,5,8,7
214,Image_2565.png,background,825,255,917,917,2024-04-29T19:57:10.565Z,76,75,71
215,Image_2565.png,background,873,191,917,917,2024-04-29T19:57:11.067Z,189,163,133
216,Image_2565.png,background,873,183,917,917,2024-04-29T19:57:11.317Z,178,147,118
217,Image_2565.png,background,873,116,917,917,2024-04-29T19:57:11.616Z,26,27,29
218,Image_2565.png,background,888,54,917,917,2024-04-29T19:57:12.149Z,33,34,31
219,Image_2565.png,background,888,33,917,917,2024-04-29T19:57:12.416Z,8,7,13
220,Image_2565.png,background,847,29,917,917,2024-04-29T19:57:12.700Z,54,59,56
221,Image_2565.png,background,719,21,917,917,2024-04-29T19:57:13.233Z,70,22,62
222,Image_2565.png,background,680,21,917,917,2024-04-29T19:57:13.517Z,30,28,32
223,Image_2565.png,background,615,29,917,917,2024-04-29T19:57:13.982Z,23,23,23
224,Image_2565.png,background,501,85,917,917,2024-04-29T19:57:14.666Z,9,12,9
225,Image_2565.png,background,761,538,917,917,2024-04-29T19:57:15.432Z,68,64,63
226,Image_2565.png,background,836,491,917,917,2024-04-29T19:57:15.916Z,60,57,56
227,Image_2565.png,background,873,561,917,917,2024-04-29T19:57:16.300Z,160,131,107
228,Image_2565.png,background,884,665,917,917,2024-04-29T19:57:16.850Z,184,156,127
229,Image_2565.png,background,859,668,917,917,2024-04-29T19:57:17.250Z,196,171,136
230,Image_2565.png,background,767,681,917,917,2024-04-29T19:57:17.767Z,156,137,107
231,Image_2565.png,background,721,731,917,917,2024-04-29T19:57:18.432Z,19,19,20
232,Image_2565.png,background,775,768,917,917,2024-04-29T19:57:18.783Z,17,17,18
233,Image_2565.png,background,861,746,917,917,2024-04-29T19:57:19.282Z,20,21,20
234,Image_2565.png,background,837,733,917,917,2024-04-29T19:57:19.683Z,15,13,18
235,Image_2565.png,background,801,726,917,917,2024-04-29T19:57:19.983Z,18,16,18
236,Image_2565.png,background,758,747,917,917,2024-04-29T19:57:20.466Z,21,19,20
237,Image_2565.png,background,204,692,917,917,2024-04-29T19:57:21.750Z,142,162,114
238,Image_2565.png,background,160,672,917,917,2024-04-29T19:57:22.283Z,252,248,219
239,Image_2565.png,background,140,672,917,917,2024-04-29T19:57:22.534Z,223,217,194
240,Image_2565.png,background,64,672,917,917,2024-04-29T19:57:22.900Z,254,255,238
241,Image_2565.png,background,35,655,917,917,2024-04-29T19:57:23.450Z,173,167,167
242,Image_2565.png,background,25,634,917,917,2024-04-29T19:57:23.834Z,129,127,114
243,Image_2565.png,background,25,603,917,917,2024-04-29T19:57:24.217Z,171,158,125
244,Image_2565.png,background,123,646,917,917,2024-04-29T19:57:24.666Z,180,174,174
245,Image_2565.png,background,148,483,917,917,2024-04-29T19:57:25.366Z,167,153,117
246,Image_2565.png,background,111,465,917,917,2024-04-29T19:57:25.732Z,28,27,27
247,Image_2565.png,background,61,424,917,917,2024-04-29T19:57:26.332Z,153,136,113
248,Image_2565.png,background,46,403,917,917,2024-04-29T19:57:26.666Z,23,20,26
249,Image_2565.png,background,46,350,917,917,2024-04-29T19:57:27.018Z,22,22,25
250,Image_2565.png,background,15,300,917,917,2024-04-29T19:57:27.650Z,21,22,26
251,Image_2565.png,background,19,300,917,917,2024-04-29T19:57:27.934Z,22,23,27
252,Image_2565.png,background,67,311,917,917,2024-04-29T19:57:28.267Z,22,23,20
253,Image_2565.png,background,67,311,917,917,2024-04-29T19:57:28.467Z,22,23,20
254,Image_2565.png,background,103,329,917,917,2024-04-29T19:57:28.700Z,19,17,20
255,Image_2565.png,background,67,234,917,917,2024-04-29T19:57:29.099Z,145,139,109
256,Image_2565.png,background,67,234,917,917,2024-04-29T19:57:29.434Z,145,139,109
257,Image_2565.png,background,39,118,917,917,2024-04-29T19:57:30.217Z,234,229,172
258,Image_2565.png,background,513,499,917,917,2024-04-29T19:57:31.382Z,157,136,110
259,Image_2565.png,background,537,469,917,917,2024-04-29T19:57:31.816Z,244,238,212
260,Image_2565.png,background,564,444,917,917,2024-04-29T19:57:32.299Z,156,141,123
261,Image_2565.png,background,608,444,917,917,2024-04-29T19:57:32.618Z,152,140,140
262,Image_2565.png,background,508,394,917,917,2024-04-29T19:57:33.083Z,238,236,240
263,Image_2565.png,background,231,429,917,917,2024-04-29T19:57:33.715Z,200,188,178
264,Image_2565.png,background,240,356,917,917,2024-04-29T19:57:34.132Z,229,225,202
265,Image_2565.png,background,255,287,917,917,2024-04-29T19:57:34.699Z,249,243,206
266,Image_2565.png,background,270,243,917,917,2024-04-29T19:57:35.082Z,219,221,209
267,Image_2565.png,background,462,343,917,917,2024-04-29T19:57:36.333Z,255,255,255
268,Image_2565.png,background,269,415,917,917,2024-04-29T19:57:37.500Z,147,135,112
269,Image_2565.png,background,244,421,917,917,2024-04-29T19:57:37.849Z,178,178,179
270,Image_2565.png,background,601,185,917,917,2024-04-29T19:57:38.682Z,55,54,51
271,Image_2565.png,background,519,183,917,917,2024-04-29T19:57:39.033Z,249,251,204
272,Image_2565.png,background,663,231,917,917,2024-04-29T19:57:39.599Z,24,25,20
273,Image_2565.png,background,677,151,917,917,2024-04-29T19:57:39.917Z,14,14,14
274,Image_2565.png,background,658,85,917,917,2024-04-29T19:57:40.351Z,20,20,25
275,Image_2565.png,background,760,98,917,917,2024-04-29T19:57:40.784Z,15,18,23
276,Image_2565.png,background,830,84,917,917,2024-04-29T19:57:41.467Z,45,33,34
277,Image_2565.png,background,813,500,917,917,2024-04-29T19:57:42.583Z,33,32,29
278,Image_2565.png,background,797,498,917,917,2024-04-29T19:57:42.917Z,43,43,34
279,Image_2565.png,background,757,497,917,917,2024-04-29T19:57:43.282Z,177,152,110
280,Image_2565.png,background,756,547,917,917,2024-04-29T19:57:43.783Z,17,18,18
281,Image_2565.png,background,752,561,917,917,2024-04-29T19:57:44.200Z,38,38,35
282,Image_2565.png,background,560,525,917,917,2024-04-29T19:57:45.000Z,183,160,127
283,Image_2565.png,background,480,520,917,917,2024-04-29T19:57:45.616Z,249,246,223
284,Image_2565.png,background,854,715,917,917,2024-04-29T19:57:46.516Z,19,19,19
285,Image_2565.png,background,722,715,917,917,2024-04-29T19:57:46.848Z,19,21,20
286,Image_2565.png,background,691,747,917,917,2024-04-29T19:57:47.332Z,16,16,16
287,Image_2565.png,background,759,773,917,917,2024-04-29T19:57:47.867Z,14,15,20
288,Image_2565.png,background,823,773,917,917,2024-04-29T19:57:48.200Z,18,16,19
289,Image_2565.png,background,869,780,917,917,2024-04-29T19:57:48.601Z,17,17,17
290,Image_2565.png,background,183,680,917,917,2024-04-29T19:57:49.383Z,153,134,148
291,Image_2565.png,background,146,680,917,917,2024-04-29T19:57:49.766Z,157,156,129
292,Image_2565.png,background,44,649,917,917,2024-04-29T19:57:50.400Z,162,144,127
293,Image_2565.png,background,40,656,917,917,2024-04-29T19:57:50.767Z,142,135,131
294,Image_2565.png,background,56,760,917,917,2024-04-29T19:57:51.483Z,155,143,117
295,Image_2565.png,background,131,760,917,917,2024-04-29T19:57:51.851Z,223,204,170
296,Image_2565.png,background,200,766,917,917,2024-04-29T19:57:52.434Z,245,234,163
297,Image_2565.png,background,229,433,917,917,2024-04-29T19:57:53.350Z,254,253,238
298,Image_2565.png,background,265,386,917,917,2024-04-29T19:57:53.901Z,197,192,153
299,Image_2565.png,background,265,309,917,917,2024-04-29T19:57:54.316Z,194,194,204
300,Image_2565.png,canopy,327,410,917,917,2024-04-29T19:58:01.701Z,132,185,68
301,Image_2565.png,canopy,336,377,917,917,2024-04-29T19:58:02.067Z,100,169,57
302,Image_2565.png,canopy,389,348,917,917,2024-04-29T19:58:02.400Z,106,169,54
303,Image_2565.png,canopy,389,284,917,917,2024-04-29T19:58:02.733Z,42,87,12
304,Image_2565.png,canopy,399,261,917,917,2024-04-29T19:58:03.084Z,68,118,22
305,Image_2565.png,canopy,390,207,917,917,2024-04-29T19:58:03.683Z,106,186,12
306,Image_2565.png,canopy,351,205,917,917,2024-04-29T19:58:03.950Z,126,121,73
307,Image_2565.png,canopy,318,195,917,917,2024-04-29T19:58:04.317Z,194,178,131
308,Image_2565.png,canopy,301,180,917,917,2024-04-29T19:58:04.917Z,73,130,27
309,Image_2565.png,canopy,200,237,917,917,2024-04-29T19:58:05.533Z,134,196,101
310,Image_2565.png,canopy,173,254,917,917,2024-04-29T19:58:06.066Z,135,199,87
311,Image_2565.png,canopy,196,214,917,917,2024-04-29T19:58:06.434Z,45,95,25
312,Image_2565.png,canopy,272,184,917,917,2024-04-29T19:58:06.766Z,124,191,53
313,Image_2565.png,canopy,306,144,917,917,2024-04-29T19:58:07.084Z,31,69,19
314,Image_2565.png,canopy,336,127,917,917,2024-04-29T19:58:07.550Z,23,64,28
315,Image_2565.png,canopy,394,66,917,917,2024-04-29T19:58:08.166Z,128,199,29
316,Image_2565.png,canopy,418,48,917,917,2024-04-29T19:58:08.499Z,137,204,46
317,Image_2565.png,canopy,458,44,917,917,2024-04-29T19:58:08.850Z,135,202,80
318,Image_2565.png,canopy,284,33,917,917,2024-04-29T19:58:09.452Z,44,122,2
319,Image_2565.png,canopy,261,60,917,917,2024-04-29T19:58:09.817Z,111,172,26
320,Image_2565.png,canopy,261,70,917,917,2024-04-29T19:58:10.067Z,121,185,34
321,Image_2565.png,canopy,249,101,917,917,2024-04-29T19:58:10.484Z,132,201,59
322,Image_2565.png,canopy,171,36,917,917,2024-04-29T19:58:11.033Z,67,124,22
323,Image_2565.png,canopy,137,36,917,917,2024-04-29T19:58:11.317Z,108,169,47
324,Image_2565.png,canopy,104,36,917,917,2024-04-29T19:58:11.600Z,108,170,47
325,Image_2565.png,canopy,147,8,917,917,2024-04-29T19:58:12.283Z,88,147,33
326,Image_2565.png,canopy,178,8,917,917,2024-04-29T19:58:12.532Z,95,155,25
327,Image_2565.png,canopy,209,8,917,917,2024-04-29T19:58:12.833Z,85,146,22
328,Image_2565.png,canopy,216,8,917,917,2024-04-29T19:58:13.016Z,72,139,9
329,Image_2565.png,canopy,335,681,917,917,2024-04-29T19:58:13.833Z,117,187,44
330,Image_2565.png,canopy,383,682,917,917,2024-04-29T19:58:14.083Z,134,200,97
331,Image_2565.png,canopy,430,665,917,917,2024-04-29T19:58:14.484Z,144,202,112
332,Image_2565.png,canopy,491,639,917,917,2024-04-29T19:58:15.033Z,251,254,250
333,Image_2565.png,canopy,508,627,917,917,2024-04-29T19:58:15.301Z,249,255,254
334,Image_2565.png,canopy,558,608,917,917,2024-04-29T19:58:15.617Z,95,157,73
335,Image_2565.png,canopy,569,596,917,917,2024-04-29T19:58:16.016Z,84,145,71
336,Image_2565.png,canopy,595,577,917,917,2024-04-29T19:58:16.617Z,80,129,74
337,Image_2565.png,canopy,624,561,917,917,2024-04-29T19:58:17.534Z,53,96,43
338,Image_2565.png,canopy,58,555,917,917,2024-04-29T19:58:19.183Z,137,190,98
339,Image_2565.png,canopy,110,566,917,917,2024-04-29T19:58:19.466Z,95,159,54
340,Image_2565.png,canopy,136,577,917,917,2024-04-29T19:58:19.767Z,79,143,49
341,Image_2565.png,canopy,169,583,917,917,2024-04-29T19:58:20.033Z,63,118,29
342,Image_2565.png,canopy,193,595,917,917,2024-04-29T19:58:20.299Z,80,139,39
343,Image_2565.png,canopy,213,595,917,917,2024-04-29T19:58:20.582Z,69,129,17
344,Image_2565.png,canopy,163,718,917,917,2024-04-29T19:58:21.251Z,64,119,40
345,Image_2565.png,canopy,139,718,917,917,2024-04-29T19:58:21.499Z,70,125,59
346,Image_2565.png,canopy,125,718,917,917,2024-04-29T19:58:21.732Z,82,133,64
347,Image_2565.png,canopy,88,739,917,917,2024-04-29T19:58:23.083Z,86,160,45
348,Image_2565.png,canopy,111,737,917,917,2024-04-29T19:58:23.367Z,85,153,39
349,Image_2565.png,canopy,171,737,917,917,2024-04-29T19:58:23.699Z,96,162,64
350,Image_2565.png,canopy,318,704,917,917,2024-04-29T19:58:24.884Z,113,166,31
351,Image_2565.png,canopy,298,740,917,917,2024-04-29T19:58:25.382Z,104,173,24
352,Image_2565.png,canopy,327,745,917,917,2024-04-29T19:58:25.767Z,144,210,43
353,Image_2565.png,canopy,328,764,917,917,2024-04-29T19:58:26.016Z,133,197,20
354,Image_2565.png,canopy,392,556,917,917,2024-04-29T19:58:27.217Z,111,162,92
355,Image_2565.png,canopy,397,493,917,917,2024-04-29T19:58:27.783Z,170,215,166
356,Image_2565.png,canopy,411,451,917,917,2024-04-29T19:58:28.450Z,232,250,222
357,Image_2565.png,canopy,426,410,917,917,2024-04-29T19:58:29.016Z,189,233,172
358,Image_2565.png,canopy,345,391,917,917,2024-04-29T19:58:29.584Z,107,178,55
359,Image_2565.png,canopy,390,319,917,917,2024-04-29T19:58:30.133Z,95,147,44
360,Image_2565.png,canopy,392,270,917,917,2024-04-29T19:58:30.450Z,55,100,21
361,Image_2565.png,canopy,353,187,917,917,2024-04-29T19:58:31.133Z,78,148,2
362,Image_2565.png,canopy,239,188,917,917,2024-04-29T19:58:31.533Z,158,207,137
363,Image_2565.png,canopy,215,230,917,917,2024-04-29T19:58:32.066Z,178,228,120
364,Image_2565.png,canopy,393,78,917,917,2024-04-29T19:58:33.333Z,123,191,28
365,Image_2565.png,canopy,393,77,917,917,2024-04-29T19:58:33.667Z,123,192,28
366,Image_2565.png,canopy,430,45,917,917,2024-04-29T19:58:35.016Z,159,207,80
367,Image_2565.png,canopy,313,37,917,917,2024-04-29T19:58:35.517Z,67,129,15
368,Image_2565.png,canopy,294,50,917,917,2024-04-29T19:58:35.833Z,105,155,11
369,Image_2565.png,canopy,279,67,917,917,2024-04-29T19:58:36.100Z,94,175,1
370,Image_2565.png,canopy,126,10,917,917,2024-04-29T19:58:36.700Z,79,131,27
371,Image_2565.png,canopy,126,28,917,917,2024-04-29T19:58:37.033Z,94,149,41
372,Image_2565.png,canopy,875,389,917,917,2024-04-29T19:58:38.500Z,28,75,23
373,Image_2565.png,canopy,829,390,917,917,2024-04-29T19:58:38.934Z,100,108,79
374,Image_2565.png,canopy,801,390,917,917,2024-04-29T19:58:39.383Z,217,247,197
375,Image_2565.png,canopy,801,402,917,917,2024-04-29T19:58:39.900Z,133,174,138
376,Image_2565.png,canopy,796,402,917,917,2024-04-29T19:58:40.317Z,48,78,73
377,Image_2565.png,canopy,905,396,917,917,2024-04-29T19:58:41.052Z,137,191,114
1,example.jpg,canopy,650,170,917,687,2024-04-29T19:52:31.048Z,237,2,2
2,example.jpg,canopy,632,172,917,687,2024-04-29T19:52:31.914Z,237,2,2
3,example.jpg,canopy,822,202,917,687,2024-04-29T19:52:33.975Z,237,2,2
4,example.jpg,canopy,809,196,917,687,2024-04-29T19:52:34.835Z,237,2,2
5,example.jpg,canopy,659,305,917,687,2024-04-29T19:52:39.801Z,101,165,73
6,example.jpg,canopy,651,305,917,687,2024-04-29T19:52:40.466Z,84,149,59
7,example.jpg,canopy,645,309,917,687,2024-04-29T19:52:41.154Z,81,156,30
8,example.jpg,canopy,646,323,917,687,2024-04-29T19:52:41.964Z,92,156,42
9,Image_2318.png,canopy,661,562,917,917,2024-04-29T19:53:24.990Z,161,214,125
10,Image_2318.png,canopy,651,551,917,917,2024-04-29T19:53:25.726Z,221,250,188
11,Image_2318.png,canopy,481,535,917,917,2024-04-29T19:53:26.747Z,155,204,127
12,Image_2318.png,canopy,395,497,917,917,2024-04-29T19:53:27.797Z,157,212,117
13,Image_2318.png,canopy,365,497,917,917,2024-04-29T19:53:28.541Z,156,210,114
14,Image_2318.png,canopy,278,487,917,917,2024-04-29T19:53:29.444Z,164,213,155
15,Image_2318.png,canopy,242,429,917,917,2024-04-29T19:53:30.657Z,196,234,157
16,Image_2318.png,canopy,303,357,917,917,2024-04-29T19:53:31.997Z,129,178,96
17,Image_2318.png,canopy,716,264,917,917,2024-04-29T19:53:34.365Z,143,190,123
18,Image_2318.png,canopy,779,873,917,917,2024-04-29T19:53:39.847Z,185,227,150
19,Image_2318.png,canopy,774,884,917,917,2024-04-29T19:53:40.629Z,183,225,151
20,Image_2318.png,canopy,762,901,917,917,2024-04-29T19:53:41.298Z,195,230,163
21,Image_2318.png,canopy,708,901,917,917,2024-04-29T19:53:42.373Z,126,166,104
22,Image_2318.png,canopy,704,888,917,917,2024-04-29T19:53:43.349Z,125,166,113
23,Image_2318.png,canopy,661,898,917,917,2024-04-29T19:53:44.934Z,155,202,108
24,Image_2318.png,canopy,661,885,917,917,2024-04-29T19:53:45.733Z,180,222,144
25,Image_2318.png,canopy,592,771,917,917,2024-04-29T19:53:47.972Z,145,194,101
26,Image_2318.png,canopy,589,783,917,917,2024-04-29T19:53:48.789Z,124,170,94
27,Image_2318.png,canopy,646,767,917,917,2024-04-29T19:53:49.693Z,135,180,110
28,Image_2318.png,canopy,664,766,917,917,2024-04-29T19:53:50.437Z,166,210,132
29,Image_2318.png,canopy,670,760,917,917,2024-04-29T19:53:51.392Z,150,194,107
30,Image_2318.png,canopy,655,760,917,917,2024-04-29T19:53:52.199Z,183,221,153
31,Image_2318.png,canopy,898,762,917,917,2024-04-29T19:53:53.630Z,155,193,131
32,Image_2318.png,canopy,891,762,917,917,2024-04-29T19:53:54.345Z,132,171,113
33,Image_2318.png,canopy,807,705,917,917,2024-04-29T19:53:55.731Z,155,194,146
34,Image_2318.png,canopy,795,703,917,917,2024-04-29T19:53:56.476Z,146,189,144
35,Image_2318.png,canopy,782,704,917,917,2024-04-29T19:53:57.168Z,135,173,134
36,Image_2318.png,canopy,734,690,917,917,2024-04-29T19:53:58.361Z,204,235,179
37,Image_2318.png,canopy,726,689,917,917,2024-04-29T19:53:59.221Z,209,236,180
38,Image_2318.png,canopy,469,753,917,917,2024-04-29T19:54:00.410Z,138,189,91
39,Image_2318.png,canopy,465,769,917,917,2024-04-29T19:54:01.098Z,130,174,101
40,Image_2318.png,canopy,461,842,917,917,2024-04-29T19:54:02.447Z,177,220,124
41,Image_2318.png,canopy,468,833,917,917,2024-04-29T19:54:03.322Z,236,253,199
42,Image_2318.png,canopy,488,814,917,917,2024-04-29T19:54:04.335Z,152,195,149
43,Image_2318.png,canopy,481,811,917,917,2024-04-29T19:54:05.116Z,161,208,158
44,Image_2318.png,canopy,460,784,917,917,2024-04-29T19:54:06.035Z,111,148,95
45,Image_2318.png,canopy,454,777,917,917,2024-04-29T19:54:07.132Z,124,158,120
46,Image_2318.png,canopy,465,768,917,917,2024-04-29T19:54:07.923Z,129,174,100
47,Image_2318.png,canopy,474,747,917,917,2024-04-29T19:54:08.834Z,168,215,116
48,Image_2318.png,canopy,477,734,917,917,2024-04-29T19:54:09.515Z,126,176,78
49,Image_2318.png,canopy,646,762,917,917,2024-04-29T19:54:10.618Z,150,194,115
50,Image_2318.png,canopy,594,750,917,917,2024-04-29T19:54:11.564Z,173,216,134
51,Image_2318.png,canopy,595,743,917,917,2024-04-29T19:54:12.437Z,182,223,150
52,Image_2318.png,canopy,596,731,917,917,2024-04-29T19:54:13.443Z,225,250,200
53,Image_2318.png,canopy,598,723,917,917,2024-04-29T19:54:14.389Z,215,241,194
54,Image_2318.png,canopy,602,706,917,917,2024-04-29T19:54:15.349Z,166,200,137
55,Image_2318.png,canopy,592,712,917,917,2024-04-29T19:54:16.471Z,105,145,81
56,Image_2318.png,canopy,598,701,917,917,2024-04-29T19:54:17.223Z,146,193,103
57,Image_2318.png,canopy,611,694,917,917,2024-04-29T19:54:18.011Z,217,245,177
58,Image_2318.png,canopy,894,160,917,917,2024-04-29T19:54:21.242Z,150,191,119
59,Image_2318.png,canopy,888,148,917,917,2024-04-29T19:54:21.986Z,137,177,114
60,Image_2318.png,canopy,882,144,917,917,2024-04-29T19:54:22.632Z,141,177,119
61,Image_2318.png,canopy,868,136,917,917,2024-04-29T19:54:23.369Z,57,82,45
62,Image_2318.png,canopy,798,155,917,917,2024-04-29T19:54:24.150Z,166,208,148
63,Image_2318.png,canopy,783,152,917,917,2024-04-29T19:54:24.830Z,165,197,150
64,Image_2318.png,canopy,765,144,917,917,2024-04-29T19:54:25.562Z,104,139,94
65,Image_2318.png,canopy,745,135,917,917,2024-04-29T19:54:26.184Z,82,107,73
66,Image_2318.png,canopy,735,131,917,917,2024-04-29T19:54:26.885Z,70,99,65
67,Image_2318.png,canopy,715,158,917,917,2024-04-29T19:54:28.422Z,91,143,26
68,Image_2318.png,canopy,714,172,917,917,2024-04-29T19:54:29.809Z,90,134,30
69,Image_2318.png,canopy,715,229,917,917,2024-04-29T19:54:30.794Z,192,224,167
70,Image_2318.png,canopy,725,230,917,917,2024-04-29T19:54:31.566Z,214,241,187
71,Image_2318.png,canopy,802,203,917,917,2024-04-29T19:54:32.646Z,158,208,118
72,Image_2318.png,canopy,894,150,917,917,2024-04-29T19:54:34.356Z,147,188,123
73,Image_2318.png,canopy,864,106,917,917,2024-04-29T19:54:35.390Z,150,196,114
74,Image_2318.png,canopy,854,94,917,917,2024-04-29T19:54:36.096Z,219,244,191
75,Image_2318.png,canopy,843,82,917,917,2024-04-29T19:54:36.752Z,160,198,137
76,Image_2318.png,canopy,838,73,917,917,2024-04-29T19:54:37.466Z,163,206,137
77,Image_2318.png,canopy,65,153,917,917,2024-04-29T19:54:41.666Z,46,79,37
78,Image_2318.png,canopy,60,148,917,917,2024-04-29T19:54:42.374Z,55,90,46
79,Image_2318.png,canopy,56,143,917,917,2024-04-29T19:54:43.015Z,70,101,56
80,Image_2318.png,canopy,55,127,917,917,2024-04-29T19:54:43.956Z,73,115,26
81,Image_2318.png,canopy,81,129,917,917,2024-04-29T19:54:45.014Z,249,254,217
82,Image_2318.png,canopy,83,137,917,917,2024-04-29T19:54:45.633Z,155,193,102
83,Image_2318.png,canopy,80,141,917,917,2024-04-29T19:54:46.481Z,104,143,64
84,Image_2318.png,canopy,88,136,917,917,2024-04-29T19:54:47.135Z,126,165,82
85,Image_2318.png,canopy,85,123,917,917,2024-04-29T19:54:48.091Z,208,241,147
86,Image_2318.png,canopy,80,123,917,917,2024-04-29T19:54:48.784Z,202,236,139
87,Image_2318.png,canopy,36,227,917,917,2024-04-29T19:54:50.104Z,144,177,105
88,Image_2318.png,canopy,40,235,917,917,2024-04-29T19:54:50.804Z,72,102,63
89,Image_2318.png,canopy,46,242,917,917,2024-04-29T19:54:51.585Z,35,56,31
90,Image_2318.png,canopy,298,236,917,917,2024-04-29T19:54:53.080Z,143,192,124
91,Image_2318.png,canopy,292,229,917,917,2024-04-29T19:54:53.809Z,139,187,123
92,Image_2318.png,canopy,286,223,917,917,2024-04-29T19:54:54.553Z,138,188,125
93,Image_2318.png,canopy,278,216,917,917,2024-04-29T19:54:55.216Z,135,183,128
94,Image_2318.png,canopy,162,331,917,917,2024-04-29T19:54:56.372Z,187,228,161
95,Image_2318.png,canopy,150,326,917,917,2024-04-29T19:54:57.076Z,220,245,193
96,Image_2318.png,canopy,139,322,917,917,2024-04-29T19:54:57.681Z,227,247,198
97,Image_2318.png,canopy,138,376,917,917,2024-04-29T19:54:58.907Z,161,207,144
98,Image_2318.png,canopy,568,359,917,917,2024-04-29T19:55:02.788Z,197,238,174
99,Image_2318.png,canopy,578,349,917,917,2024-04-29T19:55:03.868Z,205,244,171
100,Image_2318.png,canopy,114,749,917,917,2024-04-29T19:55:06.014Z,145,188,128
101,Image_2318.png,background,476,605,917,917,2024-04-29T19:55:22.387Z,226,200,163
102,Image_2318.png,background,461,607,917,917,2024-04-29T19:55:23.062Z,132,110,82
103,Image_2318.png,background,443,604,917,917,2024-04-29T19:55:23.673Z,85,77,59
104,Image_2318.png,background,421,601,917,917,2024-04-29T19:55:24.256Z,18,14,6
105,Image_2318.png,background,383,595,917,917,2024-04-29T19:55:24.839Z,244,214,174
106,Image_2318.png,background,367,605,917,917,2024-04-29T19:55:25.471Z,193,171,131
107,Image_2318.png,background,439,623,917,917,2024-04-29T19:55:26.662Z,40,33,23
108,Image_2318.png,background,459,641,917,917,2024-04-29T19:55:27.355Z,178,155,116
109,Image_2318.png,background,473,620,917,917,2024-04-29T19:55:28.056Z,98,84,59
110,Image_2318.png,background,475,601,917,917,2024-04-29T19:55:28.631Z,222,199,157
111,Image_2318.png,background,705,709,917,917,2024-04-29T19:55:29.842Z,150,126,103
112,Image_2318.png,background,733,715,917,917,2024-04-29T19:55:30.529Z,147,127,103
113,Image_2318.png,background,700,713,917,917,2024-04-29T19:55:31.255Z,146,122,99
114,Image_2318.png,background,680,673,917,917,2024-04-29T19:55:32.069Z,49,41,31
115,Image_2318.png,background,694,665,917,917,2024-04-29T19:55:32.913Z,20,20,13
116,Image_2318.png,background,715,663,917,917,2024-04-29T19:55:33.637Z,67,56,45
117,Image_2318.png,background,736,664,917,917,2024-04-29T19:55:34.283Z,55,45,34
118,Image_2318.png,background,763,621,917,917,2024-04-29T19:55:35.481Z,168,154,126
119,Image_2318.png,background,827,551,917,917,2024-04-29T19:55:36.732Z,126,106,81
120,Image_2318.png,background,807,538,917,917,2024-04-29T19:55:37.407Z,211,184,161
121,Image_2318.png,background,723,472,917,917,2024-04-29T19:55:38.348Z,30,25,18
122,Image_2318.png,background,718,477,917,917,2024-04-29T19:55:39.026Z,216,183,146
123,Image_2318.png,background,711,486,917,917,2024-04-29T19:55:39.784Z,26,26,19
124,Image_2318.png,background,706,494,917,917,2024-04-29T19:55:41.068Z,229,200,168
125,Image_2318.png,background,702,502,917,917,2024-04-29T19:55:41.840Z,198,170,138
126,Image_2318.png,background,626,459,917,917,2024-04-29T19:55:42.825Z,70,55,32
127,Image_2318.png,background,618,452,917,917,2024-04-29T19:55:43.517Z,26,23,17
128,Image_2318.png,background,622,373,917,917,2024-04-29T19:55:45.174Z,97,78,58
129,Image_2318.png,background,632,344,917,917,2024-04-29T19:55:46.169Z,18,17,12
130,Image_2318.png,background,519,300,917,917,2024-04-29T19:55:47.445Z,27,23,14
131,Image_2318.png,background,512,304,917,917,2024-04-29T19:55:48.237Z,167,145,123
132,Image_2318.png,background,493,315,917,917,2024-04-29T19:55:49.294Z,242,214,175
133,Image_2318.png,background,409,358,917,917,2024-04-29T19:55:50.593Z,242,214,182
134,Image_2318.png,background,391,285,917,917,2024-04-29T19:55:51.799Z,142,127,107
135,Image_2318.png,background,376,269,917,917,2024-04-29T19:55:53.209Z,143,139,123
136,Image_2318.png,background,708,714,917,917,2024-04-29T19:55:55.093Z,161,136,112
137,Image_2318.png,background,698,709,917,917,2024-04-29T19:55:55.866Z,132,112,88
138,Image_2318.png,background,682,701,917,917,2024-04-29T19:55:56.436Z,135,121,91
139,Image_2318.png,background,671,689,917,917,2024-04-29T19:55:57.079Z,20,21,15
140,Image_2318.png,background,462,663,917,917,2024-04-29T19:55:58.433Z,136,116,91
141,Image_2318.png,background,372,619,917,917,2024-04-29T19:55:59.361Z,91,79,59
142,Image_2318.png,background,322,615,917,917,2024-04-29T19:56:00.220Z,194,168,131
143,Image_2318.png,background,317,570,917,917,2024-04-29T19:56:00.871Z,56,48,33
144,Image_2318.png,background,302,547,917,917,2024-04-29T19:56:01.496Z,222,200,170
145,Image_2318.png,background,744,869,917,917,2024-04-29T19:56:04.257Z,181,153,127
146,Image_2318.png,background,728,839,917,917,2024-04-29T19:56:04.967Z,129,116,105
147,Image_2318.png,background,723,784,917,917,2024-04-29T19:56:05.583Z,237,209,181
148,Image_2318.png,background,725,760,917,917,2024-04-29T19:56:06.241Z,174,151,116
149,Image_2318.png,background,717,716,917,917,2024-04-29T19:56:06.837Z,170,143,114
150,Image_2318.png,background,874,897,917,917,2024-04-29T19:56:07.789Z,204,192,170
151,Image_2318.png,background,864,864,917,917,2024-04-29T19:56:08.455Z,16,15,13
152,Image_2318.png,background,839,821,917,917,2024-04-29T19:56:09.765Z,68,59,45
153,Image_2318.png,background,835,826,917,917,2024-04-29T19:56:10.606Z,177,150,116
154,Image_2318.png,background,745,871,917,917,2024-04-29T19:56:12.306Z,192,164,136
155,Image_2318.png,background,712,851,917,917,2024-04-29T19:56:13.211Z,243,228,198
156,Image_2318.png,background,718,800,917,917,2024-04-29T19:56:13.908Z,229,210,190
157,Image_2318.png,background,725,768,917,917,2024-04-29T19:56:14.597Z,170,144,108
158,Image_2318.png,background,710,734,917,917,2024-04-29T19:56:15.296Z,151,124,102
159,Image_2318.png,background,702,718,917,917,2024-04-29T19:56:15.901Z,166,143,117
160,Image_2318.png,background,695,760,917,917,2024-04-29T19:56:16.800Z,166,141,114
161,Image_2318.png,background,912,513,917,917,2024-04-29T19:56:18.748Z,252,223,184
162,Image_2318.png,background,901,507,917,917,2024-04-29T19:56:19.463Z,180,154,125
163,Image_2318.png,background,896,506,917,917,2024-04-29T19:56:20.689Z,234,226,202
164,Image_2318.png,background,896,513,917,917,2024-04-29T19:56:21.491Z,178,153,132
165,Image_2318.png,background,894,517,917,917,2024-04-29T19:56:22.331Z,214,194,170
166,Image_2318.png,background,799,516,917,917,2024-04-29T19:56:23.920Z,127,112,96
167,Image_2318.png,background,805,515,917,917,2024-04-29T19:56:24.736Z,130,115,99
168,Image_2318.png,background,814,514,917,917,2024-04-29T19:56:25.435Z,126,109,88
169,Image_2318.png,background,821,511,917,917,2024-04-29T19:56:26.176Z,219,202,176
170,Image_2318.png,background,493,333,917,917,2024-04-29T19:56:27.736Z,235,207,170
171,Image_2318.png,background,416,363,917,917,2024-04-29T19:56:28.712Z,186,160,129
172,Image_2318.png,background,384,272,917,917,2024-04-29T19:56:29.997Z,87,76,59
173,Image_2318.png,background,668,420,917,917,2024-04-29T19:56:37.540Z,45,41,29
174,Image_2318.png,background,667,411,917,917,2024-04-29T19:56:38.194Z,31,27,19
175,Image_2318.png,background,665,398,917,917,2024-04-29T19:56:38.845Z,115,97,69
176,Image_2318.png,background,656,375,917,917,2024-04-29T19:56:39.912Z,44,40,32
177,Image_2318.png,background,619,377,917,917,2024-04-29T19:56:40.597Z,154,128,97
178,Image_2318.png,background,602,358,917,917,2024-04-29T19:56:41.446Z,28,28,17
179,Image_2318.png,background,495,324,917,917,2024-04-29T19:56:42.716Z,91,70,45
180,Image_2318.png,background,501,313,917,917,2024-04-29T19:56:43.441Z,163,141,110
181,Image_2318.png,background,509,303,917,917,2024-04-29T19:56:44.036Z,60,44,23
182,Image_2318.png,background,887,492,917,917,2024-04-29T19:56:45.707Z,141,120,101
183,Image_2318.png,background,903,509,917,917,2024-04-29T19:56:46.399Z,173,150,134
184,Image_2318.png,background,831,557,917,917,2024-04-29T19:56:47.916Z,159,131,104
185,Image_2318.png,background,724,477,917,917,2024-04-29T19:56:49.328Z,116,98,81
186,Image_2318.png,background,718,480,917,917,2024-04-29T19:56:50.101Z,220,190,156
187,Image_2318.png,background,707,492,917,917,2024-04-29T19:56:51.140Z,225,195,163
188,Image_2318.png,background,703,506,917,917,2024-04-29T19:56:51.841Z,205,176,145
189,Image_2318.png,background,722,482,917,917,2024-04-29T19:56:52.642Z,222,192,155
190,Image_2318.png,background,628,368,917,917,2024-04-29T19:56:54.188Z,109,93,72
191,Image_2318.png,background,903,515,917,917,2024-04-29T19:57:02.750Z,230,202,165
192,Image_2318.png,background,894,503,917,917,2024-04-29T19:57:03.451Z,108,87,65
193,Image_2318.png,background,883,494,917,917,2024-04-29T19:57:04.122Z,185,166,143