station_name,nominal_depth,sand,clay,silt,OM,L_dry,a_dry,b_dry,L_wet,a_wet,b_wet,bulk_density,field_capacity,wilting_point
Ashland 8S,5,31,32,37,3.3,50.1,10.6,17.6,28.2,9.1,12.7,1.48,0.418,0.25
Ashland 8S,10,28,33,38,2.8,50.5,11.4,18.6,31.1,9.9,14.2,1.485,0.416,0.242
Ashland 8S,20,23,36,41,1.7,54.1,11.7,19.5,31.2,10.5,14.3,1.48,0.412,0.231
Ashland 8S,50,75,6,19,0.3,68.6,13.8,22.8,42.8,12.3,18.4,1.545,0.37,0.028
Ashland Bottoms,5,8.6,33.2,58.2,3.2,41,5.8,12.3,26,5.4,9.7,1.365,0.384,0.184
Ashland Bottoms,10,5,37.2,57.8,2.7,28.9,5.5,9.3,26.2,5.3,8.5,1.345,0.357,0.188
Ashland Bottoms,20,2.6,50.7,46.8,2.6,41.1,6.5,11.8,28.9,6.4,10.7,1.265,0.383,0.225
Ashland Bottoms,50,2.8,44.1,53.1,2.2,43.1,6.5,13.9,29.8,6.2,11.8,1.265,0.38,0.2
Belleville 2W,5,12,22,67,4.7,43.4,5,8.9,22.4,4.1,6.2,1.165,0.428,0.135
Belleville 2W,10,11,28,61,3.6,39.3,4.2,7.9,17.9,2.9,4.5,1.25,0.398,0.155
Belleville 2W,20,10,29,60,3.3,41.9,4.1,8.4,21.4,3.5,5.4,1.185,0.404,0.153
Belleville 2W,50,7,45,48,2.7,41,4.7,9.3,18.8,3.4,5.2,1.085,0.546,0.206
Butler,5,14,28,58,5.6,42.3,6.8,12.7,25.4,6.2,9.5,1.19,0.471,0.187
Butler,10,14,27,59,5,39,6.6,12.3,23.3,5.8,8.7,1.245,0.464,0.198
Butler,20,11,35,54,4.5,41,7.8,13.3,23.4,6.4,9.1,1.24,0.452,0.21
Butler,50,10,52,38,3,50.1,14.6,23.1,29,13.3,16.7,1.375,0.461,0.335
Cherokee,5,16,24,60,2.7,50.9,6.6,14.1,31.8,6.1,10.7,1.31,0.452,0.116
Cherokee,10,14,18,68,2.4,50.7,6.6,13.8,29.8,6.1,9.8,1.305,0.424,0.096
Cherokee,20,16,18,67,1.9,51.4,6.4,14.2,31,6.2,11,1.47,0.407,0.099
Cherokee,50,8,50,42,2.6,48.6,8.3,15.7,28.4,9.3,13.5,1.37,0.478,0.284
Cheyenne,5,18,22,60,2.7,47.7,5.9,12.6,29.9,5.7,10.5,1.345,0.436,0.182
Cheyenne,10,19,25,55,2.4,50,6,13.1,28.1,5.1,8.9,1.41,0.396,0.21
Cheyenne,20,17,28,55,2.3,48.7,5.7,12.2,28.3,5.2,9.1,1.45,0.401,0.216
Cheyenne,50,20,26,54,1.8,53.4,6.2,13.7,34.9,5.9,12.2,1.265,0.421,0.176
Clay Center,5,12,43,45,4.8,44.1,6.7,12,22.2,4.7,7.6,1.305,0.409,0.112
Clay Center,10,9,25,65,3.2,44.9,6.3,11.8,26.2,5.5,8.9,1.39,0.404,0.126
Clay Center,20,9,27,64,3,43.8,6.9,12.9,24.7,5.6,8.7,1.32,0.385,0.12
Clay Center,50,6,36,58,2.2,48.3,7.1,14.5,28.9,6.2,11,1.22,0.338,0.143
Colby,5,19,31,50,3.1,53.9,5.8,13.2,30.1,4.6,8.6,1.455,0.434,0.229
Colby,10,18,28,53,2.2,48.9,5.9,13.1,30.2,5.1,9.5,1.475,0.424,0.214
Colby,20,16,28,56,1.9,52.5,6,13.4,31.8,5.6,10.8,1.435,0.422,0.221
Colby,50,14,33,53,1.8,54.8,4.9,11.5,36.9,5.1,11.4,1.41,0.43,0.282
Elmdale 1SE,5,8,43,50,5.7,42.1,5.3,11.1,24,4.8,7.9,1.26,0.444,0.246
Elmdale 1SE,10,6,48,46,4.3,40.2,5.4,11.2,24.6,4.8,8.1,1.37,0.44,0.273
Elmdale 1SE,20,3,55,42,3.5,43,6.5,13.9,26.1,6.5,10.3,1.41,0.438,0.295
Elmdale 1SE,50,3,53,44,2.1,45.3,8.1,15.9,28.7,7.7,12.1,1.575,0.406,0.318
Garden City,5,26,23,51,2.9,51.6,6.5,13.9,29.6,5.9,10.6,1.325,0.422,0.193
Garden City,10,26,24,50,2.4,53.8,6.7,13.9,31.6,5.2,9.7,1.35,0.409,0.175
Garden City,20,26,24,50,2.1,49.9,6,13.3,33.8,5.8,10.9,1.265,0.386,0.179
Garden City,50,15,33,52,1.4,62.2,6.8,17.2,41.1,7,15.7,1.315,0.434,0.212
Gypsum,5,5,32,63,2.5,42,5.7,10.6,23.5,4.6,7.2,1.39,0.365,0.185
Gypsum,10,9,29,62,3,45.2,5.5,11.8,24.7,4.5,6.8,1.44,0.368,0.2
Gypsum,20,8,28,64,2.6,38.8,5.7,10.6,22.2,4,6.7,1.355,0.414,0.175
Gypsum,50,8,31,61,2.8,41.8,6.5,11.4,25.3,4.7,7.5,1.305,0.434,0.177
Harper,5,16,11,72,3.1,51.3,13.6,19.3,27.6,9.9,12.8,1.385,0.426,0.104
Harper,10,21,16,63,2.6,41.7,13.3,19.1,25.3,9.6,11,1.28,0.373,0.102
Harper,20,16,19,65,2.6,44.4,15.8,21.7,28.7,11.3,13.2,1.26,0.36,0.102
Harper,50,17,23,60,1.5,47.1,19.8,25.9,29.3,14.8,15.8,1.46,0.382,0.118
Hays,5,15,27,58,4.4,43.7,4.9,10.1,29.5,5,9,1.275,0.463,0.212
Hays,10,14,32,55,3.3,41,4.3,9.7,27.7,4.5,8.3,1.26,0.432,0.205
Hays,20,12,43,45,2.8,45.6,4.3,9.9,27.9,4.8,8.9,1.355,0.442,0.276
Hays,50,13,45,42,1.6,51.9,4.7,10.9,34.8,5.3,11,1.535,0.418,0.304
Hodgeman,5,14,24,62,3,48.9,6.8,13.5,31.4,6.6,11.3,1.345,0.446,0.163
Hodgeman,10,13,28,59,2.5,52.8,7,14.3,27.8,5.9,9.6,1.335,0.406,0.183
Hodgeman,20,12,37,51,2.3,50.8,7.1,14.6,29.6,6.5,10.9,1.38,0.418,0.234
Hodgeman,50,7,42,50,1.3,61.1,6.6,16.6,39.3,6.7,14.9,1.585,0.395,0.342
Jewell,5,14,24,62,3.5,44.7,5.6,11.6,27.3,5.4,9.2,1.365,0.45,0.158
Jewell,10,15,23,62,2.9,46,6.4,13.2,27.7,5.6,9.3,1.275,0.424,0.132
Jewell,20,15,28,57,2.9,48,7.2,14.7,30.4,6.8,12.2,1.325,0.454,0.17
Jewell,50,12,38,50,1.5,56.4,7.2,16.8,34.8,7.3,14.5,1.58,0.403,0.28
Lake City,5,62,13,26,1.8,47.7,12.1,17.4,28.7,9.4,11.8,1.625,0.293,0.082
Lake City,10,65,11,23,1.5,43.2,11.9,17.2,28.4,8.6,10.7,1.67,0.267,0.082
Lake City,20,67,13,21,1.4,41,12.1,16.9,30.2,8.9,10.7,1.68,0.255,0.081
Lake City,50,72,13,15,0.9,47.2,16.3,21.1,34.5,11.8,14.2,1.84,0.241,0.085
Lakin,5,64,15,21,1.5,54.1,7,14.4,32.6,5.1,9.9,1.7,0.282,0.11
Lakin,10,66,13,21,1,50.4,6.6,14.6,31.4,5,8.8,1.81,0.26,0.096
Lakin,20,65,18,17,1.2,48.7,6.7,13.2,33.5,5,9.4,1.74,0.266,0.089
Lakin,50,79,10,11,0.8,55.4,6,14.8,39.4,5.7,11.8,1.715,0.216,0.073
Lane,5,14,31,56,2,50.9,5.9,12.6,29.3,5.4,9.4,1.16,0.368,0.207
Lane,10,10,48,42,2,48.1,5.6,12.4,30.4,6.2,11.2,1.325,0.422,0.324
Lane,20,10,45,45,2,51.8,6.2,14.2,34,5.8,11.4,1.435,0.414,0.337
Lane,50,11,27,62,1.3,65,5.4,15.7,42,5.7,13.9,1.37,0.432,0.28
Leoti,5,18,26,56,2.7,53.2,6.3,12.6,28.4,5.2,9.3,1.37,0.426,0.214
Leoti,10,16,24,59,2.4,44.1,5.5,10.5,27.7,5,8.9,1.425,0.39,0.222
Leoti,20,14,29,56,2.2,53.7,5.9,12.8,28.7,5.3,9.4,1.46,0.403,0.266
Leoti,50,12,32,56,1.6,54.5,5.8,13.7,36.5,6.1,12.4,1.345,0.412,0.28
Lorraine,5,11,29,60,3.3,45,6.9,11.5,23.7,5.1,7.1,1.305,0.426,0.166
Lorraine,10,10,46,44,2.7,54.2,6.7,13.6,29,5.5,9.9,1.435,0.381,0.226
Lorraine,20,7,38,55,2.3,44.7,5.8,10.9,23.8,4.5,7.9,1.5,0.39,0.212
Lorraine,50,12,32,56,1.9,46.6,6.8,12.4,26.3,5.6,8.2,1.55,0.446,0.239
Manhattan,5,11,29,60,3.3,40.8,7.3,13.3,23.6,5.4,10.1,1.355,0.384,0.184
Manhattan,10,9,33,58,2.8,44.5,6.1,11.7,25.6,4,7.9,1.42,0.373,0.2
Manhattan,20,9,33,58,2.9,42.9,6.1,12.1,22.3,4.8,7.1,1.385,0.37,0.194
Manhattan,50,6,39,56,2.3,46.6,6.2,13,25.6,5.1,8.6,1.49,0.4,0.262
McPherson 1S,5,3,33,64,2.5,45.8,6.4,11.6,26,5.2,7.8,1.42,0.364,0.218
McPherson 1S,10,5,36,59,2.2,48.5,6.5,12,30,5.8,9,1.405,0.354,0.209
McPherson 1S,20,4,44,52,2.1,49.9,6.4,12.4,27.8,5.3,8.9,1.39,0.426,0.232
McPherson 1S,50,2,46,52,1.5,54.1,6.4,13.5,30.1,6.3,10.8,1.455,0.418,0.292
Meade,5,53,13,35,2,53.7,8.2,14.8,30.7,5.8,8.9,1.55,0.372,0.112
Meade,10,57,11,32,1.4,51.2,7.2,13.4,31.7,5.1,8.5,1.595,0.343,0.09
Meade,20,63,13,25,1.2,53.2,8.2,14.6,31.8,5.2,8.7,1.605,0.345,0.094
Meade,50,48,25,27,1.2,65.1,7.1,14.8,41.1,7.1,12.4,1.545,0.358,0.164
Miami,5,6,30,64,7.4,44.2,5.5,10,20.5,3.9,6.1,1.045,0.448,0.189
Miami,10,5,34,62,5.3,45.1,5.8,11.7,23,3.9,6.3,1.285,0.403,0.214
Miami,20,3,43,54,4.6,44.1,5.9,12.6,24.7,5.2,8.9,1.31,0.388,0.234
Miami,50,5,56,39,3.1,48.7,6.8,17.2,28.6,6.5,12.9,1.39,0.465,0.339
Mitchell,5,8,40,52,4.2,44.3,6,10.2,24.4,4.4,6.8,1.07,0.416,0.172
Mitchell,10,10,28,62,3.3,49.3,6.1,11.3,22.3,3.6,6.9,1.235,0.398,0.196
Mitchell,20,6,29,64,3.3,47.9,6.1,11.9,29.6,4.7,8.8,1.16,0.413,0.198
Mitchell,50,4,36,60,2.1,52.6,7,14.1,36.2,6.9,13.1,1.165,0.446,0.233
Moscow 10NW,5,33,25,41,2.4,58,6.6,14,35.1,6.3,11.9,1.37,0.382,0.166
Moscow 10NW,10,35,27,39,1.6,59.1,6.6,14.4,31.6,5.8,11.4,1.525,0.362,0.186
Moscow 10NW,20,39,25,36,1.3,59,7.2,14.9,33.7,6.4,11.4,1.545,0.349,0.152
Moscow 10NW,50,16,31,54,1.2,61.3,7.4,17.4,38.9,7.1,14.5,1.345,0.415,0.224
Osborne,5,14,24,62,3.6,50.8,7,13.2,27.2,4.7,7.6,1.14,0.388,0.128
Osborne,10,11,32,57,3,46.3,6,11.3,25.5,4.6,7.3,1.17,0.376,0.171
Osborne,20,8,36,56,2.6,46.7,5.7,11.8,27.2,4.4,8.1,1.185,0.39,0.202
Osborne,50,8,36,56,1.8,58.7,6.7,15.2,31,6.3,12,1.2,0.424,0.196
Ottawa 2SE,5,8,30,62,5,45.5,5.1,9.7,23.3,3.3,6.9,1.195,0.452,0.139
Ottawa 2SE,10,8,30,63,4.1,46.9,5.5,9.7,24.8,4.3,7.1,1.345,0.433,0.158
Ottawa 2SE,20,6,30,64,3.7,45.1,4.9,8.5,19.6,3.1,5.1,1.305,0.388,0.15
Ottawa 2SE,50,1,54,45,3,41.2,3.3,8.2,21,3.5,5.5,1.375,0.438,0.278
Overbrook,5,6,40,55,7.4,44,4.3,9.8,21.9,3.4,5.4,1.055,0.438,0.181
Overbrook,10,1,42,57,4.3,36.3,4.3,8.6,20.7,2.9,4.9,1.275,0.392,0.196
Overbrook,20,3,41,55,4.6,38.1,3.6,7.4,21.4,2.7,4.5,1.235,0.406,0.204
Overbrook,50,1,60,39,2.4,55.4,5.6,18.7,36.2,5.7,16.4,1.385,0.403,0.249
Parsons,5,16,20,64,2.4,52.6,6.9,14.6,31.4,6,10.3,1.4,0.396,0.124
Parsons,10,13,20,67,1.7,50.5,6.2,13.7,30.5,5.4,10.4,1.53,0.387,0.132
Parsons,20,13,20,67,1.6,51.7,6,13.6,30.4,5.1,9.8,1.54,0.364,0.13
Parsons,50,2,51,47,2.2,50.7,5.4,14.7,30.3,5.6,12.2,1.44,0.463,0.339
Richfield,5,21,29,49,3,54.9,7,14.5,31.8,6.1,10.4,1.495,0.4,0.22
Richfield,10,24,30,46,2.3,51.8,6.7,14.1,31.1,5.6,10,1.43,0.385,0.218
Richfield,20,25,33,43,2,48.7,6.4,13.3,33.4,6.5,12,1.45,0.372,0.202
Rossville 2SE,5,49,11,40,1.5,47.5,5.5,11,26.7,4.9,8.1,1.46,0.399,0.058
Rossville 2SE,10,46,11,43,1.4,49.3,5.8,11.4,28.9,4.7,7.7,1.595,0.336,0.056
Rossville 2SE,20,52,10,38,0.9,45.1,5.5,11.3,28.8,4.2,7,1.215,0.26,0.046
Rossville 2SE,50,25,16,58,1.6,41.9,5.2,10.3,24,3.8,6.5,1.35,0.348,0.094
Satanta,5,22,35,43,2,58.2,6.9,14.7,34.1,7,12.3,1.17,0.384,0.172
Satanta,10,35,24,41,2.1,50.3,7.1,14.2,30.5,6.1,10.8,1.455,0.396,0.182
Satanta,20,34,28,38,1.7,51.8,7.2,14.2,27.2,5.5,9,1.515,0.349,0.188
Satanta,50,23,32,45,2.1,48.6,6.2,12.4,26.1,5.6,8.4,1.505,0.359,0.223
Sedan,5,27,28,45,5.8,45.2,5.3,11.7,24.6,4.8,8.1,1.285,0.459,0.193
Sedan,10,28,31,41,4.3,43.8,5.3,11.6,24.4,4.5,7.7,1.315,0.378,0.18
Sedan,20,29,32,39,3.7,42.4,5.1,12,22.6,4.2,7.2,1.435,0.396,0.208
Sedan,50,14,55,30,2.4,48.3,7.3,15.6,28.8,6.1,11.1,1.545,0.376,0.271
Silver Lake 4E,5,13,25,62,2.6,44.1,5.6,11.4,24.5,4.1,6.7,1.43,0.39,0.166
Silver Lake 4E,10,13,27,61,2.7,43.4,5.7,11.4,23.3,4.4,7.7,1.62,0.354,0.191
Silver Lake 4E,20,13,25,62,2.3,44.9,6.2,12,25.5,4.4,7,1.59,0.355,0.186
Silver Lake 4E,50,11,33,56,2.1,46.3,5.9,13.4,29.7,6.1,11,1.49,0.406,0.22
Spearville,5,16,27,57,2.8,44.9,6.5,12.4,27.7,5.5,9.1,1.425,0.394,0.196
Spearville,10,13,25,61,3,44.2,6,11.7,25.2,4.8,8.2,1.34,0.404,0.198
Spearville,20,14,27,59,3,41.9,5.1,10.5,24,4.6,7.6,1.245,0.396,0.186
Spearville,50,10,35,55,2,47.5,5.8,11.4,28.4,5.3,9,1.43,0.394,0.24
Tribune,5,25,28,47,3,51.1,6.6,13.8,30.5,6.2,11.2,1.355,0.444,0.215
Tribune,10,26,33,41,2.2,51.1,5.9,13.1,34.7,6.4,12.6,1.435,0.418,0.255
Tribune,20,27,38,34,1.8,56.5,5.5,13.2,35.2,5.9,12.1,1.39,0.398,0.273
Tribune,50,19,33,48,1.8,52.5,5.9,13,33.4,5.3,10.5,1.575,0.424,0.279
Viola,5,18,19,63,2.7,45.6,8.5,15,26.1,6.6,9.5,1.315,0.416,0.121
Viola,10,16,19,65,2.1,47.9,8.2,14.5,26.4,6.2,8.9,1.39,0.372,0.126
Viola,20,17,24,59,2.1,44.5,7.1,12.8,29.6,5.2,7.4,1.435,0.384,0.17
Viola,50,10,47,44,1.8,54.8,7,14.3,25.8,5.6,9.2,1.465,0.422,0.322
Washington,5,24,31,45,3.3,45.8,8.3,16.1,25.8,8.5,12.7,1.38,0.368,0.153
Washington,10,25,29,45,2.8,51.4,11.5,20,29.9,9,14.4,1.445,0.352,0.154
Washington,20,21,35,44,2.4,45.4,10.3,18.3,30.2,10.6,14.3,1.37,0.356,0.166
Washington,50,21,36,43,1.5,51.1,10.6,17.9,33.7,10.2,15.4,1.45,0.348,0.188
Woodson,5,10,36,55,8.4,37,3.9,8.2,23.6,3.8,7,1.05,0.528,0.228
Woodson,10,13,41,46,6.2,37.6,3.7,8.4,20.8,3.5,5.8,1.21,0.498,0.238
Woodson,20,5,51,44,4.5,40,4.2,9.7,25,3.9,6.9,1.29,0.503,0.284
Woodson,50,3,63,34,3.2,46.7,5,12.9,29.6,5,11.1,1.315,0.504,0.364