date,doy,rootzone,surface,eddi
01-Jan-2016 00:00:00,1,0.360347986221313,0.377936512231827,2.10464835
02-Jan-2016 00:00:00,2,0.360384732484818,0.377915620803833,2.10464835
03-Jan-2016 00:00:00,3,0.360442191362381,0.378046005964279,1.70140982
04-Jan-2016 00:00:00,4,0.36036217212677,0.377900272607803,1.70140982
05-Jan-2016 00:00:00,5,0.35997149348259,0.377536952495575,1.70140982
06-Jan-2016 00:00:00,6,0.359901428222656,0.377514243125916,1.46677959
07-Jan-2016 00:00:00,7,0.360380560159683,0.379210442304611,1.46677959
08-Jan-2016 00:00:00,8,0.366889864206314,0.404759526252747,1.46677959
09-Jan-2016 00:00:00,9,0.367894560098648,0.385609984397888,1.46677959
10-Jan-2016 00:00:00,10,0.366139352321625,0.383140623569489,1.46677959
11-Jan-2016 00:00:00,11,0.365332692861557,0.382537096738815,1.15124929
12-Jan-2016 00:00:00,12,0.365855276584625,0.383527755737305,1.15124929
13-Jan-2016 00:00:00,13,0.365698754787445,0.383417218923569,1.15124929
14-Jan-2016 00:00:00,14,0.366244286298752,0.383550137281418,1.15124929
15-Jan-2016 00:00:00,15,0.366494089365005,0.383885234594345,1.02949953
16-Jan-2016 00:00:00,16,0.365824848413467,0.38319456577301,0.921349049
17-Jan-2016 00:00:00,17,0.365408420562744,0.382996499538422,0.921349049
18-Jan-2016 00:00:00,18,0.364930808544159,0.381931036710739,0.921349049
19-Jan-2016 00:00:00,19,0.364258944988251,0.38122570514679,0.921349049
20-Jan-2016 00:00:00,20,0.364149153232574,0.381517022848129,0.921349049
21-Jan-2016 00:00:00,21,0.36398458480835,0.38151627779007,0.823020756
22-Jan-2016 00:00:00,22,0.363957166671753,0.381465703248978,0.823020756
23-Jan-2016 00:00:00,23,0.363797694444656,0.381258487701416,0.823020756
24-Jan-2016 00:00:00,24,0.36484295129776,0.38279002904892,0.73206991
25-Jan-2016 00:00:00,25,0.367204338312149,0.385190516710281,0.646811306
26-Jan-2016 00:00:00,26,0.367046594619751,0.384519189596176,0.646811306
27-Jan-2016 00:00:00,27,0.367473274469376,0.384814709424973,0.646811306
28-Jan-2016 00:00:00,28,0.367560684680939,0.385103404521942,0.566024065
29-Jan-2016 00:00:00,29,0.367514848709106,0.385063469409943,0.566024065
30-Jan-2016 00:00:00,30,0.367149502038956,0.384741753339767,0.646811306
31-Jan-2016 00:00:00,31,0.366734057664871,0.384330689907074,0.73206991
01-Feb-2016 00:00:00,32,0.366240322589874,0.383536040782928,0.823020756
02-Feb-2016 00:00:00,33,0.365670055150986,0.382818192243576,0.73206991
03-Feb-2016 00:00:00,34,0.37383571267128,0.390988826751709,0.73206991
04-Feb-2016 00:00:00,35,0.371856361627579,0.388975918292999,0.73206991
05-Feb-2016 00:00:00,36,0.371550440788269,0.388858050107956,0.646811306
06-Feb-2016 00:00:00,37,0.37167489528656,0.388973623514175,0.488786697
07-Feb-2016 00:00:00,38,0.371625602245331,0.388444066047668,0.488786697
08-Feb-2016 00:00:00,39,0.371246427297592,0.38797926902771,0.488786697
09-Feb-2016 00:00:00,40,0.370075225830078,0.38642543554306,0.488786697
10-Feb-2016 00:00:00,41,0.369139909744263,0.385967671871185,0.488786697
11-Feb-2016 00:00:00,42,0.368702679872513,0.385998249053955,0.488786697
12-Feb-2016 00:00:00,43,0.368412047624588,0.385805815458298,0.414379239
13-Feb-2016 00:00:00,44,0.367996543645859,0.384853392839432,0.488786697
14-Feb-2016 00:00:00,45,0.367256313562393,0.384392768144608,0.566024065
15-Feb-2016 00:00:00,46,0.366615682840347,0.383957117795944,0.566024065
16-Feb-2016 00:00:00,47,0.365963876247406,0.383029341697693,0.414379239
17-Feb-2016 00:00:00,48,0.365495562553406,0.382749319076538,0.414379239
18-Feb-2016 00:00:00,49,0.364674866199493,0.381406962871552,0.566024065
19-Feb-2016 00:00:00,50,0.362845003604889,0.378707706928253,0.646811306
20-Feb-2016 00:00:00,51,0.360630393028259,0.377240121364594,0.73206991
21-Feb-2016 00:00:00,52,0.359413355588913,0.375821620225906,0.73206991
22-Feb-2016 00:00:00,53,0.358799308538437,0.375880300998688,0.73206991
23-Feb-2016 00:00:00,54,0.358198523521423,0.375310480594635,0.823020756
24-Feb-2016 00:00:00,55,0.357881426811218,0.374470472335815,0.823020756
25-Feb-2016 00:00:00,56,0.356948971748352,0.373806446790695,0.73206991
26-Feb-2016 00:00:00,57,0.356388449668884,0.373548150062561,0.73206991
27-Feb-2016 00:00:00,58,0.355296939611435,0.372486382722855,0.921349049
28-Feb-2016 00:00:00,59,0.353471010923386,0.368967771530151,0.921349049
29-Feb-2016 00:00:00,60,0.351789474487305,0.368396729230881,0.921349049
01-Mar-2016 00:00:00,61,0.350433498620987,0.366957068443298,1.02949953
02-Mar-2016 00:00:00,62,0.349891901016235,0.367436707019806,1.02949953
03-Mar-2016 00:00:00,63,0.349115550518036,0.365929514169693,1.15124929
04-Mar-2016 00:00:00,64,0.348656833171844,0.365433633327484,1.15124929
05-Mar-2016 00:00:00,65,0.347665280103683,0.364016592502594,1.29295862
06-Mar-2016 00:00:00,66,0.34592193365097,0.362053662538528,1.46677959
07-Mar-2016 00:00:00,67,0.344493478536606,0.360489696264267,1.46677959
08-Mar-2016 00:00:00,68,0.34342086315155,0.359982907772064,1.46677959
09-Mar-2016 00:00:00,69,0.343975931406021,0.361431092023849,1.46677959
10-Mar-2016 00:00:00,70,0.343336850404739,0.360393017530441,1.46677959
11-Mar-2016 00:00:00,71,0.341628938913345,0.35803347826004,1.46677959
12-Mar-2016 00:00:00,72,0.339721202850342,0.355494052171707,1.15124929
13-Mar-2016 00:00:00,73,0.33966463804245,0.356240451335907,1.02949953
14-Mar-2016 00:00:00,74,0.339732438325882,0.357078671455383,1.02949953
15-Mar-2016 00:00:00,75,0.337601810693741,0.353195369243622,1.29295862
16-Mar-2016 00:00:00,76,0.335909873247147,0.35025230050087,1.29295862
17-Mar-2016 00:00:00,77,0.335043996572495,0.350797444581985,1.29295862
18-Mar-2016 00:00:00,78,0.244914785027504,0.230078995227814,1.15124929
19-Mar-2016 00:00:00,79,0.251843154430389,0.246351078152657,1.02949953
20-Mar-2016 00:00:00,80,0.251226335763931,0.24152284860611,1.02949953
21-Mar-2016 00:00:00,81,0.250635832548141,0.240784630179405,1.02949953
22-Mar-2016 00:00:00,82,0.24977158010006,0.236667782068253,1.29295862
23-Mar-2016 00:00:00,83,0.248816519975662,0.232828989624977,1.29295862
24-Mar-2016 00:00:00,84,0.247854992747307,0.229048654437065,1.29295862
25-Mar-2016 00:00:00,85,0.24757419526577,0.231709942221642,1.29295862
26-Mar-2016 00:00:00,86,0.240520924329758,0.222424879670143,1.29295862
27-Mar-2016 00:00:00,87,0.243772476911545,0.237869873642921,1.15124929
28-Mar-2016 00:00:00,88,0.244156002998352,0.239126041531563,1.15124929
29-Mar-2016 00:00:00,89,0.243243455886841,0.231487050652504,1.29295862
30-Mar-2016 00:00:00,90,0.242529138922691,0.231695622205734,1.29295862
31-Mar-2016 00:00:00,91,0.241736516356468,0.228334665298462,1.29295862
01-Apr-2016 00:00:00,92,0.241732612252235,0.233465969562531,1.15124929
02-Apr-2016 00:00:00,93,0.241142556071281,0.231572866439819,1.15124929
03-Apr-2016 00:00:00,94,0.239560395479202,0.22724124789238,1.15124929
04-Apr-2016 00:00:00,95,0.237524583935738,0.219828084111214,1.29295862
05-Apr-2016 00:00:00,96,0.237056121230125,0.221349209547043,1.46677959
06-Apr-2016 00:00:00,97,0.235017001628876,0.222292318940163,1.46677959
07-Apr-2016 00:00:00,98,0.23765517771244,0.226995334029198,1.70140982
08-Apr-2016 00:00:00,99,0.236930340528488,0.222115308046341,1.70140982
09-Apr-2016 00:00:00,100,0.236321717500687,0.214552745223045,1.46677959
10-Apr-2016 00:00:00,101,0.235905230045319,0.21632094681263,1.46677959
11-Apr-2016 00:00:00,102,0.235647365450859,0.212222293019295,1.46677959
12-Apr-2016 00:00:00,103,0.233574420213699,0.202145129442215,1.46677959
13-Apr-2016 00:00:00,104,0.233776897192001,0.198023706674576,1.46677959
14-Apr-2016 00:00:00,105,0.233463138341904,0.19889260828495,1.70140982
15-Apr-2016 00:00:00,106,0.233414858579636,0.204359441995621,1.70140982
16-Apr-2016 00:00:00,107,0.233645439147949,0.19975084066391,1.70140982
17-Apr-2016 00:00:00,108,0.232781454920769,0.198660001158714,1.70140982
18-Apr-2016 00:00:00,109,0.252266198396683,0.262870967388153,1.29295862
19-Apr-2016 00:00:00,110,0.284864157438278,0.287711918354034,1.29295862
20-Apr-2016 00:00:00,111,0.294321984052658,0.331424385309219,1.46677959
21-Apr-2016 00:00:00,112,0.305471807718277,0.318207800388336,1.46677959
22-Apr-2016 00:00:00,113,0.335845708847046,0.354321151971817,1.46677959
23-Apr-2016 00:00:00,114,0.334501802921295,0.351447075605392,1.29295862
24-Apr-2016 00:00:00,115,0.328747808933258,0.342105180025101,1.46677959
25-Apr-2016 00:00:00,116,0.33141702413559,0.36410591006279,1.46677959
26-Apr-2016 00:00:00,117,0.340751439332962,0.357188582420349,1.29295862
27-Apr-2016 00:00:00,118,0.355104774236679,0.404651194810867,1.29295862
28-Apr-2016 00:00:00,119,0.353592991828918,0.369134187698364,1.29295862
29-Apr-2016 00:00:00,120,0.349874824285507,0.366192013025284,1.29295862
30-Apr-2016 00:00:00,121,0.375777214765549,0.400748252868652,1.15124929
01-May-2016 00:00:00,122,0.378273189067841,0.394379794597626,1.15124929
02-May-2016 00:00:00,123,0.374373823404312,0.390182495117188,1.02949953
03-May-2016 00:00:00,124,0.386737436056137,0.401361614465714,1.02949953
04-May-2016 00:00:00,125,0.382666885852814,0.397339642047882,1.02949953
05-May-2016 00:00:00,126,0.390128374099731,0.404240906238556,0.921349049
06-May-2016 00:00:00,127,0.384950041770935,0.399406611919403,0.921349049
07-May-2016 00:00:00,128,0.3808513879776,0.394924283027649,0.921349049
08-May-2016 00:00:00,129,0.368059426546097,0.383353471755981,0.921349049
09-May-2016 00:00:00,130,0.367621958255768,0.383962959051132,0.921349049
10-May-2016 00:00:00,131,0.367924571037292,0.386147439479828,0.921349049
11-May-2016 00:00:00,132,0.359132915735245,0.374028354883194,0.921349049
12-May-2016 00:00:00,133,0.360981583595276,0.376511096954346,0.921349049
13-May-2016 00:00:00,134,0.351912170648575,0.367598623037338,0.921349049
14-May-2016 00:00:00,135,0.342516213655472,0.35703232884407,0.921349049
15-May-2016 00:00:00,136,0.34071409702301,0.356247097253799,0.921349049
16-May-2016 00:00:00,137,0.3308025598526,0.346053272485733,0.921349049
17-May-2016 00:00:00,138,0.347667217254639,0.415160685777664,0.921349049
18-May-2016 00:00:00,139,0.345011323690414,0.361092537641525,0.823020756
19-May-2016 00:00:00,140,0.357351541519165,0.374897688627243,0.646811306
20-May-2016 00:00:00,141,0.356311172246933,0.37694463133812,0.646811306
21-May-2016 00:00:00,142,0.353273779153824,0.369758784770966,0.646811306
22-May-2016 00:00:00,143,0.357633799314499,0.374166131019592,0.646811306
23-May-2016 00:00:00,144,0.354562997817993,0.371014833450317,0.646811306
24-May-2016 00:00:00,145,0.353763699531555,0.374229520559311,0.646811306
25-May-2016 00:00:00,146,0.36708790063858,0.396045029163361,0.646811306
26-May-2016 00:00:00,147,0.369647085666656,0.385114669799805,0.646811306
27-May-2016 00:00:00,148,0.409294813871384,0.4576475918293,0.566024065
28-May-2016 00:00:00,149,0.427390724420547,0.442746460437775,0.566024065
29-May-2016 00:00:00,150,0.425752580165863,0.432939916849136,0.488786697
30-May-2016 00:00:00,151,0.461540818214417,0.458802849054337,0.414379239
31-May-2016 00:00:00,152,0.464486867189407,0.465207576751709,0.414379239
01-Jun-2016 00:00:00,153,0.472904443740845,0.464473217725754,0.414379239
02-Jun-2016 00:00:00,154,0.472695827484131,0.463919132947922,0.414379239
03-Jun-2016 00:00:00,155,0.46777218580246,0.460780799388885,0.414379239
04-Jun-2016 00:00:00,156,0.42554172873497,0.431764394044876,0.342221022
05-Jun-2016 00:00:00,157,0.421414613723755,0.42832139134407,0.342221022
06-Jun-2016 00:00:00,158,0.396625131368637,0.408974051475525,0.342221022
07-Jun-2016 00:00:00,159,0.346839606761932,0.360633045434952,0.342221022
08-Jun-2016 00:00:00,160,0.344881594181061,0.359538912773132,0.414379239
09-Jun-2016 00:00:00,161,0.292843461036682,0.291499942541122,0.488786697
10-Jun-2016 00:00:00,162,0.284389317035675,0.278833270072937,0.488786697
11-Jun-2016 00:00:00,163,0.283707588911057,0.278235465288162,0.414379239
12-Jun-2016 00:00:00,164,0.260191053152084,0.236108243465424,0.488786697
13-Jun-2016 00:00:00,165,0.260473012924194,0.244754433631897,0.488786697
14-Jun-2016 00:00:00,166,0.248929113149643,0.232136055827141,0.488786697
15-Jun-2016 00:00:00,167,0.242558598518372,0.220835536718369,0.414379239
16-Jun-2016 00:00:00,168,0.24383556842804,0.245114177465439,0.342221022
17-Jun-2016 00:00:00,169,0.265071958303452,0.254488468170166,0.414379239
18-Jun-2016 00:00:00,170,0.261040329933167,0.246764078736305,0.414379239
19-Jun-2016 00:00:00,171,0.259261757135391,0.250822901725769,0.414379239
20-Jun-2016 00:00:00,172,0.254722952842712,0.235408455133438,0.414379239
21-Jun-2016 00:00:00,173,0.252422779798508,0.235188692808151,0.414379239
22-Jun-2016 00:00:00,174,0.244738012552261,0.22280365228653,0.414379239
23-Jun-2016 00:00:00,175,0.239895939826965,0.216344848275185,0.342221022
24-Jun-2016 00:00:00,176,0.239872500300407,0.231918856501579,0.414379239
25-Jun-2016 00:00:00,177,0.237876310944557,0.228381738066673,0.414379239
26-Jun-2016 00:00:00,178,0.236981600522995,0.216666102409363,0.342221022
27-Jun-2016 00:00:00,179,0.242959201335907,0.239937454462051,0.271829486
28-Jun-2016 00:00:00,180,0.247655108571053,0.241533234715462,0.134745955
29-Jun-2016 00:00:00,181,0.251706540584564,0.240214794874191,0.0673623085
30-Jun-2016 00:00:00,182,0.265195727348328,0.256005525588989,0.0673623085
01-Jul-2016 00:00:00,183,0.265442252159119,0.252280086278915,0.0673623085
02-Jul-2016 00:00:00,184,0.273781567811966,0.300290137529373,0.000334739685
03-Jul-2016 00:00:00,185,0.300992697477341,0.349578589200974,-0.134069562
04-Jul-2016 00:00:00,186,0.325199544429779,0.341249734163284,-0.134069562
05-Jul-2016 00:00:00,187,0.313853710889816,0.326196044683456,-0.134069562
06-Jul-2016 00:00:00,188,0.326963186264038,0.342458754777908,-0.134069562
07-Jul-2016 00:00:00,189,0.32069593667984,0.332716256380081,-0.0666908026
08-Jul-2016 00:00:00,190,0.317676544189453,0.328801900148392,-0.20210731
09-Jul-2016 00:00:00,191,0.308395355939865,0.318801283836365,-0.20210731
10-Jul-2016 00:00:00,192,0.305741727352142,0.316599249839783,-0.20210731
11-Jul-2016 00:00:00,193,0.290257155895233,0.28764671087265,-0.0666908026
12-Jul-2016 00:00:00,194,0.284356594085693,0.277986168861389,-0.0666908026
13-Jul-2016 00:00:00,195,0.301154851913452,0.312819421291351,-0.134069562
14-Jul-2016 00:00:00,196,0.330591797828674,0.3532934486866,-0.0666908026
15-Jul-2016 00:00:00,197,0.325088560581207,0.340088993310928,-0.134069562
16-Jul-2016 00:00:00,198,0.320221215486526,0.33326718211174,-0.134069562
17-Jul-2016 00:00:00,199,0.309841811656952,0.318299680948257,-0.134069562
18-Jul-2016 00:00:00,200,0.304308414459229,0.311926633119583,-0.0666908026
19-Jul-2016 00:00:00,201,0.286188781261444,0.279054045677185,-0.0666908026
20-Jul-2016 00:00:00,202,0.278780728578568,0.266065239906311,-0.0666908026
21-Jul-2016 00:00:00,203,0.276266664266586,0.262974679470062,0.0673623085
22-Jul-2016 00:00:00,204,0.252198368310928,0.22848516702652,0.271829486
23-Jul-2016 00:00:00,205,0.251148492097855,0.230220019817352,0.342221022
24-Jul-2016 00:00:00,206,0.244562953710556,0.220843493938446,0.342221022
25-Jul-2016 00:00:00,207,0.241717055439949,0.24458010494709,0.414379239
26-Jul-2016 00:00:00,208,0.260217726230621,0.25200691819191,0.414379239
27-Jul-2016 00:00:00,209,0.298396676778793,0.308481156826019,0.342221022
28-Jul-2016 00:00:00,210,0.287506103515625,0.285509467124939,0.342221022
29-Jul-2016 00:00:00,211,0.282914847135544,0.27788770198822,0.342221022
30-Jul-2016 00:00:00,212,0.29302790760994,0.300166964530945,0.342221022
31-Jul-2016 00:00:00,213,0.290251046419144,0.296974450349808,0.342221022
01-Aug-2016 00:00:00,214,0.315420120954514,0.330470651388168,0.342221022
02-Aug-2016 00:00:00,215,0.315077155828476,0.326209217309952,0.342221022
03-Aug-2016 00:00:00,216,0.308922320604324,0.319763213396072,0.271829486
04-Aug-2016 00:00:00,217,0.302567362785339,0.309640288352966,0.271829486
05-Aug-2016 00:00:00,218,0.295785844326019,0.300757378339767,0.202791929
06-Aug-2016 00:00:00,219,0.305125147104263,0.319033920764923,0.202791929
07-Aug-2016 00:00:00,220,0.317479431629181,0.335552424192429,0.271829486
08-Aug-2016 00:00:00,221,0.321209102869034,0.342996746301651,0.271829486
09-Aug-2016 00:00:00,222,0.32709151506424,0.343301624059677,0.271829486
10-Aug-2016 00:00:00,223,0.323148995637894,0.337174564599991,0.271829486
11-Aug-2016 00:00:00,224,0.318438351154327,0.330289751291275,0.414379239
12-Aug-2016 00:00:00,225,0.307602882385254,0.318420231342316,0.414379239
13-Aug-2016 00:00:00,226,0.312326699495316,0.323470830917358,0.414379239
14-Aug-2016 00:00:00,227,0.308042973279953,0.318463087081909,0.271829486
15-Aug-2016 00:00:00,228,0.297678291797638,0.307259321212769,0.202791929
16-Aug-2016 00:00:00,229,0.29556593298912,0.303141057491302,0.134745955
17-Aug-2016 00:00:00,230,0.276467949151993,0.262611895799637,0.134745955
18-Aug-2016 00:00:00,231,0.266174554824829,0.246061727404594,0.134745955
19-Aug-2016 00:00:00,232,0.265602320432663,0.25019097328186,0.134745955
20-Aug-2016 00:00:00,233,0.279445201158524,0.351873874664307,0.134745955
21-Aug-2016 00:00:00,234,0.287989675998688,0.288933604955673,0.134745955
22-Aug-2016 00:00:00,235,0.283013910055161,0.277760684490204,0.0673623085
23-Aug-2016 00:00:00,236,0.284201294183731,0.27927440404892,0.0673623085
24-Aug-2016 00:00:00,237,0.281564950942993,0.276186168193817,0.0673623085
25-Aug-2016 00:00:00,238,0.288437157869339,0.367240637540817,0.134745955
26-Aug-2016 00:00:00,239,0.309114247560501,0.323225140571594,0.0673623085
27-Aug-2016 00:00:00,240,0.309003829956055,0.323608458042145,0.0673623085
28-Aug-2016 00:00:00,241,0.326604694128036,0.344149678945541,0.0673623085
29-Aug-2016 00:00:00,242,0.324769288301468,0.340732157230377,0.000334739685
30-Aug-2016 00:00:00,243,0.322951346635818,0.344112575054169,0.000334739685
31-Aug-2016 00:00:00,244,0.339263141155243,0.363099575042725,0.000334739685
01-Sep-2016 00:00:00,245,0.354780048131943,0.376942723989487,-0.0666908026
02-Sep-2016 00:00:00,246,0.368348985910416,0.384754985570908,-0.20210731
03-Sep-2016 00:00:00,247,0.365664213895798,0.381621897220612,-0.20210731
04-Sep-2016 00:00:00,248,0.361739546060562,0.377787917852402,-0.20210731
05-Sep-2016 00:00:00,249,0.35272029042244,0.366909027099609,-0.20210731
06-Sep-2016 00:00:00,250,0.348078519105911,0.361786186695099,-0.134069562
07-Sep-2016 00:00:00,251,0.343639701604843,0.357943803071976,-0.20210731
08-Sep-2016 00:00:00,252,0.316214978694916,0.328450471162796,-0.20210731
09-Sep-2016 00:00:00,253,0.325995743274689,0.363589912652969,-0.20210731
10-Sep-2016 00:00:00,254,0.301604211330414,0.328403353691101,-0.20210731
11-Sep-2016 00:00:00,255,0.287157475948334,0.286041706800461,-0.20210731
12-Sep-2016 00:00:00,256,0.285454303026199,0.282814383506775,-0.20210731
13-Sep-2016 00:00:00,257,0.278359532356262,0.303834795951843,-0.20210731
14-Sep-2016 00:00:00,258,0.276583403348923,0.276200443506241,-0.20210731
15-Sep-2016 00:00:00,259,0.277485609054565,0.272674947977066,-0.20210731
16-Sep-2016 00:00:00,260,0.279078543186188,0.287603765726089,-0.20210731
17-Sep-2016 00:00:00,261,0.285416305065155,0.290102392435074,-0.271133065
18-Sep-2016 00:00:00,262,0.291415691375732,0.298452466726303,-0.20210731
19-Sep-2016 00:00:00,263,0.295019924640656,0.304128497838974,-0.134069562
20-Sep-2016 00:00:00,264,0.291754603385925,0.295911878347397,-0.134069562
21-Sep-2016 00:00:00,265,0.287788569927216,0.286953210830688,-0.134069562
22-Sep-2016 00:00:00,266,0.284464091062546,0.280226826667786,-0.134069562
23-Sep-2016 00:00:00,267,0.281976908445358,0.276260882616043,-0.134069562
24-Sep-2016 00:00:00,268,0.273831576108932,0.261616110801697,-0.134069562
25-Sep-2016 00:00:00,269,0.291215926408768,0.431560605764389,-0.0666908026
26-Sep-2016 00:00:00,270,0.327018260955811,0.344067126512527,-0.0666908026
27-Sep-2016 00:00:00,271,0.322618216276169,0.337481617927551,-0.134069562
28-Sep-2016 00:00:00,272,0.317579120397568,0.331924170255661,-0.134069562
29-Sep-2016 00:00:00,273,0.312503963708878,0.324840933084488,-0.0666908026
30-Sep-2016 00:00:00,274,0.30607482790947,0.317699044942856,-0.0666908026
01-Oct-2016 00:00:00,275,0.304570555686951,0.31733962893486,-0.0666908026
02-Oct-2016 00:00:00,276,0.29058176279068,0.293948590755463,-0.20210731
03-Oct-2016 00:00:00,277,0.28938153386116,0.29160812497139,-0.413647413
04-Oct-2016 00:00:00,278,0.273177623748779,0.260415405035019,-0.271133065
05-Oct-2016 00:00:00,279,0.301896750926971,0.34199321269989,-0.20210731
06-Oct-2016 00:00:00,280,0.296028703451157,0.306529551744461,-0.341509104
07-Oct-2016 00:00:00,281,0.300989240407944,0.314009636640549,-0.20210731
08-Oct-2016 00:00:00,282,0.299086004495621,0.311798393726349,-0.20210731
09-Oct-2016 00:00:00,283,0.296555906534195,0.306587964296341,-0.20210731
10-Oct-2016 00:00:00,284,0.299161612987518,0.311282426118851,-0.341509104
11-Oct-2016 00:00:00,285,0.308499276638031,0.320884764194489,-0.0666908026
12-Oct-2016 00:00:00,286,0.32841220498085,0.345370084047318,-0.134069562
13-Oct-2016 00:00:00,287,0.336502492427826,0.353673875331879,-0.20210731
14-Oct-2016 00:00:00,288,0.334437906742096,0.350720912218094,-0.341509104
15-Oct-2016 00:00:00,289,0.333668023347855,0.349873155355453,-0.413647413
16-Oct-2016 00:00:00,290,0.332852780818939,0.349124044179916,-0.341509104
17-Oct-2016 00:00:00,291,0.330686777830124,0.345448225736618,-0.341509104
18-Oct-2016 00:00:00,292,0.326200008392334,0.339913249015808,-0.271133065
19-Oct-2016 00:00:00,293,0.32432159781456,0.339288234710693,-0.271133065
20-Oct-2016 00:00:00,294,0.317156821489334,0.329376369714737,-0.271133065
21-Oct-2016 00:00:00,295,0.310669392347336,0.323140919208527,-0.271133065
22-Oct-2016 00:00:00,296,0.3099544942379,0.323319882154465,-0.271133065
23-Oct-2016 00:00:00,297,0.300593793392181,0.309811472892761,-0.20210731
24-Oct-2016 00:00:00,298,0.298145025968552,0.307538866996765,-0.20210731
25-Oct-2016 00:00:00,299,0.297927170991898,0.309903770685196,-0.20210731
26-Oct-2016 00:00:00,300,0.282436490058899,0.277496039867401,-0.134069562
27-Oct-2016 00:00:00,301,0.290785223245621,0.296091079711914,-0.134069562
28-Oct-2016 00:00:00,302,0.302562683820724,0.317045509815216,-0.134069562
29-Oct-2016 00:00:00,303,0.301681131124496,0.314496994018555,-0.0666908026
30-Oct-2016 00:00:00,304,0.299726545810699,0.311615258455276,-0.0666908026
31-Oct-2016 00:00:00,305,0.29467111825943,0.303859919309616,0.000334739685
01-Nov-2016 00:00:00,306,0.292432963848114,0.296153098344803,0.000334739685
02-Nov-2016 00:00:00,307,0.291650742292404,0.297526031732559,0.000334739685
03-Nov-2016 00:00:00,308,0.287428855895996,0.290562212467194,0.000334739685
04-Nov-2016 00:00:00,309,0.286782085895538,0.288217425346375,0.000334739685
05-Nov-2016 00:00:00,310,0.281803548336029,0.279694259166718,0.000334739685
06-Nov-2016 00:00:00,311,0.275715380907059,0.267289310693741,0.000334739685
07-Nov-2016 00:00:00,312,0.275639683008194,0.270433366298676,0.000334739685
08-Nov-2016 00:00:00,313,0.282146364450455,0.291836559772491,0.000334739685
09-Nov-2016 00:00:00,314,0.288296282291412,0.293640702962875,0.000334739685
10-Nov-2016 00:00:00,315,0.286877632141113,0.289177358150482,0.000334739685
11-Nov-2016 00:00:00,316,0.289513051509857,0.296211957931519,0.000334739685
12-Nov-2016 00:00:00,317,0.288647264242172,0.29224568605423,-0.0666908026
13-Nov-2016 00:00:00,318,0.287542164325714,0.290652245283127,-0.0666908026
14-Nov-2016 00:00:00,319,0.287058413028717,0.289843380451202,0.000334739685
15-Nov-2016 00:00:00,320,0.286483526229858,0.288775116205215,0.000334739685
16-Nov-2016 00:00:00,321,0.28570818901062,0.288016617298126,0.000334739685
17-Nov-2016 00:00:00,322,0.284486621618271,0.282568275928497,0.000334739685
18-Nov-2016 00:00:00,323,0.283619463443756,0.282856404781342,0.000334739685
19-Nov-2016 00:00:00,324,0.283183306455612,0.282350689172745,0.000334739685
20-Nov-2016 00:00:00,325,0.282924026250839,0.282577723264694,0.000334739685
21-Nov-2016 00:00:00,326,0.282527416944504,0.28175476193428,0.000334739685
22-Nov-2016 00:00:00,327,0.282251566648483,0.280945748090744,0.000334739685
23-Nov-2016 00:00:00,328,0.283705592155457,0.283395618200302,0.000334739685
24-Nov-2016 00:00:00,329,0.283106923103333,0.283129692077637,0.0673623085
25-Nov-2016 00:00:00,330,0.282869517803192,0.283088743686676,0.0673623085
26-Nov-2016 00:00:00,331,0.282520622014999,0.281937539577484,0.271829486
27-Nov-2016 00:00:00,332,0.281962275505066,0.279891163110733,0.271829486
28-Nov-2016 00:00:00,333,0.282308638095856,0.283297598361969,0.271829486
29-Nov-2016 00:00:00,334,0.281658679246902,0.280005425214767,0.202791929
30-Nov-2016 00:00:00,335,0.281045377254486,0.279093056917191,0.134745955
01-Dec-2016 00:00:00,336,0.280657380819321,0.279050320386887,0.271829486
02-Dec-2016 00:00:00,337,0.280632466077805,0.279246240854263,0.271829486
03-Dec-2016 00:00:00,338,0.280394583940506,0.278390258550644,0.202791929
04-Dec-2016 00:00:00,339,0.285506963729858,0.316874623298645,0.342221022
05-Dec-2016 00:00:00,340,0.291344732046127,0.300038874149323,0.271829486
06-Dec-2016 00:00:00,341,0.290394157171249,0.298106729984283,0.342221022
07-Dec-2016 00:00:00,342,0.289231300354004,0.294699400663376,0.488786697
08-Dec-2016 00:00:00,343,0.288636416196823,0.293498694896698,0.414379239
09-Dec-2016 00:00:00,344,0.287944316864014,0.292168736457825,0.488786697
10-Dec-2016 00:00:00,345,0.287634342908859,0.291339784860611,0.488786697
11-Dec-2016 00:00:00,346,0.287587016820908,0.291939407587051,0.488786697
12-Dec-2016 00:00:00,347,0.287583470344543,0.291830122470856,0.488786697
13-Dec-2016 00:00:00,348,0.287354201078415,0.291490823030472,0.488786697
14-Dec-2016 00:00:00,349,0.287047654390335,0.290287882089615,0.488786697
15-Dec-2016 00:00:00,350,0.286733269691467,0.289161205291748,0.414379239
16-Dec-2016 00:00:00,351,0.286323040723801,0.288753241300583,0.342221022
17-Dec-2016 00:00:00,352,0.286758065223694,0.291639149188995,0.342221022
18-Dec-2016 00:00:00,353,0.286508649587631,0.289902240037918,0.414379239
19-Dec-2016 00:00:00,354,0.286270976066589,0.289424866437912,0.414379239
20-Dec-2016 00:00:00,355,0.286018967628479,0.288230031728745,0.414379239
21-Dec-2016 00:00:00,356,0.286583691835403,0.291174173355103,0.271829486
22-Dec-2016 00:00:00,357,0.286983788013458,0.291545152664185,0.271829486
23-Dec-2016 00:00:00,358,0.286970674991608,0.290728986263275,0.488786697
24-Dec-2016 00:00:00,359,0.287756353616714,0.29329526424408,0.566024065
25-Dec-2016 00:00:00,360,0.287861943244934,0.293091773986816,0.646811306
26-Dec-2016 00:00:00,361,0.291859328746796,0.303165346384048,0.646811306
27-Dec-2016 00:00:00,362,0.290306448936462,0.296573042869568,0.646811306
28-Dec-2016 00:00:00,363,0.289661169052124,0.294962018728256,0.823020756
29-Dec-2016 00:00:00,364,0.289078563451767,0.293967545032501,0.921349049
30-Dec-2016 00:00:00,365,0.288430124521255,0.292474865913391,1.15124929
31-Dec-2016 00:00:00,366,0.28780734539032,0.290356159210205,1.15124929
01-Jan-2017 00:00:00,1,0.287557631731033,0.290989369153976,1.29295862
02-Jan-2017 00:00:00,2,0.287368655204773,0.291207045316696,1.15124929
03-Jan-2017 00:00:00,3,0.288524150848389,0.294947475194931,1.29295862
04-Jan-2017 00:00:00,4,0.288039863109589,0.292004436254501,1.29295862
05-Jan-2017 00:00:00,5,0.287438869476318,0.291042178869247,1.29295862
06-Jan-2017 00:00:00,6,0.287325590848923,0.2901551425457,1.29295862
07-Jan-2017 00:00:00,7,0.28698867559433,0.290370464324951,1.29295862
08-Jan-2017 00:00:00,8,0.28682267665863,0.290278404951096,1.15124929
09-Jan-2017 00:00:00,9,0.286594688892365,0.289458572864532,1.15124929
10-Jan-2017 00:00:00,10,0.286825835704803,0.290944248437881,1.15124929
11-Jan-2017 00:00:00,11,0.287317752838135,0.291628688573837,1.15124929
12-Jan-2017 00:00:00,12,0.286855101585388,0.289737522602081,1.15124929
13-Jan-2017 00:00:00,13,0.286340117454529,0.289144545793533,1.15124929
14-Jan-2017 00:00:00,14,0.286028146743774,0.288188546895981,1.15124929
15-Jan-2017 00:00:00,15,0.285809636116028,0.288088768720627,0.921349049
16-Jan-2017 00:00:00,16,0.289871662855148,0.305507063865662,0.921349049
17-Jan-2017 00:00:00,17,0.307501167058945,0.325561046600342,0.921349049
18-Jan-2017 00:00:00,18,0.306276381015778,0.323721021413803,0.921349049
19-Jan-2017 00:00:00,19,0.306787073612213,0.325320601463318,0.921349049
20-Jan-2017 00:00:00,20,0.306908637285233,0.324776619672775,0.921349049
21-Jan-2017 00:00:00,21,0.307499080896378,0.325579136610031,0.823020756
22-Jan-2017 00:00:00,22,0.307057529687881,0.32271084189415,0.823020756
23-Jan-2017 00:00:00,23,0.307151168584824,0.321764469146729,0.73206991
24-Jan-2017 00:00:00,24,0.306352347135544,0.320860624313354,0.73206991
25-Jan-2017 00:00:00,25,0.305912047624588,0.320756763219833,0.73206991
26-Jan-2017 00:00:00,26,0.305402398109436,0.31989049911499,0.73206991
27-Jan-2017 00:00:00,27,0.304922133684158,0.319142758846283,0.921349049
28-Jan-2017 00:00:00,28,0.304414451122284,0.318072259426117,0.921349049
29-Jan-2017 00:00:00,29,0.303932189941406,0.31791290640831,0.921349049
30-Jan-2017 00:00:00,30,0.303573668003082,0.317430883646011,1.02949953
31-Jan-2017 00:00:00,31,0.303086042404175,0.317277193069458,1.02949953
01-Feb-2017 00:00:00,32,0.302735954523087,0.316190481185913,1.15124929
02-Feb-2017 00:00:00,33,0.302266418933868,0.315800160169601,1.15124929
03-Feb-2017 00:00:00,34,0.301834046840668,0.315498888492584,1.15124929
04-Feb-2017 00:00:00,35,0.301496118307114,0.315203458070755,1.15124929
05-Feb-2017 00:00:00,36,0.3009934425354,0.314718097448349,1.15124929
06-Feb-2017 00:00:00,37,0.300796151161194,0.314459025859833,1.29295862
07-Feb-2017 00:00:00,38,0.300779312849045,0.314821869134903,1.46677959
08-Feb-2017 00:00:00,39,0.300212979316711,0.313532590866089,1.46677959
09-Feb-2017 00:00:00,40,0.29985898733139,0.313720434904099,1.29295862
10-Feb-2017 00:00:00,41,0.299448549747467,0.31287494301796,1.29295862
11-Feb-2017 00:00:00,42,0.298632979393005,0.311616241931915,1.29295862
12-Feb-2017 00:00:00,43,0.298384487628937,0.311517834663391,1.46677959
13-Feb-2017 00:00:00,44,0.297729790210724,0.310511529445648,1.46677959
14-Feb-2017 00:00:00,45,0.297147929668427,0.309837341308594,1.46677959
15-Feb-2017 00:00:00,46,0.296792209148407,0.308107644319534,1.46677959
16-Feb-2017 00:00:00,47,0.296174615621567,0.307422250509262,1.70140982
17-Feb-2017 00:00:00,48,0.295044004917145,0.304438918828964,2.10464835
18-Feb-2017 00:00:00,49,0.294075936079025,0.301883101463318,2.10464835
19-Feb-2017 00:00:00,50,0.29352194070816,0.301356554031372,2.10464835
20-Feb-2017 00:00:00,51,0.293147712945938,0.301723748445511,2.10464835
21-Feb-2017 00:00:00,52,0.29567089676857,0.306547492742538,2.10464835
22-Feb-2017 00:00:00,53,0.294301688671112,0.302620559930801,2.10464835
23-Feb-2017 00:00:00,54,0.292722284793854,0.299526810646057,2.10464835
24-Feb-2017 00:00:00,55,0.292008608579636,0.299104630947113,2.10464835
25-Feb-2017 00:00:00,56,0.291860491037369,0.298641920089722,2.10464835
26-Feb-2017 00:00:00,57,0.291310697793961,0.297380417585373,2.10464835
27-Feb-2017 00:00:00,58,0.290779858827591,0.296689510345459,2.10464835
28-Feb-2017 00:00:00,59,0.290765911340714,0.297185689210892,2.10464835
01-Mar-2017 00:00:00,60,0.29005092382431,0.294720739126205,2.10464835
02-Mar-2017 00:00:00,61,0.289301723241806,0.292884051799774,2.10464835
03-Mar-2017 00:00:00,62,0.288386166095734,0.291902333498001,2.10464835
04-Mar-2017 00:00:00,63,0.28753450512886,0.289032787084579,2.10464835
05-Mar-2017 00:00:00,64,0.286143273115158,0.286330074071884,2.10464835
06-Mar-2017 00:00:00,65,0.285759389400482,0.285927087068558,2.10464835
07-Mar-2017 00:00:00,66,0.284087628126144,0.279547572135925,2.10464835
08-Mar-2017 00:00:00,67,0.282738775014877,0.278938204050064,2.10464835
09-Mar-2017 00:00:00,68,0.281882703304291,0.278622180223465,2.10464835
10-Mar-2017 00:00:00,69,0.281022578477859,0.276473194360733,2.10464835
11-Mar-2017 00:00:00,70,0.280688464641571,0.277760922908783,2.10464835
12-Mar-2017 00:00:00,71,0.281120479106903,0.280426234006882,2.10464835
13-Mar-2017 00:00:00,72,0.281104028224945,0.279756337404251,2.10464835
14-Mar-2017 00:00:00,73,0.280716836452484,0.277999579906464,2.10464835
15-Mar-2017 00:00:00,74,0.280468076467514,0.278242617845535,2.10464835
16-Mar-2017 00:00:00,75,0.279866218566895,0.276411592960358,2.10464835
17-Mar-2017 00:00:00,76,0.257263988256454,0.243837386369705,2.10464835
18-Mar-2017 00:00:00,77,0.25660565495491,0.244080409407616,2.10464835
19-Mar-2017 00:00:00,78,0.237071707844734,0.214797154068947,2.10464835
20-Mar-2017 00:00:00,79,0.236358240246773,0.212903916835785,2.10464835
21-Mar-2017 00:00:00,80,0.23443478345871,0.205330893397331,2.10464835
22-Mar-2017 00:00:00,81,0.232823342084885,0.180279791355133,2.10464835
23-Mar-2017 00:00:00,82,0.233197718858719,0.195691600441933,2.10464835
24-Mar-2017 00:00:00,83,0.232122525572777,0.179139420390129,2.10464835
25-Mar-2017 00:00:00,84,0.234384790062904,0.221319824457169,2.10464835
26-Mar-2017 00:00:00,85,0.251188397407532,0.243316575884819,2.10464835
27-Mar-2017 00:00:00,86,0.259854108095169,0.275695025920868,2.10464835
28-Mar-2017 00:00:00,87,0.262391239404678,0.252281486988068,2.10464835
29-Mar-2017 00:00:00,88,0.282067120075226,0.304776728153229,2.10464835
30-Mar-2017 00:00:00,89,0.378751754760742,0.404247283935547,2.10464835
31-Mar-2017 00:00:00,90,0.36151659488678,0.379907011985779,2.10464835
01-Apr-2017 00:00:00,91,0.360029488801956,0.378843486309052,2.10464835
02-Apr-2017 00:00:00,92,0.356928497552872,0.382667928934097,2.10464835
03-Apr-2017 00:00:00,93,0.355980157852173,0.373678177595139,2.10464835
04-Apr-2017 00:00:00,94,0.41445580124855,0.425065517425537,2.10464835
05-Apr-2017 00:00:00,95,0.426204264163971,0.445865154266357,2.10464835
06-Apr-2017 00:00:00,96,0.462632954120636,0.458287864923477,2.10464835
07-Apr-2017 00:00:00,97,0.473387718200684,0.464963406324387,2.10464835
08-Apr-2017 00:00:00,98,0.498645782470703,0.480034798383713,2.10464835
09-Apr-2017 00:00:00,99,0.506006479263306,0.485469400882721,2.10464835
10-Apr-2017 00:00:00,100,0.502866923809052,0.483093291521072,2.10464835
11-Apr-2017 00:00:00,101,0.498746484518051,0.480195373296738,2.10464835
12-Apr-2017 00:00:00,102,0.482907235622406,0.469957888126373,2.10464835
13-Apr-2017 00:00:00,103,0.4826480448246,0.47072371840477,2.10464835
14-Apr-2017 00:00:00,104,0.479662388563156,0.468409538269043,2.10464835
15-Apr-2017 00:00:00,105,0.477274835109711,0.466840595006943,2.10464835
16-Apr-2017 00:00:00,106,0.477015107870102,0.469040721654892,2.10464835
17-Apr-2017 00:00:00,107,0.475908219814301,0.466426968574524,2.10464835
18-Apr-2017 00:00:00,108,0.474844872951508,0.465454876422882,2.10464835
19-Apr-2017 00:00:00,109,0.471106827259064,0.463043540716171,2.10464835
20-Apr-2017 00:00:00,110,0.467397570610046,0.470395445823669,2.10464835
21-Apr-2017 00:00:00,111,0.475010514259338,0.46610227227211,2.10464835
22-Apr-2017 00:00:00,112,0.478949218988419,0.470631122589111,2.10464835
23-Apr-2017 00:00:00,113,0.483025938272476,0.470485359430313,2.10464835
24-Apr-2017 00:00:00,114,0.478875786066055,0.467694193124771,2.10464835
25-Apr-2017 00:00:00,115,0.473093241453171,0.464184403419495,2.10464835
26-Apr-2017 00:00:00,116,0.470315843820572,0.462582767009735,1.70140982
27-Apr-2017 00:00:00,117,0.467566400766373,0.460782766342163,1.70140982
28-Apr-2017 00:00:00,118,0.452238380908966,0.451312065124512,1.70140982
29-Apr-2017 00:00:00,119,0.451728314161301,0.450234800577164,1.46677959
30-Apr-2017 00:00:00,120,0.462594449520111,0.460954904556274,1.46677959
01-May-2017 00:00:00,121,0.468967914581299,0.469150841236115,1.46677959
02-May-2017 00:00:00,122,0.464150249958038,0.458906918764114,1.29295862
03-May-2017 00:00:00,123,0.467128664255142,0.460738450288773,1.15124929
04-May-2017 00:00:00,124,0.472626358270645,0.472489804029465,1.15124929
05-May-2017 00:00:00,125,0.468232870101929,0.461404979228973,1.02949953
06-May-2017 00:00:00,126,0.471798360347748,0.463689863681793,0.921349049
07-May-2017 00:00:00,127,0.467461436986923,0.460479021072388,0.921349049
08-May-2017 00:00:00,128,0.457667112350464,0.454029232263565,0.921349049
09-May-2017 00:00:00,129,0.445377022027969,0.446366339921951,0.921349049
10-May-2017 00:00:00,130,0.443847119808197,0.445691764354706,0.921349049
11-May-2017 00:00:00,131,0.432463943958282,0.447122544050217,0.921349049
12-May-2017 00:00:00,132,0.439402103424072,0.443712413311005,0.921349049
13-May-2017 00:00:00,133,0.43373891711235,0.438242405653,0.921349049
14-May-2017 00:00:00,134,0.423564225435257,0.430456697940826,0.921349049
15-May-2017 00:00:00,135,0.419271349906921,0.427397429943085,0.921349049
16-May-2017 00:00:00,136,0.39834064245224,0.409708291292191,0.921349049
17-May-2017 00:00:00,137,0.37834706902504,0.394090414047241,0.921349049
18-May-2017 00:00:00,138,0.377328008413315,0.391475796699524,0.921349049
19-May-2017 00:00:00,139,0.392972052097321,0.425577282905579,0.921349049
20-May-2017 00:00:00,140,0.433187901973724,0.479602962732315,0.921349049
21-May-2017 00:00:00,141,0.423891693353653,0.430814743041992,0.921349049
22-May-2017 00:00:00,142,0.424567967653275,0.432592302560806,0.921349049
23-May-2017 00:00:00,143,0.424391806125641,0.432195216417313,0.823020756
24-May-2017 00:00:00,144,0.450959205627441,0.450242877006531,0.823020756
25-May-2017 00:00:00,145,0.461320042610168,0.456662356853485,0.823020756
26-May-2017 00:00:00,146,0.456705838441849,0.453737527132034,0.646811306
27-May-2017 00:00:00,147,0.460376292467117,0.456399321556091,0.646811306
28-May-2017 00:00:00,148,0.473064035177231,0.464932590723038,0.566024065
29-May-2017 00:00:00,149,0.46757584810257,0.460639923810959,0.566024065
30-May-2017 00:00:00,150,0.459727764129639,0.455303341150284,0.488786697
31-May-2017 00:00:00,151,0.455417066812515,0.452563256025314,0.414379239
01-Jun-2017 00:00:00,152,0.442699104547501,0.44744086265564,0.414379239
02-Jun-2017 00:00:00,153,0.428815454244614,0.434168666601181,0.414379239
03-Jun-2017 00:00:00,154,0.424615740776062,0.431124001741409,0.342221022
04-Jun-2017 00:00:00,155,0.394360512495041,0.407611042261124,0.342221022
05-Jun-2017 00:00:00,156,0.383712649345398,0.397634953260422,0.342221022
06-Jun-2017 00:00:00,157,0.380429238080978,0.394797891378403,0.342221022
07-Jun-2017 00:00:00,158,0.351430207490921,0.364512979984283,0.342221022
08-Jun-2017 00:00:00,159,0.349279284477234,0.364037543535233,0.342221022
09-Jun-2017 00:00:00,160,0.324799627065659,0.3365119099617,0.342221022
10-Jun-2017 00:00:00,161,0.294853389263153,0.297329843044281,0.342221022
11-Jun-2017 00:00:00,162,0.294708669185638,0.300114125013351,0.271829486
12-Jun-2017 00:00:00,163,0.292486220598221,0.292665600776672,0.202791929
13-Jun-2017 00:00:00,164,0.281556040048599,0.271973878145218,0.134745955
14-Jun-2017 00:00:00,165,0.280397355556488,0.271717637777328,0.202791929
15-Jun-2017 00:00:00,166,0.270532518625259,0.25329801440239,0.0673623085
16-Jun-2017 00:00:00,167,0.271406978368759,0.260620832443237,0.0673623085
17-Jun-2017 00:00:00,168,0.286140859127045,0.284194499254227,0.134745955
18-Jun-2017 00:00:00,169,0.300924211740494,0.317856997251511,0.134745955
19-Jun-2017 00:00:00,170,0.298978835344315,0.307674497365952,0.134745955
20-Jun-2017 00:00:00,171,0.301836341619492,0.313886553049088,0.134745955
21-Jun-2017 00:00:00,172,0.29418870806694,0.297463983297348,0.134745955
22-Jun-2017 00:00:00,173,0.289640337228775,0.28823584318161,0.271829486
23-Jun-2017 00:00:00,174,0.281321704387665,0.271736770868301,0.342221022
24-Jun-2017 00:00:00,175,0.279620349407196,0.271479994058609,0.342221022
25-Jun-2017 00:00:00,176,0.276498556137085,0.266041368246078,0.342221022
26-Jun-2017 00:00:00,177,0.279399752616882,0.284046173095703,0.342221022
27-Jun-2017 00:00:00,178,0.279128611087799,0.278461515903473,0.271829486
28-Jun-2017 00:00:00,179,0.300033152103424,0.314704865217209,0.414379239
29-Jun-2017 00:00:00,180,0.300389617681503,0.322341322898865,0.414379239
30-Jun-2017 00:00:00,181,0.29674044251442,0.308589309453964,0.342221022
01-Jul-2017 00:00:00,182,0.31320121884346,0.325959622859955,0.202791929
02-Jul-2017 00:00:00,183,0.305375874042511,0.314956039190292,0.134745955
03-Jul-2017 00:00:00,184,0.32987168431282,0.347317397594452,0.134745955
04-Jul-2017 00:00:00,185,0.336148053407669,0.35164487361908,0.0673623085
05-Jul-2017 00:00:00,186,0.332003563642502,0.346918910741806,0.0673623085
06-Jul-2017 00:00:00,187,0.322007447481155,0.333924412727356,0.134745955
07-Jul-2017 00:00:00,188,0.312535017728806,0.32201874256134,0.202791929
08-Jul-2017 00:00:00,189,0.308428198099136,0.31816753745079,0.202791929
09-Jul-2017 00:00:00,190,0.296255856752396,0.299988597631454,0.271829486
10-Jul-2017 00:00:00,191,0.293625712394714,0.296787470579147,0.342221022
11-Jul-2017 00:00:00,192,0.28555029630661,0.277856200933456,0.342221022
12-Jul-2017 00:00:00,193,0.274601846933365,0.256332725286484,0.414379239
13-Jul-2017 00:00:00,194,0.272224962711334,0.256422847509384,0.414379239
14-Jul-2017 00:00:00,195,0.271714180707932,0.283172965049744,0.414379239
15-Jul-2017 00:00:00,196,0.294511407613754,0.303573399782181,0.488786697
16-Jul-2017 00:00:00,197,0.289705216884613,0.291789799928665,0.566024065
17-Jul-2017 00:00:00,198,0.283514142036438,0.276397526264191,0.566024065
18-Jul-2017 00:00:00,199,0.279391556978226,0.269264608621597,0.566024065
19-Jul-2017 00:00:00,200,0.275818258523941,0.264268219470978,0.566024065
20-Jul-2017 00:00:00,201,0.270914375782013,0.252855867147446,0.566024065
21-Jul-2017 00:00:00,202,0.267751187086105,0.249437376856804,0.566024065
22-Jul-2017 00:00:00,203,0.260018140077591,0.234547272324562,0.566024065
23-Jul-2017 00:00:00,204,0.261098802089691,0.247606873512268,NaN
24-Jul-2017 00:00:00,205,0.269416868686676,0.25456377863884,0.566024065
25-Jul-2017 00:00:00,206,0.263480424880981,0.24374432861805,0.566024065
26-Jul-2017 00:00:00,207,0.261326670646667,0.24307219684124,0.566024065
27-Jul-2017 00:00:00,208,0.284430533647537,0.285035699605942,0.566024065
28-Jul-2017 00:00:00,209,0.284716039896011,0.281406551599503,0.566024065
29-Jul-2017 00:00:00,210,0.278947114944458,0.269277125597,0.566024065
30-Jul-2017 00:00:00,211,0.269659042358398,0.252882361412048,0.566024065
31-Jul-2017 00:00:00,212,0.265510410070419,0.248892173171043,0.566024065
01-Aug-2017 00:00:00,213,0.269705712795258,0.267141103744507,0.566024065
02-Aug-2017 00:00:00,214,0.268987745046616,0.256556063890457,0.566024065
03-Aug-2017 00:00:00,215,0.267248034477234,0.257665753364563,0.566024065
04-Aug-2017 00:00:00,216,0.264486134052277,0.251127988100052,0.566024065
05-Aug-2017 00:00:00,217,0.259183615446091,0.239444628357887,0.566024065
06-Aug-2017 00:00:00,218,0.261444836854935,0.266570508480072,0.566024065
07-Aug-2017 00:00:00,219,0.266668915748596,0.255512237548828,0.566024065
08-Aug-2017 00:00:00,220,0.263810902833939,0.250832855701447,0.566024065
09-Aug-2017 00:00:00,221,0.262334913015366,0.248861417174339,0.414379239
10-Aug-2017 00:00:00,222,0.264957636594772,0.30096971988678,0.414379239
11-Aug-2017 00:00:00,223,0.264279872179031,0.262433797121048,0.414379239
12-Aug-2017 00:00:00,224,0.273272931575775,0.263680934906006,0.414379239
13-Aug-2017 00:00:00,225,0.269718408584595,0.256338030099869,0.414379239
14-Aug-2017 00:00:00,226,0.267450422048569,0.254681944847107,0.414379239
15-Aug-2017 00:00:00,227,0.259476482868195,0.238279283046722,0.414379239
16-Aug-2017 00:00:00,228,0.257574051618576,0.241084709763527,0.488786697
17-Aug-2017 00:00:00,229,0.263868927955627,0.256068795919418,0.414379239
18-Aug-2017 00:00:00,230,0.273277938365936,0.265649825334549,0.414379239
19-Aug-2017 00:00:00,231,0.270119100809097,0.256016194820404,0.414379239
20-Aug-2017 00:00:00,232,0.265908628702164,0.248729467391968,0.342221022
21-Aug-2017 00:00:00,233,0.258342146873474,0.238466382026672,0.414379239
22-Aug-2017 00:00:00,234,0.259010851383209,0.256562411785126,0.488786697
23-Aug-2017 00:00:00,235,0.257637500762939,0.240810424089432,0.488786697
24-Aug-2017 00:00:00,236,0.254874587059021,0.237155929207802,0.414379239
25-Aug-2017 00:00:00,237,0.253462970256805,0.237356409430504,0.342221022
26-Aug-2017 00:00:00,238,0.244984969496727,0.227559104561806,0.342221022
27-Aug-2017 00:00:00,239,0.244503989815712,0.231548577547073,0.342221022
28-Aug-2017 00:00:00,240,0.256933003664017,0.265813827514648,0.342221022
29-Aug-2017 00:00:00,241,0.26218044757843,0.24996429681778,0.342221022
30-Aug-2017 00:00:00,242,0.259654134511948,0.244255304336548,0.271829486
31-Aug-2017 00:00:00,243,0.248309478163719,0.229581341147423,0.271829486
01-Sep-2017 00:00:00,244,0.245675414800644,0.226653471589088,0.271829486
02-Sep-2017 00:00:00,245,0.245005339384079,0.231540977954865,0.271829486
03-Sep-2017 00:00:00,246,0.234801724553108,0.206060126423836,0.271829486
04-Sep-2017 00:00:00,247,0.23447847366333,0.202142834663391,0.271829486
05-Sep-2017 00:00:00,248,0.230354428291321,0.164076253771782,0.271829486
06-Sep-2017 00:00:00,249,0.229168966412544,0.148627832531929,0.202791929
07-Sep-2017 00:00:00,250,0.229749068617821,0.161288097500801,0.202791929
08-Sep-2017 00:00:00,251,0.228831380605698,0.145584374666214,0.202791929
09-Sep-2017 00:00:00,252,0.229008853435516,0.148245289921761,0.271829486
10-Sep-2017 00:00:00,253,0.229339420795441,0.155121996998787,0.271829486
11-Sep-2017 00:00:00,254,0.229191571474075,0.151156038045883,0.271829486
12-Sep-2017 00:00:00,255,0.22932805120945,0.155303314328194,0.271829486
13-Sep-2017 00:00:00,256,0.228906482458115,0.146554842591286,0.271829486
14-Sep-2017 00:00:00,257,0.228954046964645,0.1465944647789,0.271829486
15-Sep-2017 00:00:00,258,0.229225665330887,0.151970624923706,0.271829486
16-Sep-2017 00:00:00,259,0.230389609932899,0.175815150141716,0.271829486
17-Sep-2017 00:00:00,260,0.236523374915123,0.271512299776077,0.342221022
18-Sep-2017 00:00:00,261,0.236187890172005,0.225701972842216,0.342221022
19-Sep-2017 00:00:00,262,0.254717826843262,0.255727857351303,0.488786697
20-Sep-2017 00:00:00,263,0.249309942126274,0.2342319637537,0.566024065
21-Sep-2017 00:00:00,264,0.250543862581253,0.237659871578217,0.646811306
22-Sep-2017 00:00:00,265,0.245003029704094,0.229770362377167,0.646811306
23-Sep-2017 00:00:00,266,0.243316620588303,0.229441225528717,0.566024065
24-Sep-2017 00:00:00,267,0.235445737838745,0.212747052311897,0.646811306
25-Sep-2017 00:00:00,268,0.237174287438393,0.232202589511871,0.566024065
26-Sep-2017 00:00:00,269,0.24917796254158,0.339983433485031,0.566024065
27-Sep-2017 00:00:00,270,0.301033943891525,0.318826019763947,0.566024065
28-Sep-2017 00:00:00,271,0.290457665920258,0.294430613517761,0.566024065
29-Sep-2017 00:00:00,272,0.291257709264755,0.297648400068283,0.566024065
30-Sep-2017 00:00:00,273,0.287630498409271,0.289741843938828,0.566024065
01-Oct-2017 00:00:00,274,0.284481763839722,0.281418681144714,0.566024065
02-Oct-2017 00:00:00,275,0.277119547128677,0.267601072788239,0.566024065
03-Oct-2017 00:00:00,276,0.27288019657135,0.260930299758911,0.488786697
04-Oct-2017 00:00:00,277,0.273120045661926,0.270864456892014,0.488786697
05-Oct-2017 00:00:00,278,0.316627740859985,0.34788715839386,0.488786697
06-Oct-2017 00:00:00,279,0.312026232481003,0.329307854175568,0.488786697
07-Oct-2017 00:00:00,280,0.330153554677963,0.348337233066559,0.488786697
08-Oct-2017 00:00:00,281,0.358315736055374,0.37620598077774,0.488786697
09-Oct-2017 00:00:00,282,0.350475370883942,0.366653293371201,0.488786697
10-Oct-2017 00:00:00,283,0.357524365186691,0.374743729829788,0.488786697
11-Oct-2017 00:00:00,284,0.358969658613205,0.376179933547974,0.414379239
12-Oct-2017 00:00:00,285,0.356272429227829,0.373109102249146,0.414379239
13-Oct-2017 00:00:00,286,0.351090252399445,0.367577373981476,0.414379239
14-Oct-2017 00:00:00,287,0.349614232778549,0.366562902927399,0.342221022
15-Oct-2017 00:00:00,288,0.362444669008255,0.41151025891304,0.342221022
16-Oct-2017 00:00:00,289,0.36531326174736,0.382466524839401,0.271829486
17-Oct-2017 00:00:00,290,0.36309403181076,0.37905615568161,0.271829486
18-Oct-2017 00:00:00,291,0.356738060712814,0.373002678155899,0.271829486
19-Oct-2017 00:00:00,292,0.351350426673889,0.367476999759674,0.342221022
20-Oct-2017 00:00:00,293,0.349521189928055,0.365331590175629,0.342221022
21-Oct-2017 00:00:00,294,0.331451326608658,0.344180583953857,0.342221022
22-Oct-2017 00:00:00,295,0.331274420022964,0.346055537462234,0.342221022
23-Oct-2017 00:00:00,296,0.316225796937943,0.32855287194252,0.414379239
24-Oct-2017 00:00:00,297,0.305159986019135,0.312058717012405,0.414379239
25-Oct-2017 00:00:00,298,0.304649591445923,0.316936999559402,0.488786697
26-Oct-2017 00:00:00,299,0.289835333824158,0.290466666221619,0.488786697
27-Oct-2017 00:00:00,300,0.290003031492233,0.292931288480759,0.488786697
28-Oct-2017 00:00:00,301,0.290256649255753,0.294815391302109,0.414379239
29-Oct-2017 00:00:00,302,0.284296363592148,0.278718441724777,0.488786697
30-Oct-2017 00:00:00,303,0.284540981054306,0.283940196037292,0.566024065
31-Oct-2017 00:00:00,304,0.269767701625824,0.259117722511292,0.566024065
01-Nov-2017 00:00:00,305,0.265518516302109,0.254164636135101,0.646811306
02-Nov-2017 00:00:00,306,0.266043454408646,0.257239669561386,0.646811306
03-Nov-2017 00:00:00,307,0.258037567138672,0.247202396392822,0.646811306
04-Nov-2017 00:00:00,308,0.256339013576508,0.243807941675186,0.646811306
05-Nov-2017 00:00:00,309,0.257025569677353,0.248233258724213,0.646811306
06-Nov-2017 00:00:00,310,0.248376309871674,0.237350210547447,0.646811306
07-Nov-2017 00:00:00,311,0.248512238264084,0.238976180553436,0.646811306
08-Nov-2017 00:00:00,312,0.244531139731407,0.231243506073952,0.646811306
09-Nov-2017 00:00:00,313,0.241705402731895,0.231054350733757,0.73206991
10-Nov-2017 00:00:00,314,0.241948381066322,0.230235427618027,0.646811306
11-Nov-2017 00:00:00,315,0.233689978718758,0.195388779044151,0.646811306
12-Nov-2017 00:00:00,316,0.233673349022865,0.21301357448101,0.646811306
13-Nov-2017 00:00:00,317,0.234174996614456,0.218630373477936,0.488786697
14-Nov-2017 00:00:00,318,0.232205078005791,0.197938516736031,0.488786697
15-Nov-2017 00:00:00,319,0.233342587947845,0.212249413132668,0.488786697
16-Nov-2017 00:00:00,320,0.233468875288963,0.215214461088181,0.488786697
17-Nov-2017 00:00:00,321,0.233080759644508,0.20739734172821,0.488786697
18-Nov-2017 00:00:00,322,0.23332554101944,0.208651468157768,0.566024065
19-Nov-2017 00:00:00,323,0.232102707028389,0.195488452911377,0.566024065
20-Nov-2017 00:00:00,324,0.232426762580872,0.19968968629837,0.566024065
21-Nov-2017 00:00:00,325,0.2328772097826,0.20388351380825,0.566024065
22-Nov-2017 00:00:00,326,0.231635197997093,0.192519649863243,0.646811306
23-Nov-2017 00:00:00,327,0.232285678386688,0.20060221850872,0.646811306
24-Nov-2017 00:00:00,328,0.23246793448925,0.198522537946701,0.646811306
25-Nov-2017 00:00:00,329,0.232279404997826,0.199629381299019,0.823020756
26-Nov-2017 00:00:00,330,0.232759594917297,0.208075910806656,1.02949953
27-Nov-2017 00:00:00,331,0.230475202202797,0.17427034676075,1.15124929
28-Nov-2017 00:00:00,332,0.230545878410339,0.174056306481361,0.921349049
29-Nov-2017 00:00:00,333,0.231081038713455,0.185553297400475,0.921349049
30-Nov-2017 00:00:00,334,0.230942487716675,0.180661365389824,1.02949953
01-Dec-2017 00:00:00,335,0.231410771608353,0.192776545882225,1.02949953
02-Dec-2017 00:00:00,336,0.231689110398293,0.194736510515213,1.02949953
03-Dec-2017 00:00:00,337,0.231761202216148,0.195295915007591,1.02949953
04-Dec-2017 00:00:00,338,0.232356041669846,0.20346100628376,1.02949953
05-Dec-2017 00:00:00,339,0.231072932481766,0.18401312828064,1.15124929
06-Dec-2017 00:00:00,340,0.231008291244507,0.18141882121563,1.15124929
07-Dec-2017 00:00:00,341,0.231496974825859,0.191326290369034,1.02949953
08-Dec-2017 00:00:00,342,0.232091724872589,0.198457017540932,0.921349049
09-Dec-2017 00:00:00,343,0.232740849256516,0.208065465092659,0.823020756
10-Dec-2017 00:00:00,344,0.233179807662964,0.20599801838398,0.921349049
11-Dec-2017 00:00:00,345,0.233339667320251,0.202201649546623,0.921349049
12-Dec-2017 00:00:00,346,0.233449786901474,0.2051902115345,0.921349049
13-Dec-2017 00:00:00,347,0.233652174472809,0.203997284173965,0.921349049
14-Dec-2017 00:00:00,348,0.23374842107296,0.20181867480278,0.823020756
15-Dec-2017 00:00:00,349,0.234103590250015,0.201370194554329,0.646811306
16-Dec-2017 00:00:00,350,0.234440714120865,0.197177186608315,0.646811306
17-Dec-2017 00:00:00,351,0.234390467405319,0.199440583586693,0.488786697
18-Dec-2017 00:00:00,352,0.23631289601326,0.211320817470551,0.566024065
19-Dec-2017 00:00:00,353,0.236239701509476,0.211084961891174,0.73206991
20-Dec-2017 00:00:00,354,0.23634971678257,0.214485928416252,0.921349049
21-Dec-2017 00:00:00,355,0.236573338508606,0.214766800403595,0.921349049
22-Dec-2017 00:00:00,356,0.236668899655342,0.214726760983467,0.921349049
23-Dec-2017 00:00:00,357,0.236909955739975,0.217055797576904,1.02949953
24-Dec-2017 00:00:00,358,0.237157970666885,0.222771629691124,0.73206991
25-Dec-2017 00:00:00,359,0.237178459763527,0.225690186023712,0.73206991
26-Dec-2017 00:00:00,360,0.237270310521126,0.223226010799408,0.646811306
27-Dec-2017 00:00:00,361,0.237274661660194,0.222326442599297,0.823020756
28-Dec-2017 00:00:00,362,0.23724490404129,0.220378220081329,1.02949953
29-Dec-2017 00:00:00,363,0.237291574478149,0.221758633852005,1.15124929
30-Dec-2017 00:00:00,364,0.23763519525528,0.226797565817833,1.15124929
31-Dec-2017 00:00:00,365,0.237671941518784,0.225224286317825,1.15124929
01-Jan-2018 00:00:00,1,0.237798497080803,0.227906033396721,1.15124929
02-Jan-2018 00:00:00,2,0.237946644425392,0.226060420274734,1.29295862
03-Jan-2018 00:00:00,3,0.238066345453262,0.225465625524521,1.29295862
04-Jan-2018 00:00:00,4,0.238035172224045,0.22482331097126,1.29295862
05-Jan-2018 00:00:00,5,0.238066464662552,0.222573459148407,1.29295862
06-Jan-2018 00:00:00,6,0.238101586699486,0.221541792154312,1.29295862
07-Jan-2018 00:00:00,7,0.238125637173653,0.219534516334534,1.29295862
08-Jan-2018 00:00:00,8,0.238455057144165,0.224133118987083,1.29295862
09-Jan-2018 00:00:00,9,0.238404422998428,0.223540604114532,1.29295862
10-Jan-2018 00:00:00,10,0.2382792532444,0.224113702774048,1.29295862
11-Jan-2018 00:00:00,11,0.238524883985519,0.22749799489975,1.29295862
12-Jan-2018 00:00:00,12,0.240800127387047,0.235001012682915,1.15124929
13-Jan-2018 00:00:00,13,0.240414381027222,0.230679005384445,1.15124929
14-Jan-2018 00:00:00,14,0.240143790841103,0.232292860746384,1.15124929
15-Jan-2018 00:00:00,15,0.241030395030975,0.237112283706665,1.15124929
16-Jan-2018 00:00:00,16,0.241421550512314,0.233930885791779,0.921349049
17-Jan-2018 00:00:00,17,0.241370767354965,0.235657840967178,0.921349049
18-Jan-2018 00:00:00,18,0.241252779960632,0.23490808904171,0.921349049
19-Jan-2018 00:00:00,19,0.24221083521843,0.240971341729164,0.921349049
20-Jan-2018 00:00:00,20,0.24309928715229,0.240009725093842,0.921349049
21-Jan-2018 00:00:00,21,0.243397161364555,0.238488465547562,0.823020756
22-Jan-2018 00:00:00,22,0.243417143821716,0.236076906323433,0.73206991
23-Jan-2018 00:00:00,23,0.243467345833778,0.237024486064911,0.823020756
24-Jan-2018 00:00:00,24,0.243728920817375,0.237882852554321,0.73206991
25-Jan-2018 00:00:00,25,0.243931829929352,0.238098159432411,0.823020756
26-Jan-2018 00:00:00,26,0.243893653154373,0.235258638858795,1.15124929
27-Jan-2018 00:00:00,27,0.243610739707947,0.235001236200333,1.15124929
28-Jan-2018 00:00:00,28,0.243287265300751,0.233650699257851,1.15124929
29-Jan-2018 00:00:00,29,0.243153795599937,0.234574437141418,1.15124929
30-Jan-2018 00:00:00,30,0.243095532059669,0.231572061777115,1.15124929
31-Jan-2018 00:00:00,31,0.242961078882217,0.228378549218178,1.15124929
01-Feb-2018 00:00:00,32,0.242940813302994,0.22767561674118,1.46677959
02-Feb-2018 00:00:00,33,0.24298107624054,0.228367194533348,1.70140982
03-Feb-2018 00:00:00,34,0.242900714278221,0.227803096175194,1.70140982
04-Feb-2018 00:00:00,35,0.242786437273026,0.227015987038612,1.70140982
05-Feb-2018 00:00:00,36,0.242866262793541,0.229297757148743,1.70140982
06-Feb-2018 00:00:00,37,0.242878571152687,0.227752864360809,1.70140982
07-Feb-2018 00:00:00,38,0.242928043007851,0.229819625616074,1.70140982
08-Feb-2018 00:00:00,39,0.242911919951439,0.231067210435867,1.70140982
09-Feb-2018 00:00:00,40,0.242965668439865,0.227382227778435,1.70140982
10-Feb-2018 00:00:00,41,0.243117436766624,0.227650970220566,1.70140982
11-Feb-2018 00:00:00,42,0.243046075105667,0.228586360812187,1.46677959
12-Feb-2018 00:00:00,43,0.242995008826256,0.22807115316391,1.29295862
13-Feb-2018 00:00:00,44,0.24282468855381,0.226681739091873,1.29295862
14-Feb-2018 00:00:00,45,0.242747008800507,0.226584479212761,1.46677959
15-Feb-2018 00:00:00,46,0.242753505706787,0.223944485187531,1.46677959
16-Feb-2018 00:00:00,47,0.242665857076645,0.225224569439888,1.46677959
17-Feb-2018 00:00:00,48,0.242399647831917,0.223134145140648,2.10464835
18-Feb-2018 00:00:00,49,0.24573826789856,0.236270323395729,2.10464835
19-Feb-2018 00:00:00,50,0.245494812726974,0.237010583281517,2.10464835
20-Feb-2018 00:00:00,51,0.251726537942886,0.242978066205978,2.10464835
21-Feb-2018 00:00:00,52,0.251706391572952,0.242641255259514,2.10464835
22-Feb-2018 00:00:00,53,0.251451969146729,0.242435246706009,2.10464835
23-Feb-2018 00:00:00,54,0.252670645713806,0.248516201972961,2.10464835
24-Feb-2018 00:00:00,55,0.254025101661682,0.25061309337616,1.46677959
25-Feb-2018 00:00:00,56,0.25494310259819,0.251285046339035,1.46677959
26-Feb-2018 00:00:00,57,0.255972743034363,0.251215070486069,1.29295862
27-Feb-2018 00:00:00,58,0.255961656570435,0.248558327555656,1.70140982
28-Feb-2018 00:00:00,59,0.255451917648315,0.246066719293594,1.70140982
01-Mar-2018 00:00:00,60,0.254991322755814,0.245142251253128,1.70140982
02-Mar-2018 00:00:00,61,0.254214257001877,0.243263065814972,1.70140982
03-Mar-2018 00:00:00,62,0.274117141962051,0.278812289237976,1.70140982
04-Mar-2018 00:00:00,63,0.278517246246338,0.277972608804703,1.70140982
05-Mar-2018 00:00:00,64,0.277706921100616,0.273821324110031,1.70140982
06-Mar-2018 00:00:00,65,0.289065331220627,0.294318944215775,1.70140982
07-Mar-2018 00:00:00,66,0.287801891565323,0.29068785905838,1.46677959
08-Mar-2018 00:00:00,67,0.290961056947708,0.297805219888687,1.46677959
09-Mar-2018 00:00:00,68,0.291009426116943,0.2970030605793,1.46677959
10-Mar-2018 00:00:00,69,0.290114313364029,0.294403880834579,1.46677959
11-Mar-2018 00:00:00,70,0.285227566957474,0.285851836204529,1.46677959
12-Mar-2018 00:00:00,71,0.284067362546921,0.283411949872971,1.46677959
13-Mar-2018 00:00:00,72,0.283655673265457,0.283118665218353,1.46677959
14-Mar-2018 00:00:00,73,0.282583266496658,0.279360830783844,1.46677959
15-Mar-2018 00:00:00,74,0.281612485647202,0.278124541044235,1.46677959
16-Mar-2018 00:00:00,75,0.276050716638565,0.268504768610001,1.46677959
17-Mar-2018 00:00:00,76,0.270785719156265,0.25854903459549,1.46677959
18-Mar-2018 00:00:00,77,0.270711928606033,0.262557983398438,1.46677959
19-Mar-2018 00:00:00,78,0.259087055921555,0.24537381529808,1.46677959
20-Mar-2018 00:00:00,79,0.281000643968582,0.287989944219589,1.29295862
21-Mar-2018 00:00:00,80,0.278893977403641,0.276535093784332,1.29295862
22-Mar-2018 00:00:00,81,0.276781558990479,0.271533966064453,1.29295862
23-Mar-2018 00:00:00,82,0.275031387805939,0.268065959215164,1.46677959
24-Mar-2018 00:00:00,83,0.294476926326752,0.306169480085373,1.46677959
25-Mar-2018 00:00:00,84,0.300455451011658,0.312609106302261,1.46677959
26-Mar-2018 00:00:00,85,0.299235135316849,0.311571538448334,1.46677959
27-Mar-2018 00:00:00,86,0.283058553934097,0.279513388872147,1.46677959
28-Mar-2018 00:00:00,87,0.282406538724899,0.281078547239304,1.46677959
29-Mar-2018 00:00:00,88,0.281851917505264,0.279630869626999,1.46677959
30-Mar-2018 00:00:00,89,0.285560429096222,0.286807894706726,1.29295862
31-Mar-2018 00:00:00,90,0.284143954515457,0.282305657863617,1.29295862
01-Apr-2018 00:00:00,91,0.284048706293106,0.282916605472565,1.29295862
02-Apr-2018 00:00:00,92,0.282242745161057,0.280715435743332,1.29295862
03-Apr-2018 00:00:00,93,0.281781286001205,0.280130416154861,1.15124929
04-Apr-2018 00:00:00,94,0.276362329721451,0.270042479038239,1.15124929
05-Apr-2018 00:00:00,95,0.274671703577042,0.267387062311172,1.15124929
06-Apr-2018 00:00:00,96,0.273534268140793,0.265052050352097,1.15124929
07-Apr-2018 00:00:00,97,0.269628584384918,0.262097477912903,1.15124929
08-Apr-2018 00:00:00,98,0.269364953041077,0.2609623670578,1.15124929
09-Apr-2018 00:00:00,99,0.270154505968094,0.264561742544174,0.921349049
10-Apr-2018 00:00:00,100,0.269934505224228,0.261564612388611,0.921349049
11-Apr-2018 00:00:00,101,0.268855273723602,0.258944928646088,1.15124929
12-Apr-2018 00:00:00,102,0.265115857124329,0.251323848962784,1.46677959
13-Apr-2018 00:00:00,103,0.263150006532669,0.248268753290176,1.46677959
14-Apr-2018 00:00:00,104,0.262117892503738,0.250176429748535,1.15124929
15-Apr-2018 00:00:00,105,0.262630641460419,0.253740400075912,1.15124929
16-Apr-2018 00:00:00,106,0.262481302022934,0.252688109874725,1.02949953
17-Apr-2018 00:00:00,107,0.261957138776779,0.250894665718079,1.15124929
18-Apr-2018 00:00:00,108,0.259810090065002,0.246913760900497,1.15124929
19-Apr-2018 00:00:00,109,0.259256601333618,0.247633516788483,1.29295862
20-Apr-2018 00:00:00,110,0.247558116912842,0.233991354703903,1.02949953
21-Apr-2018 00:00:00,111,0.24634076654911,0.238252356648445,1.02949953
22-Apr-2018 00:00:00,112,0.257066607475281,0.284980684518814,1.02949953
23-Apr-2018 00:00:00,113,0.286183774471283,0.292176753282547,1.02949953
24-Apr-2018 00:00:00,114,0.279966086149216,0.275727540254593,1.02949953
25-Apr-2018 00:00:00,115,0.281608879566193,0.283050715923309,0.921349049
26-Apr-2018 00:00:00,116,0.30970823764801,0.32641589641571,0.823020756
27-Apr-2018 00:00:00,117,0.30330502986908,0.314960271120071,0.823020756
28-Apr-2018 00:00:00,118,0.312523275613785,0.32582813501358,0.823020756
29-Apr-2018 00:00:00,119,0.309579193592072,0.322201162576675,0.823020756
30-Apr-2018 00:00:00,120,0.306073188781738,0.316325753927231,0.823020756
01-May-2018 00:00:00,121,0.301419615745544,0.310205072164536,0.823020756
02-May-2018 00:00:00,122,0.300851225852966,0.314203321933746,1.02949953
03-May-2018 00:00:00,123,0.309726148843765,0.356194585561752,1.02949953
04-May-2018 00:00:00,124,0.345950782299042,0.364496797323227,0.921349049
05-May-2018 00:00:00,125,0.336889386177063,0.352554589509964,0.921349049
06-May-2018 00:00:00,126,0.33137172460556,0.345800459384918,0.921349049
07-May-2018 00:00:00,127,0.323503285646439,0.336907893419266,0.921349049
08-May-2018 00:00:00,128,0.319266617298126,0.331743568181992,0.921349049
09-May-2018 00:00:00,129,0.290817588567734,0.292096793651581,0.921349049
10-May-2018 00:00:00,130,0.288636595010757,0.288637787103653,0.921349049
11-May-2018 00:00:00,131,0.275705009698868,0.261055827140808,0.921349049
12-May-2018 00:00:00,132,0.263042449951172,0.245285332202911,0.921349049
13-May-2018 00:00:00,133,0.26207160949707,0.245545357465744,0.921349049
14-May-2018 00:00:00,134,0.256144374608994,0.238232910633087,0.921349049
15-May-2018 00:00:00,135,0.256300508975983,0.245199412107468,0.921349049
16-May-2018 00:00:00,136,0.255746573209763,0.241043224930763,0.921349049
17-May-2018 00:00:00,137,0.243185997009277,0.222173944115639,0.921349049
18-May-2018 00:00:00,138,0.24253061413765,0.225945934653282,0.921349049
