TIMESTAMP,RECORD,VWC10CM,VWC30CM,VWC50CM,VWC70CM
7/8/19 6:00,1788,0.408,0.512,0.507,0.484
7/8/19 7:00,1789,0.408,0.512,0.507,0.484
7/8/19 8:00,1790,0.408,0.512,0.506,0.484
7/8/19 9:00,1791,0.407,0.511,0.506,0.484
7/8/19 10:00,1792,0.406,0.511,0.506,0.484
7/8/19 11:00,1793,0.406,0.510,0.503,0.484
7/8/19 12:00,1794,0.404,0.509,0.504,0.484
7/8/19 13:00,1795,0.404,0.509,0.503,0.484
7/8/19 14:00,1796,0.402,0.508,0.502,0.484
7/8/19 15:00,1797,0.402,0.508,0.503,0.483
7/8/19 16:00,1798,0.401,0.508,0.503,0.483
7/8/19 17:00,1799,0.400,0.508,0.503,0.483
7/8/19 18:00,1800,0.399,0.508,0.502,0.483
7/8/19 19:00,1801,0.398,0.507,0.501,0.483
7/8/19 20:00,1802,0.398,0.507,0.501,0.483
7/8/19 21:00,1803,0.397,0.507,0.501,0.483
7/8/19 22:00,1804,0.396,0.507,0.502,0.483
7/8/19 23:00,1805,0.396,0.508,0.502,0.483
7/9/19 0:00,1806,0.395,0.508,0.502,0.483
7/9/19 1:00,1807,0.395,0.508,0.502,0.483
7/9/19 2:00,1808,0.394,0.508,0.503,0.483
7/9/19 3:00,1809,0.394,0.508,0.501,0.483
7/9/19 4:00,1810,0.393,0.508,0.502,0.483
7/9/19 5:00,1811,0.394,0.508,0.504,0.483
7/9/19 6:00,1812,0.393,0.508,0.503,0.483
7/9/19 7:00,1813,0.393,0.508,0.503,0.483
7/9/19 8:00,1814,0.393,0.507,0.503,0.483
7/9/19 9:00,1815,0.392,0.507,0.502,0.483
7/9/19 10:00,1816,0.391,0.507,0.502,0.483
7/9/19 11:00,1817,0.391,0.507,0.502,0.483
7/9/19 12:00,1818,0.391,0.506,0.501,0.483
7/9/19 13:00,1819,0.392,0.506,0.500,0.483
7/9/19 14:00,1820,0.392,0.506,0.500,0.483
7/9/19 15:00,1821,0.392,0.505,0.498,0.482
7/9/19 16:00,1822,0.392,0.504,0.497,0.482
7/9/19 17:00,1823,0.392,0.504,0.498,0.482
7/9/19 18:00,1824,0.390,0.503,0.497,0.482
7/9/19 19:00,1825,0.390,0.503,0.498,0.482
7/9/19 20:00,1826,0.390,0.503,0.499,0.482
7/9/19 21:00,1827,0.454,0.510,0.498,0.482
7/9/19 22:00,1828,0.477,0.515,0.520,0.482
7/9/19 23:00,1829,0.473,0.515,0.524,0.482
7/10/19 0:00,1830,0.471,0.515,0.517,0.482
7/10/19 1:00,1831,0.469,0.515,0.515,0.482
7/10/19 2:00,1832,0.467,0.514,0.512,0.482
7/10/19 3:00,1833,0.464,0.514,0.509,0.482
7/10/19 4:00,1834,0.462,0.514,0.504,0.482
7/10/19 5:00,1835,0.460,0.512,0.501,0.482
7/10/19 6:00,1836,0.459,0.512,0.502,0.482
7/10/19 7:00,1837,0.458,0.510,0.504,0.482
7/10/19 8:00,1838,0.457,0.509,0.500,0.482
7/10/19 9:00,1839,0.455,0.508,0.501,0.482
7/10/19 10:00,1840,0.455,0.508,0.501,0.482
7/10/19 11:00,1841,0.464,0.508,0.501,0.482
7/10/19 12:00,1842,0.465,0.507,0.500,0.482
7/10/19 13:00,1843,0.462,0.507,0.500,0.482
7/10/19 14:00,1844,0.459,0.506,0.500,0.482
7/10/19 15:00,1845,0.456,0.505,0.500,0.482
7/10/19 16:00,1846,0.453,0.505,0.498,0.482
7/10/19 17:00,1847,0.450,0.505,0.500,0.482
7/10/19 18:00,1848,0.449,0.505,0.499,0.481
7/10/19 19:00,1849,0.447,0.505,0.498,0.482
7/10/19 20:00,1850,0.446,0.505,0.499,0.482
7/10/19 21:00,1851,0.445,0.505,0.499,0.482
7/10/19 22:00,1852,0.444,0.505,0.499,0.482
7/10/19 23:00,1853,0.443,0.505,0.498,0.482
7/11/19 0:00,1854,0.442,0.505,0.500,0.482
7/11/19 1:00,1855,0.441,0.505,0.500,0.482
7/11/19 2:00,1856,0.440,0.505,0.501,0.482
7/11/19 3:00,1857,0.439,0.505,0.500,0.482
7/11/19 4:00,1858,0.438,0.505,0.501,0.482
7/11/19 5:00,1859,0.437,0.505,0.500,0.482
7/11/19 6:00,1860,0.437,0.505,0.498,0.482
7/11/19 7:00,1861,0.436,0.505,0.499,0.482
7/11/19 8:00,1862,0.435,0.505,0.500,0.482
7/11/19 9:00,1863,0.435,0.505,0.500,0.482
7/11/19 10:00,1864,0.435,0.505,0.499,0.482
7/11/19 11:00,1865,0.434,0.504,0.499,0.481
7/11/19 12:00,1866,0.434,0.504,0.498,0.482
7/11/19 13:00,1867,0.433,0.504,0.498,0.482
7/11/19 14:00,1868,0.433,0.503,0.498,0.481
7/11/19 15:00,1869,0.432,0.503,0.498,0.481
7/11/19 16:00,1870,0.430,0.502,0.499,0.481
7/11/19 17:00,1871,0.429,0.502,0.497,0.481
7/11/19 18:00,1872,0.427,0.502,0.497,0.481
7/11/19 19:00,1873,0.426,0.502,0.497,0.481
7/11/19 20:00,1874,0.425,0.502,0.498,0.481
7/11/19 21:00,1875,0.424,0.502,0.496,0.481
7/11/19 22:00,1876,0.423,0.502,0.498,0.481
7/11/19 23:00,1877,0.423,0.502,0.497,0.481
7/12/19 0:00,1878,0.422,0.502,0.498,0.481
7/12/19 1:00,1879,0.421,0.503,0.497,0.481
7/12/19 2:00,1880,0.420,0.502,0.498,0.482
7/12/19 3:00,1881,0.419,0.502,0.497,0.483
7/12/19 4:00,1882,0.419,0.502,0.496,0.481
7/12/19 5:00,1883,0.418,0.502,0.497,0.481
7/12/19 6:00,1884,0.417,0.502,0.497,0.483
7/12/19 7:00,1885,0.417,0.502,0.497,0.482
7/12/19 8:00,1886,0.416,0.502,0.497,0.483
7/12/19 9:00,1887,0.416,0.502,0.496,0.482
7/12/19 10:00,1888,0.416,0.502,0.496,0.482
7/12/19 11:00,1889,0.415,0.501,0.496,0.482
7/12/19 12:00,1890,0.413,0.501,0.496,0.482
7/12/19 13:00,1891,0.411,0.500,0.494,0.482
7/12/19 14:00,1892,0.410,0.499,0.493,0.482
7/12/19 15:00,1893,0.410,0.499,0.494,0.481
7/12/19 16:00,1894,0.408,0.498,0.492,0.481
7/12/19 17:00,1895,0.407,0.497,0.492,0.481
7/12/19 18:00,1896,0.406,0.497,0.493,0.481
7/12/19 19:00,1897,0.404,0.497,0.492,0.481
7/12/19 20:00,1898,0.404,0.497,0.491,0.480
7/12/19 21:00,1899,0.403,0.497,0.492,0.481
7/12/19 22:00,1900,0.402,0.497,0.493,0.481
7/12/19 23:00,1901,0.401,0.498,0.492,0.481
7/13/19 0:00,1902,0.401,0.498,0.491,0.481
7/13/19 1:00,1903,0.400,0.498,0.493,0.481
7/13/19 2:00,1904,0.399,0.498,0.492,0.481
7/13/19 3:00,1905,0.399,0.498,0.494,0.481
7/13/19 4:00,1906,0.399,0.498,0.491,0.481
7/13/19 5:00,1907,0.398,0.498,0.492,0.480
7/13/19 6:00,1908,0.397,0.498,0.492,0.481
7/13/19 7:00,1909,0.397,0.497,0.493,0.480
7/13/19 8:00,1910,0.396,0.497,0.492,0.480
7/13/19 9:00,1911,0.396,0.497,0.492,0.480
7/13/19 10:00,1912,0.395,0.496,0.491,0.480
7/13/19 11:00,1913,0.394,0.496,0.491,0.480
7/13/19 12:00,1914,0.394,0.496,0.491,0.481
7/13/19 13:00,1915,0.394,0.495,0.490,0.480
7/13/19 14:00,1916,0.393,0.494,0.490,0.481
7/13/19 15:00,1917,0.394,0.493,0.488,0.480
7/13/19 16:00,1918,0.393,0.492,0.487,0.480
7/13/19 17:00,1919,0.393,0.492,0.486,0.478
7/13/19 18:00,1920,0.392,0.492,0.487,0.479
7/13/19 19:00,1921,0.390,0.492,0.485,0.479
7/13/19 20:00,1922,0.390,0.492,0.487,0.479
7/13/19 21:00,1923,0.389,0.492,0.486,0.479
7/13/19 22:00,1924,0.388,0.492,0.486,0.479
7/13/19 23:00,1925,0.388,0.492,0.486,0.479
7/14/19 0:00,1926,0.387,0.493,0.487,0.479
7/14/19 1:00,1927,0.386,0.493,0.487,0.479
7/14/19 2:00,1928,0.385,0.493,0.487,0.479
7/14/19 3:00,1929,0.385,0.493,0.487,0.479
7/14/19 4:00,1930,0.384,0.493,0.487,0.478
7/14/19 5:00,1931,0.383,0.493,0.487,0.479
7/14/19 6:00,1932,0.383,0.493,0.487,0.479
7/14/19 7:00,1933,0.382,0.493,0.488,0.479
7/14/19 8:00,1934,0.382,0.493,0.488,0.479
7/14/19 9:00,1935,0.382,0.492,0.488,0.477
7/14/19 10:00,1936,0.382,0.492,0.487,0.477
7/14/19 11:00,1937,0.382,0.492,0.487,0.477
7/14/19 12:00,1938,0.382,0.491,0.486,0.476
7/14/19 13:00,1939,0.382,0.491,0.486,0.476
7/14/19 14:00,1940,0.382,0.490,0.485,0.476
7/14/19 15:00,1941,0.382,0.490,0.484,0.476
7/14/19 16:00,1942,0.382,0.489,0.484,0.475
7/14/19 17:00,1943,0.381,0.489,0.485,0.475
7/14/19 18:00,1944,0.380,0.489,0.483,0.475
7/14/19 19:00,1945,0.379,0.489,0.483,0.475
7/14/19 20:00,1946,0.379,0.489,0.482,0.474
7/14/19 21:00,1947,0.378,0.489,0.482,0.474
7/14/19 22:00,1948,0.377,0.489,0.482,0.474
7/14/19 23:00,1949,0.376,0.490,0.482,0.474
7/15/19 0:00,1950,0.376,0.490,0.482,0.475
7/15/19 1:00,1951,0.375,0.490,0.483,0.475
7/15/19 2:00,1952,0.375,0.490,0.483,0.475
7/15/19 3:00,1953,0.374,0.490,0.482,0.475
7/15/19 4:00,1954,0.374,0.490,0.482,0.475
7/15/19 5:00,1955,0.373,0.490,0.482,0.475
7/15/19 6:00,1956,0.372,0.490,0.482,0.475
7/15/19 7:00,1957,0.372,0.490,0.482,0.475
7/15/19 8:00,1958,0.371,0.490,0.482,0.475
7/15/19 9:00,1959,0.371,0.490,0.482,0.475
7/15/19 10:00,1960,0.371,0.489,0.482,0.474
7/15/19 11:00,1961,0.370,0.489,0.481,0.474
7/15/19 12:00,1962,0.370,0.489,0.481,0.474
7/15/19 13:00,1963,0.370,0.488,0.480,0.474
7/15/19 14:00,1964,0.370,0.488,0.479,0.473
7/15/19 15:00,1965,0.370,0.488,0.479,0.473
7/15/19 16:00,1966,0.370,0.488,0.477,0.473
7/15/19 17:00,1967,0.369,0.488,0.477,0.472
7/15/19 18:00,1968,0.368,0.487,0.477,0.472
7/15/19 19:00,1969,0.367,0.487,0.477,0.472
7/15/19 20:00,1970,0.366,0.488,0.477,0.472
7/15/19 21:00,1971,0.365,0.488,0.477,0.472
7/15/19 22:00,1972,0.364,0.488,0.477,0.472
7/15/19 23:00,1973,0.363,0.488,0.477,0.472
7/16/19 0:00,1974,0.363,0.488,0.477,0.472
7/16/19 1:00,1975,0.362,0.488,0.477,0.472
7/16/19 2:00,1976,0.361,0.488,0.477,0.472
7/16/19 3:00,1977,0.360,0.488,0.478,0.472
7/16/19 4:00,1978,0.360,0.488,0.478,0.472
7/16/19 5:00,1979,0.359,0.488,0.478,0.472
7/16/19 6:00,1980,0.358,0.488,0.478,0.472
7/16/19 7:00,1981,0.358,0.488,0.478,0.472
7/16/19 8:00,1982,0.357,0.488,0.478,0.472
7/16/19 9:00,1983,0.357,0.488,0.478,0.472
7/16/19 10:00,1984,0.357,0.488,0.478,0.472
7/16/19 11:00,1985,0.357,0.487,0.477,0.472
7/16/19 12:00,1986,0.357,0.487,0.477,0.471
7/16/19 13:00,1987,0.357,0.487,0.476,0.471
7/16/19 14:00,1988,0.357,0.486,0.477,0.470
7/16/19 15:00,1989,0.357,0.486,0.476,0.469
7/16/19 16:00,1990,0.357,0.486,0.476,0.469
7/16/19 17:00,1991,0.357,0.486,0.475,0.469
7/16/19 18:00,1992,0.356,0.486,0.475,0.468
7/16/19 19:00,1993,0.355,0.486,0.474,0.468
7/16/19 20:00,1994,0.354,0.486,0.474,0.468
7/16/19 21:00,1995,0.354,0.486,0.475,0.468
7/16/19 22:00,1996,0.353,0.486,0.475,0.468
7/16/19 23:00,1997,0.353,0.487,0.475,0.468
7/17/19 0:00,1998,0.352,0.487,0.474,0.468
7/17/19 1:00,1999,0.351,0.487,0.475,0.468
7/17/19 2:00,2000,0.351,0.487,0.474,0.468
7/17/19 3:00,2001,0.350,0.487,0.474,0.468
7/17/19 4:00,2002,0.350,0.487,0.475,0.468
7/17/19 5:00,2003,0.349,0.487,0.475,0.468
7/17/19 6:00,2004,0.352,0.488,0.477,0.470
7/17/19 7:00,2005,0.353,0.488,0.480,0.471
7/17/19 8:00,2006,0.354,0.488,0.479,0.471
7/17/19 9:00,2007,0.354,0.488,0.480,0.471
7/17/19 10:00,2008,0.355,0.488,0.478,0.471
7/17/19 11:00,2009,0.356,0.488,0.480,0.470
7/17/19 12:00,2010,0.357,0.488,0.480,0.470
7/17/19 13:00,2011,0.357,0.487,0.480,0.470
7/17/19 14:00,2012,0.359,0.487,0.478,0.470
7/17/19 15:00,2013,0.360,0.487,0.479,0.470
7/17/19 16:00,2014,0.360,0.487,0.478,0.470
7/17/19 17:00,2015,0.360,0.487,0.479,0.470
7/17/19 18:00,2016,0.360,0.487,0.478,0.469
7/17/19 19:00,2017,0.359,0.487,0.478,0.469
7/17/19 20:00,2018,0.359,0.487,0.479,0.469
7/17/19 21:00,2019,0.358,0.488,0.479,0.469
7/17/19 22:00,2020,0.358,0.488,0.478,0.469
7/17/19 23:00,2021,0.357,0.488,0.479,0.469
7/18/19 0:00,2022,0.357,0.488,0.478,0.469
7/18/19 1:00,2023,0.356,0.488,0.480,0.469
7/18/19 2:00,2024,0.356,0.488,0.480,0.469
7/18/19 3:00,2025,0.356,0.488,0.479,0.469
7/18/19 4:00,2026,0.356,0.488,0.480,0.469
7/18/19 5:00,2027,0.355,0.488,0.479,0.469
7/18/19 6:00,2028,0.355,0.488,0.480,0.469
7/18/19 7:00,2029,0.355,0.488,0.480,0.469
7/18/19 8:00,2030,0.355,0.488,0.479,0.469
7/18/19 9:00,2031,0.355,0.487,0.479,0.469
7/18/19 10:00,2032,0.354,0.488,0.479,0.469
7/18/19 11:00,2033,0.355,0.488,0.479,0.469
7/18/19 12:00,2034,0.355,0.487,0.480,0.469
7/18/19 13:00,2035,0.356,0.487,0.479,0.468
7/18/19 14:00,2036,0.357,0.487,0.479,0.468
7/18/19 15:00,2037,0.357,0.487,0.478,0.467
7/18/19 16:00,2038,0.357,0.486,0.477,0.466
7/18/19 17:00,2039,0.356,0.487,0.479,0.466
7/18/19 18:00,2040,0.356,0.486,0.477,0.466
7/18/19 19:00,2041,0.355,0.486,0.477,0.465
7/18/19 20:00,2042,0.355,0.487,0.478,0.465
7/18/19 21:00,2043,0.354,0.487,0.477,0.465
7/18/19 22:00,2044,0.354,0.487,0.476,0.465
7/18/19 23:00,2045,0.353,0.487,0.478,0.465
7/19/19 0:00,2046,0.353,0.487,0.479,0.465
7/19/19 1:00,2047,0.352,0.487,0.478,0.465
7/19/19 2:00,2048,0.352,0.487,0.478,0.465
7/19/19 3:00,2049,0.352,0.487,0.477,0.465
7/19/19 4:00,2050,0.351,0.487,0.478,0.465
7/19/19 5:00,2051,0.351,0.487,0.477,0.465
7/19/19 6:00,2052,0.350,0.487,0.478,0.465
7/19/19 7:00,2053,0.350,0.487,0.478,0.465
7/19/19 8:00,2054,0.350,0.487,0.480,0.465
7/19/19 9:00,2055,0.349,0.487,0.478,0.465
7/19/19 10:00,2056,0.349,0.487,0.478,0.465
7/19/19 11:00,2057,0.349,0.486,0.478,0.464
7/19/19 12:00,2058,0.349,0.486,0.477,0.464
7/19/19 13:00,2059,0.350,0.486,0.478,0.464
7/19/19 14:00,2060,0.351,0.485,0.476,0.463
7/19/19 15:00,2061,0.351,0.485,0.476,0.463
7/19/19 16:00,2062,0.351,0.484,0.476,0.462
7/19/19 17:00,2063,0.350,0.484,0.474,0.461
7/19/19 18:00,2064,0.349,0.484,0.474,0.461
7/19/19 19:00,2065,0.348,0.484,0.474,0.461
7/19/19 20:00,2066,0.348,0.484,0.475,0.460
7/19/19 21:00,2067,0.347,0.484,0.473,0.460
7/19/19 22:00,2068,0.346,0.484,0.473,0.460
7/19/19 23:00,2069,0.345,0.484,0.475,0.460
7/20/19 0:00,2070,0.345,0.484,0.474,0.460
7/20/19 1:00,2071,0.344,0.485,0.475,0.460
7/20/19 2:00,2072,0.343,0.485,0.474,0.460
7/20/19 3:00,2073,0.343,0.485,0.475,0.460
7/20/19 4:00,2074,0.342,0.484,0.474,0.460
7/20/19 5:00,2075,0.342,0.484,0.474,0.460
7/20/19 6:00,2076,0.341,0.484,0.475,0.460
7/20/19 7:00,2077,0.341,0.484,0.476,0.460
7/20/19 8:00,2078,0.340,0.484,0.476,0.460
7/20/19 9:00,2079,0.340,0.484,0.476,0.460
7/20/19 10:00,2080,0.340,0.484,0.474,0.460
7/20/19 11:00,2081,0.340,0.484,0.474,0.459
7/20/19 12:00,2082,0.340,0.483,0.474,0.459
7/20/19 13:00,2083,0.340,0.483,0.474,0.458
7/20/19 14:00,2084,0.341,0.482,0.473,0.457
7/20/19 15:00,2085,0.342,0.482,0.472,0.457
7/20/19 16:00,2086,0.341,0.481,0.471,0.456
7/20/19 17:00,2087,0.340,0.481,0.471,0.455
7/20/19 18:00,2088,0.339,0.481,0.470,0.455
7/20/19 19:00,2089,0.338,0.481,0.469,0.454
7/20/19 20:00,2090,0.338,0.481,0.469,0.454
7/20/19 21:00,2091,0.337,0.481,0.470,0.454
7/20/19 22:00,2092,0.336,0.481,0.470,0.454
7/20/19 23:00,2093,0.335,0.481,0.469,0.454
7/21/19 0:00,2094,0.335,0.482,0.470,0.454
7/21/19 1:00,2095,0.334,0.482,0.470,0.454
7/21/19 2:00,2096,0.333,0.482,0.472,0.454
7/21/19 3:00,2097,0.333,0.482,0.470,0.454
7/21/19 4:00,2098,0.332,0.482,0.471,0.454
7/21/19 5:00,2099,0.331,0.481,0.472,0.454
7/21/19 6:00,2100,0.331,0.481,0.471,0.454
7/21/19 7:00,2101,0.330,0.481,0.471,0.454
7/21/19 8:00,2102,0.330,0.481,0.471,0.454
7/21/19 9:00,2103,0.329,0.481,0.471,0.454
7/21/19 10:00,2104,0.329,0.481,0.471,0.454
7/21/19 11:00,2105,0.329,0.481,0.470,0.453
7/21/19 12:00,2106,0.329,0.480,0.471,0.453
7/21/19 13:00,2107,0.330,0.480,0.471,0.452
7/21/19 14:00,2108,0.330,0.480,0.470,0.451
7/21/19 15:00,2109,0.332,0.480,0.471,0.451
7/21/19 16:00,2110,0.332,0.480,0.471,0.452
7/21/19 17:00,2111,0.331,0.480,0.471,0.452
7/21/19 18:00,2112,0.331,0.480,0.470,0.452
7/21/19 19:00,2113,0.331,0.480,0.471,0.452
7/21/19 20:00,2114,0.330,0.480,0.470,0.452
7/21/19 21:00,2115,0.330,0.480,0.470,0.452
7/21/19 22:00,2116,0.329,0.481,0.471,0.452
7/21/19 23:00,2117,0.328,0.481,0.471,0.452
7/22/19 0:00,2118,0.327,0.481,0.471,0.452
7/22/19 1:00,2119,0.327,0.480,0.472,0.452
7/22/19 2:00,2120,0.326,0.480,0.472,0.452
7/22/19 3:00,2121,0.325,0.480,0.471,0.452
7/22/19 4:00,2122,0.325,0.480,0.471,0.452
7/22/19 5:00,2123,0.324,0.480,0.471,0.452
7/22/19 6:00,2124,0.324,0.480,0.472,0.452
7/22/19 7:00,2125,0.323,0.480,0.472,0.452
7/22/19 8:00,2126,0.322,0.480,0.472,0.452
7/22/19 9:00,2127,0.321,0.479,0.471,0.452
7/22/19 10:00,2128,0.321,0.479,0.471,0.452
7/22/19 11:00,2129,0.321,0.479,0.471,0.452
7/22/19 12:00,2130,0.321,0.479,0.472,0.452
7/22/19 13:00,2131,0.321,0.479,0.471,0.452
7/22/19 14:00,2132,0.322,0.478,0.472,0.452
7/22/19 15:00,2133,0.324,0.478,0.471,0.452
7/22/19 16:00,2134,0.324,0.478,0.471,0.452
7/22/19 17:00,2135,0.324,0.478,0.471,0.451
7/22/19 18:00,2136,0.324,0.478,0.472,0.451
7/22/19 19:00,2137,0.323,0.478,0.470,0.451
7/22/19 20:00,2138,0.323,0.478,0.472,0.451
7/22/19 21:00,2139,0.322,0.478,0.470,0.451
7/22/19 22:00,2140,0.322,0.478,0.471,0.451
7/22/19 23:00,2141,0.321,0.478,0.470,0.451
7/23/19 0:00,2142,0.320,0.478,0.470,0.451
7/23/19 1:00,2143,0.319,0.478,0.470,0.451
7/23/19 2:00,2144,0.318,0.478,0.471,0.451
7/23/19 3:00,2145,0.317,0.478,0.470,0.451
7/23/19 4:00,2146,0.316,0.478,0.470,0.451
7/23/19 5:00,2147,0.316,0.477,0.470,0.451
7/23/19 6:00,2148,0.315,0.477,0.470,0.451
7/23/19 7:00,2149,0.314,0.477,0.470,0.451
7/23/19 8:00,2150,0.313,0.477,0.471,0.451
7/23/19 9:00,2151,0.313,0.476,0.470,0.451
7/23/19 10:00,2152,0.313,0.476,0.470,0.451
7/23/19 11:00,2153,0.313,0.476,0.470,0.451
7/23/19 12:00,2154,0.314,0.475,0.470,0.450
7/23/19 13:00,2155,0.314,0.475,0.469,0.450
7/23/19 14:00,2156,0.315,0.475,0.469,0.450
7/23/19 15:00,2157,0.318,0.475,0.470,0.450
7/23/19 16:00,2158,0.319,0.475,0.470,0.449
7/23/19 17:00,2159,0.319,0.475,0.470,0.449
7/23/19 18:00,2160,0.318,0.475,0.469,0.448
7/23/19 19:00,2161,0.318,0.475,0.469,0.448
7/23/19 20:00,2162,0.318,0.475,0.468,0.448
7/23/19 21:00,2163,0.317,0.475,0.469,0.448
7/23/19 22:00,2164,0.317,0.475,0.469,0.448
7/23/19 23:00,2165,0.316,0.475,0.469,0.448
7/24/19 0:00,2166,0.315,0.475,0.469,0.448
7/24/19 1:00,2167,0.314,0.475,0.469,0.448
7/24/19 2:00,2168,0.313,0.475,0.469,0.448
7/24/19 3:00,2169,0.313,0.475,0.469,0.447
7/24/19 4:00,2170,0.312,0.475,0.468,0.447
7/24/19 5:00,2171,0.311,0.475,0.468,0.447
7/24/19 6:00,2172,0.310,0.474,0.469,0.447
7/24/19 7:00,2173,0.310,0.474,0.468,0.447
7/24/19 8:00,2174,0.309,0.474,0.468,0.447
7/24/19 9:00,2175,0.309,0.474,0.469,0.447
7/24/19 10:00,2176,0.309,0.473,0.468,0.447
7/24/19 11:00,2177,0.309,0.474,0.469,0.447
7/24/19 12:00,2178,0.310,0.473,0.468,0.447
7/24/19 13:00,2179,0.311,0.473,0.468,0.446
7/24/19 14:00,2180,0.313,0.473,0.467,0.446
7/24/19 15:00,2181,0.316,0.473,0.467,0.445
7/24/19 16:00,2182,0.317,0.472,0.467,0.445
7/24/19 17:00,2183,0.317,0.473,0.468,0.444
7/24/19 18:00,2184,0.317,0.473,0.467,0.444
7/24/19 19:00,2185,0.317,0.473,0.467,0.444
7/24/19 20:00,2186,0.316,0.473,0.466,0.444
7/24/19 21:00,2187,0.316,0.473,0.467,0.443
7/24/19 22:00,2188,0.315,0.473,0.466,0.443
7/24/19 23:00,2189,0.315,0.473,0.466,0.443
7/25/19 0:00,2190,0.314,0.474,0.466,0.443
7/25/19 1:00,2191,0.314,0.474,0.466,0.443
7/25/19 2:00,2192,0.313,0.474,0.466,0.443
7/25/19 3:00,2193,0.313,0.474,0.467,0.443
7/25/19 4:00,2194,0.312,0.473,0.466,0.443
7/25/19 5:00,2195,0.311,0.473,0.466,0.443
7/25/19 6:00,2196,0.311,0.473,0.467,0.443
7/25/19 7:00,2197,0.311,0.473,0.467,0.443
7/25/19 8:00,2198,0.310,0.473,0.466,0.443
7/25/19 9:00,2199,0.310,0.473,0.466,0.443
7/25/19 10:00,2200,0.310,0.473,0.467,0.443
7/25/19 11:00,2201,0.310,0.472,0.466,0.442
7/25/19 12:00,2202,0.311,0.472,0.466,0.442
7/25/19 13:00,2203,0.312,0.472,0.466,0.441
7/25/19 14:00,2204,0.313,0.472,0.466,0.440
7/25/19 15:00,2205,0.315,0.472,0.465,0.440
7/25/19 16:00,2206,0.316,0.472,0.465,0.439
7/25/19 17:00,2207,0.316,0.472,0.464,0.439
7/25/19 18:00,2208,0.316,0.472,0.464,0.439
7/25/19 19:00,2209,0.315,0.472,0.463,0.438
7/25/19 20:00,2210,0.315,0.472,0.463,0.438
7/25/19 21:00,2211,0.314,0.472,0.465,0.438
7/25/19 22:00,2212,0.315,0.473,0.465,0.439
7/25/19 23:00,2213,0.314,0.473,0.465,0.439
7/26/19 0:00,2214,0.314,0.473,0.465,0.439
7/26/19 1:00,2215,0.313,0.473,0.465,0.439
7/26/19 2:00,2216,0.312,0.473,0.465,0.439
7/26/19 3:00,2217,0.312,0.473,0.465,0.439
7/26/19 4:00,2218,0.311,0.473,0.466,0.439
7/26/19 5:00,2219,0.311,0.473,0.465,0.439
7/26/19 6:00,2220,0.310,0.473,0.465,0.439
7/26/19 7:00,2221,0.310,0.473,0.465,0.439
7/26/19 8:00,2222,0.310,0.472,0.465,0.439
7/26/19 9:00,2223,0.309,0.472,0.466,0.439
7/26/19 10:00,2224,0.309,0.472,0.465,0.439
7/26/19 11:00,2225,0.309,0.472,0.466,0.438
7/26/19 12:00,2226,0.310,0.472,0.466,0.438
7/26/19 13:00,2227,0.310,0.472,0.466,0.438
7/26/19 14:00,2228,0.311,0.471,0.465,0.438
7/26/19 15:00,2229,0.313,0.471,0.464,0.438
7/26/19 16:00,2230,0.314,0.471,0.465,0.438
7/26/19 17:00,2231,0.314,0.472,0.464,0.438
7/26/19 18:00,2232,0.314,0.472,0.464,0.438
7/26/19 19:00,2233,0.314,0.472,0.465,0.438
7/26/19 20:00,2234,0.314,0.472,0.465,0.438
7/26/19 21:00,2235,0.313,0.472,0.466,0.438
7/26/19 22:00,2236,0.313,0.472,0.465,0.438
7/26/19 23:00,2237,0.312,0.472,0.466,0.438
7/27/19 0:00,2238,0.312,0.473,0.465,0.438
7/27/19 1:00,2239,0.311,0.473,0.465,0.438
7/27/19 2:00,2240,0.311,0.473,0.466,0.438
7/27/19 3:00,2241,0.310,0.473,0.466,0.438
7/27/19 4:00,2242,0.310,0.473,0.465,0.438
7/27/19 5:00,2243,0.309,0.473,0.465,0.438
7/27/19 6:00,2244,0.309,0.473,0.464,0.438
7/27/19 7:00,2245,0.308,0.473,0.465,0.438
7/27/19 8:00,2246,0.308,0.472,0.465,0.438
7/27/19 9:00,2247,0.308,0.472,0.466,0.438
7/27/19 10:00,2248,0.308,0.472,0.464,0.438
7/27/19 11:00,2249,0.308,0.472,0.465,0.438
7/27/19 12:00,2250,0.308,0.472,0.465,0.437
7/27/19 13:00,2251,0.309,0.472,0.465,0.437
7/27/19 14:00,2252,0.311,0.471,0.465,0.437
7/27/19 15:00,2253,0.313,0.471,0.465,0.437
7/27/19 16:00,2254,0.314,0.471,0.464,0.437
7/27/19 17:00,2255,0.314,0.472,0.464,0.437
7/27/19 18:00,2256,0.314,0.472,0.465,0.437
7/27/19 19:00,2257,0.314,0.472,0.464,0.437
7/27/19 20:00,2258,0.314,0.472,0.464,0.437
7/27/19 21:00,2259,0.314,0.472,0.464,0.436
7/27/19 22:00,2260,0.313,0.472,0.464,0.436
7/27/19 23:00,2261,0.313,0.473,0.464,0.436
7/28/19 0:00,2262,0.312,0.473,0.465,0.436
7/28/19 1:00,2263,0.312,0.473,0.465,0.436
7/28/19 2:00,2264,0.311,0.473,0.465,0.436
7/28/19 3:00,2265,0.311,0.473,0.465,0.436
7/28/19 4:00,2266,0.311,0.473,0.466,0.436
7/28/19 5:00,2267,0.310,0.473,0.465,0.436
7/28/19 6:00,2268,0.310,0.473,0.465,0.436
7/28/19 7:00,2269,0.310,0.473,0.465,0.436
7/28/19 8:00,2270,0.309,0.472,0.465,0.436
7/28/19 9:00,2271,0.309,0.472,0.465,0.436
7/28/19 10:00,2272,0.309,0.472,0.465,0.436
7/28/19 11:00,2273,0.310,0.472,0.465,0.436
7/28/19 12:00,2274,0.310,0.472,0.465,0.436
7/28/19 13:00,2275,0.311,0.472,0.465,0.436
7/28/19 14:00,2276,0.312,0.472,0.465,0.436
7/28/19 15:00,2277,0.314,0.472,0.464,0.436
7/28/19 16:00,2278,0.316,0.472,0.464,0.435
7/28/19 17:00,2279,0.316,0.472,0.464,0.435
7/28/19 18:00,2280,0.315,0.472,0.464,0.435
7/28/19 19:00,2281,0.315,0.472,0.464,0.435
7/28/19 20:00,2282,0.315,0.473,0.465,0.435
7/28/19 21:00,2283,0.315,0.472,0.464,0.435
7/28/19 22:00,2284,0.315,0.473,0.464,0.435
7/28/19 23:00,2285,0.315,0.473,0.465,0.435
7/29/19 0:00,2286,0.314,0.473,0.464,0.435
7/29/19 1:00,2287,0.314,0.473,0.464,0.435
7/29/19 2:00,2288,0.313,0.473,0.465,0.435
7/29/19 3:00,2289,0.313,0.473,0.465,0.435
7/29/19 4:00,2290,0.312,0.473,0.465,0.435
7/29/19 5:00,2291,0.312,0.473,0.466,0.435
7/29/19 6:00,2292,0.312,0.473,0.465,0.435
7/29/19 7:00,2293,0.311,0.473,0.464,0.435
7/29/19 8:00,2294,0.311,0.473,0.466,0.435
7/29/19 9:00,2295,0.311,0.473,0.465,0.435
7/29/19 10:00,2296,0.311,0.473,0.465,0.435
7/29/19 11:00,2297,0.311,0.473,0.465,0.435
7/29/19 12:00,2298,0.312,0.473,0.465,0.435
7/29/19 13:00,2299,0.313,0.472,0.465,0.435
7/29/19 14:00,2300,0.315,0.472,0.465,0.435
7/29/19 15:00,2301,0.317,0.472,0.465,0.435
7/29/19 16:00,2302,0.317,0.473,0.466,0.434
7/29/19 17:00,2303,0.317,0.472,0.464,0.434
7/29/19 18:00,2304,0.317,0.473,0.465,0.434
7/29/19 19:00,2305,0.316,0.473,0.465,0.434
7/29/19 20:00,2306,0.316,0.473,0.464,0.434
7/29/19 21:00,2307,0.315,0.473,0.465,0.434
7/29/19 22:00,2308,0.314,0.473,0.465,0.434
7/29/19 23:00,2309,0.314,0.474,0.465,0.434
7/30/19 0:00,2310,0.313,0.474,0.464,0.434
7/30/19 1:00,2311,0.312,0.474,0.466,0.434
7/30/19 2:00,2312,0.311,0.473,0.465,0.434
7/30/19 3:00,2313,0.310,0.473,0.465,0.434
7/30/19 4:00,2314,0.310,0.473,0.465,0.434
7/30/19 5:00,2315,0.309,0.473,0.466,0.434
7/30/19 6:00,2316,0.308,0.473,0.465,0.434
7/30/19 7:00,2317,0.308,0.472,0.465,0.434
7/30/19 8:00,2318,0.307,0.472,0.464,0.434
7/30/19 9:00,2319,0.307,0.472,0.465,0.434
7/30/19 10:00,2320,0.307,0.472,0.465,0.434
7/30/19 11:00,2321,0.307,0.472,0.466,0.434
7/30/19 12:00,2322,0.308,0.471,0.465,0.433
7/30/19 13:00,2323,0.309,0.471,0.465,0.433
7/30/19 14:00,2324,0.311,0.471,0.464,0.433
7/30/19 15:00,2325,0.313,0.471,0.464,0.433
7/30/19 16:00,2326,0.314,0.471,0.463,0.432
7/30/19 17:00,2327,0.315,0.471,0.464,0.432
7/30/19 18:00,2328,0.315,0.471,0.463,0.432
7/30/19 19:00,2329,0.314,0.471,0.463,0.431
7/30/19 20:00,2330,0.314,0.471,0.464,0.431
7/30/19 21:00,2331,0.313,0.471,0.463,0.431
7/30/19 22:00,2332,0.313,0.472,0.463,0.431
7/30/19 23:00,2333,0.312,0.472,0.463,0.431
7/31/19 0:00,2334,0.312,0.472,0.463,0.431
7/31/19 1:00,2335,0.311,0.472,0.463,0.431
7/31/19 2:00,2336,0.311,0.472,0.463,0.431
7/31/19 3:00,2337,0.311,0.472,0.463,0.431
7/31/19 4:00,2338,0.310,0.472,0.463,0.431
7/31/19 5:00,2339,0.310,0.472,0.464,0.431
7/31/19 6:00,2340,0.309,0.472,0.464,0.431
7/31/19 7:00,2341,0.309,0.472,0.464,0.431
7/31/19 8:00,2342,0.309,0.472,0.463,0.431
7/31/19 9:00,2343,0.309,0.472,0.463,0.431
7/31/19 10:00,2344,0.309,0.472,0.464,0.431
7/31/19 11:00,2345,0.309,0.471,0.463,0.430
7/31/19 12:00,2346,0.310,0.471,0.464,0.430
7/31/19 13:00,2347,0.311,0.471,0.463,0.430
7/31/19 14:00,2348,0.312,0.471,0.463,0.429
7/31/19 15:00,2349,0.314,0.471,0.461,0.429
7/31/19 16:00,2350,0.314,0.471,0.462,0.429
7/31/19 17:00,2351,0.315,0.471,0.461,0.428
7/31/19 18:00,2352,0.315,0.471,0.460,0.428
7/31/19 19:00,2353,0.314,0.471,0.460,0.428
7/31/19 20:00,2354,0.313,0.471,0.460,0.428
7/31/19 21:00,2355,0.313,0.471,0.460,0.427
7/31/19 22:00,2356,0.312,0.471,0.461,0.427
7/31/19 23:00,2357,0.312,0.472,0.461,0.427
8/1/19 0:00,2358,0.311,0.472,0.460,0.427
8/1/19 1:00,2359,0.311,0.472,0.460,0.427
8/1/19 2:00,2360,0.311,0.472,0.460,0.427
8/1/19 3:00,2361,0.310,0.472,0.461,0.427
8/1/19 4:00,2362,0.310,0.472,0.461,0.427
8/1/19 5:00,2363,0.310,0.472,0.461,0.427
8/1/19 6:00,2364,0.309,0.472,0.462,0.427
8/1/19 7:00,2365,0.309,0.472,0.462,0.427
8/1/19 8:00,2366,0.309,0.472,0.461,0.427
8/1/19 9:00,2367,0.308,0.472,0.461,0.427
8/1/19 10:00,2368,0.308,0.472,0.461,0.427
8/1/19 11:00,2369,0.308,0.472,0.461,0.427
8/1/19 12:00,2370,0.309,0.471,0.461,0.427
8/1/19 13:00,2371,0.309,0.471,0.461,0.427
8/1/19 14:00,2372,0.310,0.471,0.461,0.427
8/1/19 15:00,2373,0.311,0.471,0.460,0.426
8/1/19 16:00,2374,0.312,0.471,0.460,0.426
8/1/19 17:00,2375,0.311,0.471,0.459,0.426
8/1/19 18:00,2376,0.311,0.471,0.461,0.426
8/1/19 19:00,2377,0.310,0.471,0.460,0.426
8/1/19 20:00,2378,0.310,0.472,0.460,0.426
8/1/19 21:00,2379,0.310,0.472,0.459,0.426
8/1/19 22:00,2380,0.309,0.472,0.460,0.426
8/1/19 23:00,2381,0.309,0.472,0.460,0.426
8/2/19 0:00,2382,0.309,0.472,0.460,0.426
8/2/19 1:00,2383,0.308,0.472,0.461,0.426
8/2/19 2:00,2384,0.308,0.472,0.461,0.426
8/2/19 3:00,2385,0.308,0.472,0.462,0.426
8/2/19 4:00,2386,0.307,0.472,0.460,0.426
8/2/19 5:00,2387,0.307,0.471,0.460,0.426
8/2/19 6:00,2388,0.306,0.472,0.461,0.426
8/2/19 7:00,2389,0.305,0.472,0.462,0.426
8/2/19 8:00,2390,0.305,0.472,0.462,0.426
8/2/19 9:00,2391,0.304,0.472,0.461,0.426
8/2/19 10:00,2392,0.304,0.471,0.462,0.426
8/2/19 11:00,2393,0.304,0.471,0.461,0.426
8/2/19 12:00,2394,0.304,0.471,0.461,0.426
8/2/19 13:00,2395,0.304,0.471,0.460,0.426
8/2/19 14:00,2396,0.304,0.471,0.461,0.426
8/2/19 15:00,2397,0.304,0.471,0.461,0.426
8/2/19 16:00,2398,0.305,0.470,0.462,0.426
8/2/19 17:00,2399,0.305,0.470,0.461,0.426
8/2/19 18:00,2400,0.305,0.470,0.461,0.426
8/2/19 19:00,2401,0.305,0.470,0.460,0.426
8/2/19 20:00,2402,0.305,0.470,0.461,0.426
8/2/19 21:00,2403,0.305,0.470,0.461,0.426
8/2/19 22:00,2404,0.304,0.470,0.460,0.426
8/2/19 23:00,2405,0.304,0.470,0.461,0.426
8/3/19 0:00,2406,0.304,0.470,0.460,0.426
8/3/19 1:00,2407,0.304,0.470,0.460,0.426
8/3/19 2:00,2408,0.303,0.470,0.461,0.426
8/3/19 3:00,2409,0.303,0.470,0.461,0.426
8/3/19 4:00,2410,0.303,0.470,0.461,0.426
8/3/19 5:00,2411,0.302,0.470,0.460,0.426
8/3/19 6:00,2412,0.303,0.470,0.461,0.426
8/3/19 7:00,2413,0.302,0.470,0.460,0.426
8/3/19 8:00,2414,0.302,0.470,0.460,0.426
8/3/19 9:00,2415,0.302,0.470,0.460,0.426
8/3/19 10:00,2416,0.302,0.470,0.460,0.426
8/3/19 11:00,2417,0.302,0.470,0.461,0.426
8/3/19 12:00,2418,0.303,0.470,0.462,0.426
8/3/19 13:00,2419,0.304,0.470,0.460,0.426
8/3/19 14:00,2420,0.305,0.470,0.460,0.426
8/3/19 15:00,2421,0.306,0.470,0.461,0.426
8/3/19 16:00,2422,0.306,0.470,0.460,0.426
8/3/19 17:00,2423,0.306,0.470,0.460,0.426
8/3/19 18:00,2424,0.307,0.470,0.460,0.426
8/3/19 19:00,2425,0.307,0.470,0.461,0.426
8/3/19 20:00,2426,0.306,0.470,0.461,0.426
8/3/19 21:00,2427,0.306,0.470,0.460,0.426
8/3/19 22:00,2428,0.306,0.470,0.461,0.426
8/3/19 23:00,2429,0.306,0.470,0.460,0.426
8/4/19 0:00,2430,0.305,0.470,0.461,0.426
8/4/19 1:00,2431,0.305,0.470,0.461,0.426
8/4/19 2:00,2432,0.304,0.470,0.460,0.426
8/4/19 3:00,2433,0.304,0.470,0.460,0.426
8/4/19 4:00,2434,0.303,0.470,0.460,0.426
8/4/19 5:00,2435,0.303,0.470,0.461,0.426
8/4/19 6:00,2436,0.303,0.470,0.461,0.426
8/4/19 7:00,2437,0.302,0.470,0.461,0.426
8/4/19 8:00,2438,0.302,0.470,0.460,0.426
8/4/19 9:00,2439,0.302,0.470,0.460,0.426
8/4/19 10:00,2440,0.302,0.470,0.460,0.426
8/4/19 11:00,2441,0.302,0.470,0.462,0.426
8/4/19 12:00,2442,0.303,0.470,0.461,0.426
8/4/19 13:00,2443,0.303,0.470,0.460,0.426
8/4/19 14:00,2444,0.304,0.469,0.460,0.426
8/4/19 15:00,2445,0.305,0.469,0.460,0.426
8/4/19 16:00,2446,0.306,0.469,0.460,0.426
8/4/19 17:00,2447,0.306,0.469,0.460,0.426
8/4/19 18:00,2448,0.306,0.469,0.460,0.426
8/4/19 19:00,2449,0.306,0.469,0.460,0.426
8/4/19 20:00,2450,0.306,0.470,0.461,0.426
8/4/19 21:00,2451,0.306,0.470,0.460,0.426
8/4/19 22:00,2452,0.305,0.470,0.460,0.426
8/4/19 23:00,2453,0.305,0.470,0.461,0.426
8/5/19 0:00,2454,0.304,0.470,0.460,0.426
8/5/19 1:00,2455,0.304,0.470,0.460,0.426
8/5/19 2:00,2456,0.303,0.470,0.460,0.426
8/5/19 3:00,2457,0.303,0.470,0.461,0.426
8/5/19 4:00,2458,0.302,0.470,0.461,0.426
8/5/19 5:00,2459,0.302,0.470,0.461,0.426
8/5/19 6:00,2460,0.302,0.470,0.461,0.426
8/5/19 7:00,2461,0.301,0.470,0.462,0.426
8/5/19 8:00,2462,0.301,0.470,0.461,0.426
8/5/19 9:00,2463,0.301,0.470,0.461,0.426
8/5/19 10:00,2464,0.300,0.469,0.461,0.426
8/5/19 11:00,2465,0.301,0.469,0.460,0.426
8/5/19 12:00,2466,0.302,0.469,0.461,0.425
8/5/19 13:00,2467,0.303,0.469,0.461,0.425
8/5/19 14:00,2468,0.304,0.469,0.460,0.425
8/5/19 15:00,2469,0.305,0.469,0.459,0.425
8/5/19 16:00,2470,0.306,0.469,0.460,0.425
8/5/19 17:00,2471,0.306,0.469,0.459,0.425
8/5/19 18:00,2472,0.306,0.469,0.459,0.425
8/5/19 19:00,2473,0.306,0.469,0.458,0.425
8/5/19 20:00,2474,0.305,0.469,0.459,0.425
8/5/19 21:00,2475,0.305,0.470,0.460,0.425
8/5/19 22:00,2476,0.304,0.469,0.459,0.425
8/5/19 23:00,2477,0.304,0.470,0.460,0.425
8/6/19 0:00,2478,0.303,0.470,0.460,0.425
8/6/19 1:00,2479,0.303,0.470,0.460,0.425
8/6/19 2:00,2480,0.302,0.470,0.459,0.425
8/6/19 3:00,2481,0.301,0.470,0.459,0.424
8/6/19 4:00,2482,0.301,0.469,0.459,0.424
8/6/19 5:00,2483,0.300,0.469,0.459,0.425
8/6/19 6:00,2484,0.300,0.469,0.461,0.425
8/6/19 7:00,2485,0.299,0.469,0.460,0.425
8/6/19 8:00,2486,0.299,0.469,0.460,0.425
8/6/19 9:00,2487,0.298,0.469,0.460,0.425
8/6/19 10:00,2488,0.299,0.469,0.460,0.425
8/6/19 11:00,2489,0.299,0.469,0.460,0.425
8/6/19 12:00,2490,0.300,0.469,0.460,0.424
8/6/19 13:00,2491,0.302,0.468,0.459,0.424
8/6/19 14:00,2492,0.303,0.468,0.459,0.424
8/6/19 15:00,2493,0.305,0.468,0.458,0.424
8/6/19 16:00,2494,0.311,0.468,0.458,0.424
8/6/19 17:00,2495,0.334,0.468,0.459,0.424
8/6/19 18:00,2496,0.334,0.469,0.459,0.424
8/6/19 19:00,2497,0.345,0.469,0.459,0.425
8/6/19 20:00,2498,0.345,0.470,0.459,0.425
8/6/19 21:00,2499,0.345,0.470,0.460,0.425
8/6/19 22:00,2500,0.345,0.470,0.459,0.425
8/6/19 23:00,2501,0.344,0.470,0.460,0.425
8/7/19 0:00,2502,0.343,0.470,0.459,0.425
8/7/19 1:00,2503,0.343,0.470,0.461,0.425
8/7/19 2:00,2504,0.342,0.470,0.460,0.425
8/7/19 3:00,2505,0.341,0.470,0.461,0.425
8/7/19 4:00,2506,0.341,0.470,0.460,0.425
8/7/19 5:00,2507,0.340,0.469,0.460,0.425
8/7/19 6:00,2508,0.340,0.469,0.460,0.425
8/7/19 7:00,2509,0.339,0.470,0.461,0.425
8/7/19 8:00,2510,0.338,0.470,0.460,0.425
8/7/19 9:00,2511,0.338,0.469,0.460,0.425
8/7/19 10:00,2512,0.337,0.469,0.461,0.425
8/7/19 11:00,2513,0.337,0.469,0.459,0.425
8/7/19 12:00,2514,0.337,0.469,0.460,0.425
8/7/19 13:00,2515,0.337,0.469,0.460,0.425
8/7/19 14:00,2516,0.338,0.469,0.461,0.425
8/7/19 15:00,2517,0.339,0.469,0.461,0.425
8/7/19 16:00,2518,0.339,0.469,0.460,0.425
8/7/19 17:00,2519,0.339,0.469,0.460,0.425
8/7/19 18:00,2520,0.338,0.470,0.460,0.425
8/7/19 19:00,2521,0.338,0.470,0.460,0.425
8/7/19 20:00,2522,0.337,0.470,0.460,0.425
8/7/19 21:00,2523,0.336,0.470,0.461,0.425
8/7/19 22:00,2524,0.335,0.470,0.461,0.425
8/7/19 23:00,2525,0.334,0.470,0.460,0.425
8/8/19 0:00,2526,0.333,0.470,0.461,0.425
8/8/19 1:00,2527,0.332,0.470,0.461,0.425
8/8/19 2:00,2528,0.332,0.470,0.461,0.425
8/8/19 3:00,2529,0.330,0.470,0.461,0.425
8/8/19 4:00,2530,0.329,0.470,0.462,0.425
8/8/19 5:00,2531,0.328,0.471,0.461,0.425
8/8/19 6:00,2532,0.327,0.471,0.461,0.425
8/8/19 7:00,2533,0.326,0.471,0.461,0.425
8/8/19 8:00,2534,0.355,0.473,0.463,0.427
8/8/19 9:00,2535,0.411,0.473,0.464,0.428
8/8/19 10:00,2536,0.435,0.473,0.464,0.429
8/8/19 11:00,2537,0.430,0.473,0.465,0.429
8/8/19 12:00,2538,0.426,0.473,0.465,0.429
8/8/19 13:00,2539,0.424,0.473,0.466,0.429
8/8/19 14:00,2540,0.421,0.473,0.467,0.430
8/8/19 15:00,2541,0.419,0.473,0.466,0.430
8/8/19 16:00,2542,0.417,0.473,0.466,0.430
8/8/19 17:00,2543,0.416,0.474,0.467,0.430
8/8/19 18:00,2544,0.415,0.473,0.467,0.430
8/8/19 19:00,2545,0.414,0.473,0.467,0.430
8/8/19 20:00,2546,0.414,0.474,0.466,0.430
8/8/19 21:00,2547,0.413,0.474,0.466,0.431
8/8/19 22:00,2548,0.413,0.474,0.467,0.431
8/8/19 23:00,2549,0.412,0.474,0.466,0.431
8/9/19 0:00,2550,0.411,0.474,0.467,0.431
8/9/19 1:00,2551,0.411,0.474,0.467,0.431
8/9/19 2:00,2552,0.410,0.475,0.468,0.431
8/9/19 3:00,2553,0.410,0.475,0.467,0.431
8/9/19 4:00,2554,0.409,0.475,0.467,0.431
8/9/19 5:00,2555,0.409,0.475,0.468,0.431
8/9/19 6:00,2556,0.409,0.475,0.468,0.432
8/9/19 7:00,2557,0.408,0.475,0.468,0.432
8/9/19 8:00,2558,0.408,0.475,0.468,0.432
8/9/19 9:00,2559,0.408,0.475,0.468,0.432
8/9/19 10:00,2560,0.408,0.475,0.468,0.432
8/9/19 11:00,2561,0.408,0.475,0.468,0.432
8/9/19 12:00,2562,0.408,0.475,0.468,0.432
8/9/19 13:00,2563,0.409,0.475,0.467,0.432
8/9/19 14:00,2564,0.409,0.475,0.468,0.432
8/9/19 15:00,2565,0.409,0.475,0.467,0.432
8/9/19 16:00,2566,0.409,0.475,0.468,0.432
8/9/19 17:00,2567,0.409,0.475,0.468,0.432
8/9/19 18:00,2568,0.409,0.476,0.467,0.432
8/9/19 19:00,2569,0.409,0.476,0.468,0.432
8/9/19 20:00,2570,0.409,0.476,0.468,0.432
8/9/19 21:00,2571,0.409,0.476,0.469,0.432
8/9/19 22:00,2572,0.408,0.476,0.468,0.432
8/9/19 23:00,2573,0.408,0.477,0.468,0.433
8/10/19 0:00,2574,0.407,0.477,0.467,0.433
8/10/19 1:00,2575,0.407,0.477,0.468,0.433
8/10/19 2:00,2576,0.406,0.477,0.469,0.433
8/10/19 3:00,2577,0.406,0.477,0.468,0.433
8/10/19 4:00,2578,0.406,0.477,0.468,0.433
8/10/19 5:00,2579,0.406,0.477,0.469,0.433
8/10/19 6:00,2580,0.405,0.477,0.469,0.433
8/10/19 7:00,2581,0.405,0.477,0.469,0.433
8/10/19 8:00,2582,0.405,0.477,0.469,0.433
8/10/19 9:00,2583,0.405,0.477,0.469,0.433
8/10/19 10:00,2584,0.405,0.477,0.468,0.433
8/10/19 11:00,2585,0.405,0.477,0.469,0.433
8/10/19 12:00,2586,0.405,0.477,0.468,0.433
8/10/19 13:00,2587,0.406,0.477,0.468,0.433
8/10/19 14:00,2588,0.406,0.477,0.468,0.433
8/10/19 15:00,2589,0.406,0.477,0.469,0.433
8/10/19 16:00,2590,0.406,0.478,0.469,0.433
8/10/19 17:00,2591,0.406,0.478,0.469,0.433
8/10/19 18:00,2592,0.406,0.478,0.469,0.433
8/10/19 19:00,2593,0.406,0.478,0.468,0.433
8/10/19 20:00,2594,0.407,0.478,0.469,0.433
8/10/19 21:00,2595,0.406,0.478,0.469,0.433
8/10/19 22:00,2596,0.406,0.478,0.469,0.433
8/10/19 23:00,2597,0.406,0.478,0.468,0.433
8/11/19 0:00,2598,0.406,0.478,0.469,0.433
8/11/19 1:00,2599,0.405,0.479,0.469,0.433
8/11/19 2:00,2600,0.405,0.479,0.469,0.433
8/11/19 3:00,2601,0.406,0.479,0.469,0.433
8/11/19 4:00,2602,0.405,0.479,0.470,0.433
8/11/19 5:00,2603,0.405,0.479,0.470,0.433
8/11/19 6:00,2604,0.405,0.479,0.469,0.433
8/11/19 7:00,2605,0.404,0.479,0.469,0.433
8/11/19 8:00,2606,0.404,0.479,0.469,0.433
8/11/19 9:00,2607,0.404,0.479,0.469,0.433
8/11/19 10:00,2608,0.404,0.479,0.469,0.433
8/11/19 11:00,2609,0.404,0.479,0.469,0.434
8/11/19 12:00,2610,0.404,0.479,0.469,0.434
8/11/19 13:00,2611,0.404,0.479,0.469,0.434
8/11/19 14:00,2612,0.406,0.479,0.469,0.434
8/11/19 15:00,2613,0.406,0.479,0.469,0.434
8/11/19 16:00,2614,0.406,0.479,0.469,0.433
8/11/19 17:00,2615,0.406,0.478,0.469,0.433
8/11/19 18:00,2616,0.405,0.479,0.469,0.433
8/11/19 19:00,2617,0.405,0.479,0.469,0.433
8/11/19 20:00,2618,0.404,0.479,0.469,0.433
8/11/19 21:00,2619,0.404,0.479,0.469,0.434
8/11/19 22:00,2620,0.403,0.480,0.469,0.434
8/11/19 23:00,2621,0.403,0.480,0.469,0.434
8/12/19 0:00,2622,0.402,0.480,0.469,0.434
8/12/19 1:00,2623,0.402,0.480,0.469,0.434
8/12/19 2:00,2624,0.402,0.480,0.470,0.434
8/12/19 3:00,2625,0.401,0.480,0.470,0.434
8/12/19 4:00,2626,0.401,0.480,0.470,0.434
8/12/19 5:00,2627,0.400,0.480,0.470,0.434
8/12/19 6:00,2628,0.400,0.480,0.470,0.434
8/12/19 7:00,2629,0.400,0.480,0.470,0.434
8/12/19 8:00,2630,0.399,0.480,0.470,0.434
8/12/19 9:00,2631,0.398,0.480,0.470,0.434
8/12/19 10:00,2632,0.397,0.479,0.470,0.434
8/12/19 11:00,2633,0.397,0.480,0.471,0.434
8/12/19 12:00,2634,0.396,0.479,0.471,0.434
8/12/19 13:00,2635,0.396,0.479,0.471,0.434
8/12/19 14:00,2636,0.395,0.479,0.471,0.434
8/12/19 15:00,2637,0.394,0.479,0.470,0.434
8/12/19 16:00,2638,0.393,0.479,0.470,0.434
8/12/19 17:00,2639,0.392,0.479,0.470,0.434
8/12/19 18:00,2640,0.390,0.479,0.470,0.434
8/12/19 19:00,2641,0.389,0.479,0.470,0.434
8/12/19 20:00,2642,0.388,0.479,0.470,0.434
8/12/19 21:00,2643,0.388,0.479,0.471,0.434
8/12/19 22:00,2644,0.387,0.480,0.472,0.433
8/12/19 23:00,2645,0.386,0.480,0.471,0.433
8/13/19 0:00,2646,0.385,0.480,0.472,0.434
8/13/19 1:00,2647,0.384,0.480,0.471,0.434
8/13/19 2:00,2648,0.384,0.480,0.471,0.434
8/13/19 3:00,2649,0.383,0.480,0.471,0.434
8/13/19 4:00,2650,0.382,0.480,0.471,0.434
8/13/19 5:00,2651,0.381,0.480,0.471,0.434
8/13/19 6:00,2652,0.381,0.480,0.472,0.434
8/13/19 7:00,2653,0.380,0.480,0.472,0.434
8/13/19 8:00,2654,0.379,0.479,0.471,0.434
8/13/19 9:00,2655,0.379,0.479,0.472,0.434
8/13/19 10:00,2656,0.378,0.479,0.471,0.434
8/13/19 11:00,2657,0.377,0.479,0.472,0.434
8/13/19 12:00,2658,0.376,0.478,0.471,0.434
8/13/19 13:00,2659,0.376,0.479,0.471,0.434
8/13/19 14:00,2660,0.377,0.478,0.471,0.434
8/13/19 15:00,2661,0.377,0.478,0.470,0.434
8/13/19 16:00,2662,0.376,0.478,0.471,0.434
8/13/19 17:00,2663,0.375,0.478,0.470,0.433
8/13/19 18:00,2664,0.374,0.478,0.471,0.433
8/13/19 19:00,2665,0.372,0.478,0.470,0.433
8/13/19 20:00,2666,0.371,0.478,0.470,0.433
8/13/19 21:00,2667,0.370,0.478,0.471,0.433
8/13/19 22:00,2668,0.369,0.478,0.469,0.433
8/13/19 23:00,2669,0.369,0.478,0.470,0.434
8/14/19 0:00,2670,0.368,0.478,0.470,0.434
8/14/19 1:00,2671,0.367,0.478,0.471,0.434
8/14/19 2:00,2672,0.366,0.478,0.471,0.434
8/14/19 3:00,2673,0.365,0.478,0.471,0.434
8/14/19 4:00,2674,0.365,0.478,0.470,0.434
8/14/19 5:00,2675,0.364,0.478,0.470,0.434
8/14/19 6:00,2676,0.363,0.478,0.471,0.434
8/14/19 7:00,2677,0.363,0.478,0.471,0.434
8/14/19 8:00,2678,0.362,0.478,0.471,0.434
8/14/19 9:00,2679,0.361,0.478,0.471,0.434
8/14/19 10:00,2680,0.361,0.477,0.470,0.434
8/14/19 11:00,2681,0.360,0.477,0.471,0.434
8/14/19 12:00,2682,0.359,0.476,0.471,0.434
8/14/19 13:00,2683,0.359,0.476,0.470,0.434
8/14/19 14:00,2684,0.360,0.476,0.470,0.434
8/14/19 15:00,2685,0.360,0.476,0.470,0.433
8/14/19 16:00,2686,0.359,0.476,0.469,0.433
8/14/19 17:00,2687,0.358,0.475,0.469,0.433
8/14/19 18:00,2688,0.357,0.476,0.469,0.433
8/14/19 19:00,2689,0.356,0.476,0.470,0.433
8/14/19 20:00,2690,0.355,0.476,0.469,0.433
8/14/19 21:00,2691,0.354,0.476,0.468,0.433
8/14/19 22:00,2692,0.354,0.476,0.469,0.433
8/14/19 23:00,2693,0.353,0.476,0.469,0.433
8/15/19 0:00,2694,0.352,0.476,0.469,0.433
8/15/19 1:00,2695,0.351,0.476,0.470,0.433
8/15/19 2:00,2696,0.351,0.476,0.469,0.433
8/15/19 3:00,2697,0.350,0.476,0.470,0.433
8/15/19 4:00,2698,0.349,0.476,0.470,0.433
8/15/19 5:00,2699,0.349,0.476,0.470,0.433
8/15/19 6:00,2700,0.348,0.476,0.469,0.433
8/15/19 7:00,2701,0.348,0.475,0.469,0.433
8/15/19 8:00,2702,0.347,0.475,0.470,0.433
8/15/19 9:00,2703,0.347,0.475,0.470,0.433
8/15/19 10:00,2704,0.346,0.475,0.469,0.433
8/15/19 11:00,2705,0.346,0.475,0.468,0.433
8/15/19 12:00,2706,0.346,0.475,0.469,0.433
8/15/19 13:00,2707,0.346,0.474,0.468,0.432
8/15/19 14:00,2708,0.347,0.474,0.468,0.432
8/15/19 15:00,2709,0.348,0.473,0.467,0.432
8/15/19 16:00,2710,0.347,0.473,0.468,0.432
8/15/19 17:00,2711,0.347,0.473,0.467,0.432
8/15/19 18:00,2712,0.346,0.473,0.467,0.432
8/15/19 19:00,2713,0.345,0.473,0.467,0.432
8/15/19 20:00,2714,0.344,0.473,0.466,0.432
8/15/19 21:00,2715,0.344,0.473,0.467,0.431
8/15/19 22:00,2716,0.343,0.473,0.466,0.431
8/15/19 23:00,2717,0.342,0.473,0.467,0.431
8/16/19 0:00,2718,0.363,0.474,0.466,0.431
8/16/19 1:00,2719,0.415,0.474,0.468,0.432
8/16/19 2:00,2720,0.410,0.475,0.467,0.432
8/16/19 3:00,2721,0.404,0.475,0.467,0.432
8/16/19 4:00,2722,0.400,0.475,0.467,0.432
8/16/19 5:00,2723,0.398,0.475,0.468,0.432
8/16/19 6:00,2724,0.397,0.475,0.467,0.432
8/16/19 7:00,2725,0.396,0.474,0.468,0.432
8/16/19 8:00,2726,0.395,0.474,0.468,0.432
8/16/19 9:00,2727,0.394,0.474,0.467,0.432
8/16/19 10:00,2728,0.394,0.474,0.467,0.432
8/16/19 11:00,2729,0.395,0.474,0.468,0.432
8/16/19 12:00,2730,0.396,0.474,0.467,0.432
8/16/19 13:00,2731,0.396,0.474,0.467,0.432
8/16/19 14:00,2732,0.396,0.474,0.468,0.432
8/16/19 15:00,2733,0.396,0.474,0.468,0.432
8/16/19 16:00,2734,0.395,0.474,0.468,0.432
8/16/19 17:00,2735,0.395,0.474,0.467,0.432
8/16/19 18:00,2736,0.394,0.474,0.466,0.432
8/16/19 19:00,2737,0.394,0.474,0.467,0.432
8/16/19 20:00,2738,0.393,0.474,0.468,0.432
8/16/19 21:00,2739,0.392,0.474,0.467,0.432
8/16/19 22:00,2740,0.392,0.474,0.467,0.432
8/16/19 23:00,2741,0.391,0.474,0.468,0.432
8/17/19 0:00,2742,0.391,0.474,0.467,0.432
8/17/19 1:00,2743,0.391,0.474,0.467,0.432
8/17/19 2:00,2744,0.390,0.474,0.467,0.432
8/17/19 3:00,2745,0.389,0.474,0.467,0.432
8/17/19 4:00,2746,0.389,0.474,0.467,0.432
8/17/19 5:00,2747,0.389,0.474,0.467,0.431
8/17/19 6:00,2748,0.388,0.474,0.467,0.431
8/17/19 7:00,2749,0.387,0.474,0.467,0.431
8/17/19 8:00,2750,0.387,0.474,0.467,0.431
8/17/19 9:00,2751,0.386,0.474,0.468,0.431
8/17/19 10:00,2752,0.386,0.475,0.467,0.431
8/17/19 11:00,2753,0.386,0.474,0.467,0.431
8/17/19 12:00,2754,0.385,0.474,0.467,0.431
8/17/19 13:00,2755,0.385,0.474,0.468,0.431
8/17/19 14:00,2756,0.385,0.474,0.466,0.431
8/17/19 15:00,2757,0.386,0.474,0.467,0.431
8/17/19 16:00,2758,0.385,0.473,0.467,0.431
8/17/19 17:00,2759,0.384,0.473,0.467,0.431
8/17/19 18:00,2760,0.383,0.473,0.467,0.431
8/17/19 19:00,2761,0.383,0.473,0.467,0.431
8/17/19 20:00,2762,0.383,0.473,0.467,0.431
8/17/19 21:00,2763,0.382,0.474,0.467,0.431
8/17/19 22:00,2764,0.382,0.474,0.467,0.431
8/17/19 23:00,2765,0.381,0.474,0.468,0.431
8/18/19 0:00,2766,0.437,0.482,0.477,0.434
8/18/19 1:00,2767,0.500,0.520,0.529,0.499
8/18/19 2:00,2768,0.501,0.528,0.540,0.506
8/18/19 3:00,2769,0.501,0.529,0.543,0.508
8/18/19 4:00,2770,0.500,0.530,0.543,0.509
8/18/19 5:00,2771,0.501,0.530,0.546,0.509
8/18/19 6:00,2772,0.501,0.531,0.547,0.509
8/18/19 7:00,2773,0.501,0.531,0.545,0.509
8/18/19 8:00,2774,0.500,0.532,0.546,0.510
8/18/19 9:00,2775,0.500,0.532,0.547,0.510
8/18/19 10:00,2776,0.500,0.532,0.547,0.510
8/18/19 11:00,2777,0.500,0.531,0.548,0.511
8/18/19 12:00,2778,0.498,0.531,0.548,0.510
8/18/19 13:00,2779,0.497,0.530,0.547,0.511
8/18/19 14:00,2780,0.490,0.529,0.548,0.511
8/18/19 15:00,2781,0.465,0.527,0.548,0.511
8/18/19 16:00,2782,0.454,0.526,0.548,0.512
8/18/19 17:00,2783,0.446,0.525,0.550,0.511
8/18/19 18:00,2784,0.441,0.525,0.543,0.512
8/18/19 19:00,2785,0.437,0.522,0.535,0.512
8/18/19 20:00,2786,0.435,0.521,0.534,0.512
8/18/19 21:00,2787,0.433,0.521,0.533,0.512
8/18/19 22:00,2788,0.430,0.521,0.532,0.512
8/18/19 23:00,2789,0.429,0.521,0.532,0.512
8/19/19 0:00,2790,0.427,0.521,0.531,0.512
8/19/19 1:00,2791,0.426,0.521,0.530,0.512
8/19/19 2:00,2792,0.425,0.521,0.530,0.512
8/19/19 3:00,2793,0.424,0.521,0.530,0.512
8/19/19 4:00,2794,0.423,0.521,0.532,0.512
8/19/19 5:00,2795,0.422,0.520,0.529,0.512
8/19/19 6:00,2796,0.421,0.520,0.530,0.512
8/19/19 7:00,2797,0.421,0.520,0.530,0.513
8/19/19 8:00,2798,0.420,0.520,0.529,0.512
8/19/19 9:00,2799,0.419,0.520,0.528,0.512
8/19/19 10:00,2800,0.419,0.520,0.529,0.509
8/19/19 11:00,2801,0.418,0.519,0.529,0.500
8/19/19 12:00,2802,0.416,0.519,0.525,0.499
8/19/19 13:00,2803,0.415,0.519,0.529,0.498
8/19/19 14:00,2804,0.415,0.518,0.525,0.498
8/19/19 15:00,2805,0.414,0.518,0.524,0.497
8/19/19 16:00,2806,0.412,0.517,0.524,0.496
8/19/19 17:00,2807,0.410,0.517,0.524,0.496
8/19/19 18:00,2808,0.409,0.517,0.522,0.495
8/19/19 19:00,2809,0.407,0.517,0.523,0.493
8/19/19 20:00,2810,0.406,0.517,0.524,0.492
8/19/19 21:00,2811,0.406,0.517,0.524,0.492
8/19/19 22:00,2812,0.405,0.518,0.522,0.491
8/19/19 23:00,2813,0.404,0.518,0.523,0.491
8/20/19 0:00,2814,0.403,0.518,0.520,0.491
8/20/19 1:00,2815,0.403,0.518,0.524,0.490
8/20/19 2:00,2816,0.402,0.518,0.526,0.490
8/20/19 3:00,2817,0.401,0.518,0.526,0.490
8/20/19 4:00,2818,0.401,0.518,0.526,0.490
8/20/19 5:00,2819,0.401,0.518,0.522,0.491
8/20/19 6:00,2820,0.400,0.518,0.523,0.489
8/20/19 7:00,2821,0.400,0.517,0.523,0.490
8/20/19 8:00,2822,0.399,0.518,0.525,0.489
8/20/19 9:00,2823,0.398,0.518,0.526,0.489
8/20/19 10:00,2824,0.398,0.517,0.524,0.489
8/20/19 11:00,2825,0.397,0.516,0.521,0.488
8/20/19 12:00,2826,0.397,0.516,0.520,0.488
8/20/19 13:00,2827,0.396,0.515,0.519,0.488
8/20/19 14:00,2828,0.397,0.514,0.519,0.487
8/20/19 15:00,2829,0.396,0.514,0.519,0.487
8/20/19 16:00,2830,0.395,0.513,0.518,0.486
8/20/19 17:00,2831,0.395,0.513,0.517,0.486
8/20/19 18:00,2832,0.394,0.512,0.518,0.486
8/20/19 19:00,2833,0.393,0.512,0.518,0.485
8/20/19 20:00,2834,0.392,0.513,0.518,0.486
8/20/19 21:00,2835,0.392,0.513,0.518,0.485
8/20/19 22:00,2836,0.391,0.513,0.518,0.485
8/20/19 23:00,2837,0.391,0.513,0.518,0.485
8/21/19 0:00,2838,0.390,0.513,0.518,0.485
8/21/19 1:00,2839,0.390,0.513,0.518,0.485
8/21/19 2:00,2840,0.389,0.513,0.518,0.485
8/21/19 3:00,2841,0.388,0.513,0.517,0.485
8/21/19 4:00,2842,0.388,0.513,0.517,0.485
8/21/19 5:00,2843,0.387,0.513,0.518,0.485
8/21/19 6:00,2844,0.387,0.513,0.517,0.485
8/21/19 7:00,2845,0.386,0.512,0.517,0.485
8/21/19 8:00,2846,0.386,0.512,0.518,0.485
8/21/19 9:00,2847,0.386,0.512,0.517,0.485
8/21/19 10:00,2848,0.385,0.512,0.517,0.485
8/21/19 11:00,2849,0.385,0.511,0.517,0.485
8/21/19 12:00,2850,0.384,0.511,0.517,0.485
8/21/19 13:00,2851,0.384,0.511,0.517,0.485
8/21/19 14:00,2852,0.384,0.511,0.516,0.485
8/21/19 15:00,2853,0.384,0.510,0.516,0.485
8/21/19 16:00,2854,0.383,0.510,0.515,0.485
8/21/19 17:00,2855,0.383,0.510,0.517,0.484
8/21/19 18:00,2856,0.383,0.509,0.516,0.484
8/21/19 19:00,2857,0.383,0.509,0.516,0.484
8/21/19 20:00,2858,0.384,0.509,0.513,0.484
8/21/19 21:00,2859,0.384,0.509,0.515,0.485
8/21/19 22:00,2860,0.384,0.509,0.515,0.484
8/21/19 23:00,2861,0.385,0.509,0.515,0.484
8/22/19 0:00,2862,0.385,0.509,0.513,0.484
8/22/19 1:00,2863,0.385,0.509,0.515,0.484
8/22/19 2:00,2864,0.385,0.509,0.515,0.484
8/22/19 3:00,2865,0.384,0.508,0.515,0.484
8/22/19 4:00,2866,0.384,0.508,0.516,0.484
8/22/19 5:00,2867,0.384,0.508,0.515,0.484
8/22/19 6:00,2868,0.384,0.508,0.516,0.484
8/22/19 7:00,2869,0.384,0.508,0.514,0.484
8/22/19 8:00,2870,0.384,0.508,0.514,0.484
8/22/19 9:00,2871,0.386,0.508,0.516,0.484
8/22/19 10:00,2872,0.389,0.508,0.515,0.484
8/22/19 11:00,2873,0.392,0.507,0.515,0.484
8/22/19 12:00,2874,0.393,0.507,0.514,0.484
8/22/19 13:00,2875,0.394,0.507,0.514,0.484
8/22/19 14:00,2876,0.395,0.507,0.514,0.483
8/22/19 15:00,2877,0.395,0.506,0.512,0.483
8/22/19 16:00,2878,0.395,0.506,0.511,0.483
8/22/19 17:00,2879,0.395,0.505,0.511,0.483
8/22/19 18:00,2880,0.395,0.506,0.511,0.483
8/22/19 19:00,2881,0.395,0.505,0.513,0.483
8/22/19 20:00,2882,0.395,0.505,0.512,0.482
8/22/19 21:00,2883,0.394,0.505,0.512,0.483
8/22/19 22:00,2884,0.393,0.505,0.511,0.482
8/22/19 23:00,2885,0.393,0.505,0.509,0.483
8/23/19 0:00,2886,0.393,0.505,0.511,0.482
8/23/19 1:00,2887,0.392,0.505,0.511,0.482
8/23/19 2:00,2888,0.392,0.505,0.511,0.483
8/23/19 3:00,2889,0.391,0.505,0.511,0.482
8/23/19 4:00,2890,0.390,0.505,0.511,0.482
8/23/19 5:00,2891,0.390,0.505,0.510,0.482
8/23/19 6:00,2892,0.390,0.505,0.511,0.482
8/23/19 7:00,2893,0.390,0.505,0.510,0.482
8/23/19 8:00,2894,0.390,0.505,0.510,0.482
8/23/19 9:00,2895,0.389,0.504,0.512,0.482
8/23/19 10:00,2896,0.389,0.504,0.510,0.482
8/23/19 11:00,2897,0.389,0.504,0.510,0.482
8/23/19 12:00,2898,0.389,0.504,0.510,0.482
8/23/19 13:00,2899,0.390,0.504,0.510,0.482
8/23/19 14:00,2900,0.390,0.503,0.508,0.482
8/23/19 15:00,2901,0.390,0.502,0.509,0.481
8/23/19 16:00,2902,0.390,0.502,0.508,0.481
8/23/19 17:00,2903,0.390,0.501,0.508,0.481
8/23/19 18:00,2904,0.390,0.501,0.507,0.481
8/23/19 19:00,2905,0.389,0.501,0.508,0.481
8/23/19 20:00,2906,0.389,0.501,0.507,0.481
8/23/19 21:00,2907,0.388,0.501,0.509,0.481
8/23/19 22:00,2908,0.388,0.501,0.506,0.481
8/23/19 23:00,2909,0.387,0.501,0.508,0.480
8/24/19 0:00,2910,0.387,0.501,0.507,0.480
8/24/19 1:00,2911,0.386,0.501,0.508,0.480
8/24/19 2:00,2912,0.386,0.501,0.508,0.480
8/24/19 3:00,2913,0.385,0.501,0.508,0.480
8/24/19 4:00,2914,0.385,0.501,0.508,0.480
8/24/19 5:00,2915,0.385,0.501,0.508,0.480
8/24/19 6:00,2916,0.384,0.501,0.507,0.480
8/24/19 7:00,2917,0.384,0.501,0.508,0.481
8/24/19 8:00,2918,0.384,0.501,0.507,0.480
8/24/19 9:00,2919,0.383,0.501,0.508,0.480
8/24/19 10:00,2920,0.383,0.501,0.508,0.480
8/24/19 11:00,2921,0.383,0.501,0.508,0.480
8/24/19 12:00,2922,0.383,0.501,0.506,0.480
8/24/19 13:00,2923,0.383,0.500,0.505,0.480
8/24/19 14:00,2924,0.384,0.499,0.505,0.479
8/24/19 15:00,2925,0.385,0.499,0.506,0.479
8/24/19 16:00,2926,0.385,0.498,0.505,0.479
8/24/19 17:00,2927,0.384,0.498,0.503,0.479
8/24/19 18:00,2928,0.384,0.498,0.504,0.479
8/24/19 19:00,2929,0.384,0.498,0.502,0.478
8/24/19 20:00,2930,0.383,0.498,0.503,0.478
8/24/19 21:00,2931,0.383,0.498,0.504,0.478
8/24/19 22:00,2932,0.382,0.498,0.504,0.478
8/24/19 23:00,2933,0.382,0.498,0.504,0.478
8/25/19 0:00,2934,0.381,0.498,0.504,0.478
8/25/19 1:00,2935,0.381,0.498,0.504,0.478
8/25/19 2:00,2936,0.414,0.501,0.508,0.478
8/25/19 3:00,2937,0.489,0.530,0.537,0.505
8/25/19 4:00,2938,0.489,0.531,0.544,0.508
8/25/19 5:00,2939,0.489,0.531,0.542,0.509
8/25/19 6:00,2940,0.489,0.531,0.543,0.509
8/25/19 7:00,2941,0.490,0.531,0.541,0.509
8/25/19 8:00,2942,0.490,0.531,0.544,0.509
8/25/19 9:00,2943,0.490,0.530,0.543,0.509
8/25/19 10:00,2944,0.490,0.530,0.544,0.509
8/25/19 11:00,2945,0.490,0.531,0.544,0.509
8/25/19 12:00,2946,0.490,0.530,0.543,0.510
8/25/19 13:00,2947,0.490,0.530,0.544,0.510
8/25/19 14:00,2948,0.491,0.530,0.544,0.510
8/25/19 15:00,2949,0.491,0.530,0.544,0.510
8/25/19 16:00,2950,0.491,0.530,0.545,0.510
8/25/19 17:00,2951,0.491,0.530,0.544,0.510
8/25/19 18:00,2952,0.491,0.531,0.545,0.510
8/25/19 19:00,2953,0.488,0.531,0.543,0.510
8/25/19 20:00,2954,0.488,0.531,0.544,0.510
8/25/19 21:00,2955,0.487,0.530,0.545,0.509
8/25/19 22:00,2956,0.483,0.530,0.544,0.509
8/25/19 23:00,2957,0.479,0.530,0.544,0.509
8/26/19 0:00,2958,0.476,0.527,0.544,0.509
8/26/19 1:00,2959,0.474,0.527,0.543,0.509
8/26/19 2:00,2960,0.471,0.526,0.544,0.508
8/26/19 3:00,2961,0.467,0.526,0.544,0.508
8/26/19 4:00,2962,0.456,0.526,0.539,0.509
8/26/19 5:00,2963,0.452,0.526,0.535,0.509
8/26/19 6:00,2964,0.448,0.525,0.535,0.509
8/26/19 7:00,2965,0.446,0.525,0.536,0.509
8/26/19 8:00,2966,0.444,0.522,0.535,0.509
8/26/19 9:00,2967,0.442,0.521,0.534,0.509
8/26/19 10:00,2968,0.441,0.521,0.534,0.509
8/26/19 11:00,2969,0.440,0.520,0.531,0.509
8/26/19 12:00,2970,0.440,0.520,0.532,0.509
8/26/19 13:00,2971,0.439,0.519,0.529,0.508
8/26/19 14:00,2972,0.438,0.519,0.530,0.508
8/26/19 15:00,2973,0.437,0.518,0.525,0.508
8/26/19 16:00,2974,0.436,0.518,0.524,0.504
8/26/19 17:00,2975,0.434,0.518,0.525,0.500
8/26/19 18:00,2976,0.433,0.518,0.526,0.500
8/26/19 19:00,2977,0.431,0.518,0.525,0.498
8/26/19 20:00,2978,0.430,0.518,0.527,0.499
8/26/19 21:00,2979,0.429,0.518,0.525,0.498
8/26/19 22:00,2980,0.428,0.518,0.525,0.498
8/26/19 23:00,2981,0.427,0.518,0.520,0.497
8/27/19 0:00,2982,0.426,0.518,0.524,0.497
8/27/19 1:00,2983,0.425,0.518,0.527,0.496
8/27/19 2:00,2984,0.425,0.518,0.525,0.495
8/27/19 3:00,2985,0.424,0.518,0.527,0.495
8/27/19 4:00,2986,0.423,0.518,0.523,0.496
8/27/19 5:00,2987,0.423,0.518,0.523,0.494
8/27/19 6:00,2988,0.422,0.517,0.525,0.494
8/27/19 7:00,2989,0.421,0.517,0.525,0.494
8/27/19 8:00,2990,0.421,0.517,0.523,0.493
8/27/19 9:00,2991,0.420,0.517,0.525,0.493
8/27/19 10:00,2992,0.420,0.517,0.522,0.493
8/27/19 11:00,2993,0.420,0.516,0.524,0.493
8/27/19 12:00,2994,0.420,0.516,0.525,0.492
8/27/19 13:00,2995,0.420,0.516,0.523,0.492
8/27/19 14:00,2996,0.420,0.516,0.523,0.492
8/27/19 15:00,2997,0.421,0.516,0.527,0.492
8/27/19 16:00,2998,0.422,0.515,0.524,0.492
8/27/19 17:00,2999,0.423,0.515,0.520,0.492
8/27/19 18:00,3000,0.424,0.515,0.519,0.491
8/27/19 19:00,3001,0.424,0.515,0.519,0.491
8/27/19 20:00,3002,0.424,0.515,0.519,0.491
8/27/19 21:00,3003,0.423,0.515,0.520,0.491
8/27/19 22:00,3004,0.423,0.515,0.522,0.491
8/27/19 23:00,3005,0.422,0.515,0.519,0.491
8/28/19 0:00,3006,0.421,0.515,0.519,0.491
8/28/19 1:00,3007,0.420,0.515,0.519,0.491
8/28/19 2:00,3008,0.419,0.515,0.520,0.491
8/28/19 3:00,3009,0.418,0.515,0.519,0.491
8/28/19 4:00,3010,0.418,0.515,0.520,0.491
8/28/19 5:00,3011,0.417,0.515,0.519,0.491
8/28/19 6:00,3012,0.416,0.514,0.519,0.491
8/28/19 7:00,3013,0.416,0.514,0.519,0.490
8/28/19 8:00,3014,0.415,0.514,0.519,0.490
8/28/19 9:00,3015,0.415,0.514,0.518,0.490
8/28/19 10:00,3016,0.415,0.513,0.518,0.490
8/28/19 11:00,3017,0.415,0.513,0.519,0.490
8/28/19 12:00,3018,0.416,0.512,0.518,0.490
8/28/19 13:00,3019,0.416,0.511,0.517,0.489
8/28/19 14:00,3020,0.418,0.510,0.517,0.489
8/28/19 15:00,3021,0.419,0.510,0.519,0.488
8/28/19 16:00,3022,0.419,0.510,0.516,0.488
8/28/19 17:00,3023,0.418,0.510,0.515,0.488
8/28/19 18:00,3024,0.418,0.509,0.516,0.487
8/28/19 19:00,3025,0.417,0.509,0.517,0.488
8/28/19 20:00,3026,0.416,0.509,0.516,0.488
8/28/19 21:00,3027,0.416,0.509,0.516,0.488
8/28/19 22:00,3028,0.415,0.510,0.514,0.488
8/28/19 23:00,3029,0.414,0.510,0.515,0.488
8/29/19 0:00,3030,0.414,0.510,0.516,0.488
8/29/19 1:00,3031,0.413,0.510,0.515,0.487
8/29/19 2:00,3032,0.413,0.510,0.516,0.487
8/29/19 3:00,3033,0.412,0.510,0.517,0.487
8/29/19 4:00,3034,0.412,0.510,0.515,0.487
8/29/19 5:00,3035,0.412,0.510,0.515,0.487
8/29/19 6:00,3036,0.411,0.510,0.515,0.487
8/29/19 7:00,3037,0.411,0.509,0.515,0.487
8/29/19 8:00,3038,0.411,0.510,0.515,0.487
8/29/19 9:00,3039,0.411,0.510,0.514,0.487
8/29/19 10:00,3040,0.411,0.509,0.514,0.487
8/29/19 11:00,3041,0.411,0.509,0.514,0.487
8/29/19 12:00,3042,0.412,0.509,0.513,0.486
8/29/19 13:00,3043,0.413,0.508,0.515,0.486
8/29/19 14:00,3044,0.414,0.507,0.513,0.486
8/29/19 15:00,3045,0.415,0.507,0.513,0.485
8/29/19 16:00,3046,0.415,0.506,0.513,0.485
8/29/19 17:00,3047,0.415,0.506,0.512,0.485
8/29/19 18:00,3048,0.414,0.506,0.513,0.485
8/29/19 19:00,3049,0.414,0.506,0.511,0.484
8/29/19 20:00,3050,0.413,0.506,0.512,0.484
8/29/19 21:00,3051,0.413,0.506,0.513,0.484
8/29/19 22:00,3052,0.412,0.506,0.511,0.484
8/29/19 23:00,3053,0.412,0.506,0.512,0.485
8/30/19 0:00,3054,0.412,0.507,0.512,0.484
8/30/19 1:00,3055,0.452,0.507,0.513,0.484
8/30/19 2:00,3056,0.467,0.509,0.513,0.484
8/30/19 3:00,3057,0.463,0.514,0.512,0.484
8/30/19 4:00,3058,0.457,0.516,0.513,0.484
8/30/19 5:00,3059,0.453,0.517,0.513,0.484
8/30/19 6:00,3060,0.450,0.517,0.512,0.484
8/30/19 7:00,3061,0.445,0.517,0.513,0.484
8/30/19 8:00,3062,0.442,0.517,0.512,0.484
8/30/19 9:00,3063,0.440,0.516,0.512,0.484
8/30/19 10:00,3064,0.439,0.516,0.512,0.484
8/30/19 11:00,3065,0.438,0.516,0.513,0.485
8/30/19 12:00,3066,0.437,0.515,0.513,0.484
8/30/19 13:00,3067,0.436,0.515,0.514,0.484
8/30/19 14:00,3068,0.436,0.515,0.514,0.484
8/30/19 15:00,3069,0.435,0.514,0.513,0.484
8/30/19 16:00,3070,0.433,0.514,0.513,0.483
8/30/19 17:00,3071,0.432,0.513,0.513,0.483
8/30/19 18:00,3072,0.430,0.513,0.512,0.484
8/30/19 19:00,3073,0.429,0.513,0.512,0.483
8/30/19 20:00,3074,0.428,0.513,0.513,0.484
8/30/19 21:00,3075,0.426,0.514,0.513,0.484
8/30/19 22:00,3076,0.425,0.514,0.513,0.484
8/30/19 23:00,3077,0.424,0.514,0.511,0.484
8/31/19 0:00,3078,0.423,0.514,0.512,0.483
8/31/19 1:00,3079,0.423,0.514,0.513,0.484
8/31/19 2:00,3080,0.422,0.514,0.514,0.484
8/31/19 3:00,3081,0.421,0.514,0.514,0.483
8/31/19 4:00,3082,0.420,0.513,0.515,0.484
8/31/19 5:00,3083,0.420,0.513,0.515,0.483
8/31/19 6:00,3084,0.419,0.513,0.514,0.483
8/31/19 7:00,3085,0.419,0.513,0.514,0.483
8/31/19 8:00,3086,0.418,0.513,0.514,0.483
8/31/19 9:00,3087,0.418,0.513,0.514,0.483
8/31/19 10:00,3088,0.418,0.513,0.514,0.483
8/31/19 11:00,3089,0.418,0.512,0.514,0.483
8/31/19 12:00,3090,0.418,0.512,0.513,0.483
8/31/19 13:00,3091,0.418,0.512,0.515,0.483
8/31/19 14:00,3092,0.418,0.512,0.512,0.483
8/31/19 15:00,3093,0.418,0.512,0.513,0.483
8/31/19 16:00,3094,0.418,0.511,0.513,0.483
8/31/19 17:00,3095,0.418,0.511,0.513,0.483
8/31/19 18:00,3096,0.418,0.510,0.513,0.483
8/31/19 19:00,3097,0.418,0.510,0.514,0.483
8/31/19 20:00,3098,0.418,0.510,0.511,0.483
8/31/19 21:00,3099,0.417,0.510,0.512,0.483
8/31/19 22:00,3100,0.416,0.510,0.512,0.483
8/31/19 23:00,3101,0.416,0.510,0.513,0.483
9/1/19 0:00,3102,0.415,0.510,0.511,0.483
9/1/19 1:00,3103,0.415,0.510,0.511,0.483
9/1/19 2:00,3104,0.414,0.510,0.512,0.483
9/1/19 3:00,3105,0.414,0.510,0.511,0.483
9/1/19 4:00,3106,0.414,0.510,0.512,0.483
9/1/19 5:00,3107,0.414,0.510,0.513,0.483
9/1/19 6:00,3108,0.413,0.510,0.511,0.483
9/1/19 7:00,3109,0.412,0.510,0.512,0.483
9/1/19 8:00,3110,0.412,0.509,0.513,0.483
9/1/19 9:00,3111,0.412,0.509,0.513,0.483
9/1/19 10:00,3112,0.412,0.509,0.512,0.483
9/1/19 11:00,3113,0.412,0.509,0.511,0.483
9/1/19 12:00,3114,0.413,0.509,0.512,0.483
9/1/19 13:00,3115,0.414,0.508,0.511,0.482
9/1/19 14:00,3116,0.416,0.508,0.511,0.483
9/1/19 15:00,3117,0.417,0.507,0.511,0.482
9/1/19 16:00,3118,0.417,0.507,0.509,0.482
9/1/19 17:00,3119,0.417,0.507,0.509,0.482
9/1/19 18:00,3120,0.416,0.507,0.508,0.482
9/1/19 19:00,3121,0.416,0.507,0.509,0.481
9/1/19 20:00,3122,0.415,0.507,0.510,0.481
9/1/19 21:00,3123,0.414,0.507,0.508,0.481
9/1/19 22:00,3124,0.414,0.507,0.509,0.481
9/1/19 23:00,3125,0.413,0.508,0.510,0.481
9/2/19 0:00,3126,0.413,0.508,0.509,0.481
9/2/19 1:00,3127,0.412,0.508,0.509,0.481
9/2/19 2:00,3128,0.412,0.508,0.508,0.481
9/2/19 3:00,3129,0.412,0.508,0.509,0.481
9/2/19 4:00,3130,0.411,0.508,0.509,0.481
9/2/19 5:00,3131,0.411,0.508,0.510,0.481
9/2/19 6:00,3132,0.411,0.508,0.509,0.481
9/2/19 7:00,3133,0.411,0.508,0.510,0.481
9/2/19 8:00,3134,0.410,0.508,0.510,0.481
9/2/19 9:00,3135,0.410,0.508,0.510,0.481
9/2/19 10:00,3136,0.409,0.508,0.508,0.481
9/2/19 11:00,3137,0.410,0.507,0.508,0.481
9/2/19 12:00,3138,0.411,0.507,0.509,0.481
9/2/19 13:00,3139,0.411,0.506,0.509,0.481
9/2/19 14:00,3140,0.413,0.506,0.507,0.480
9/2/19 15:00,3141,0.414,0.506,0.507,0.480
9/2/19 16:00,3142,0.414,0.505,0.507,0.480
9/2/19 17:00,3143,0.414,0.505,0.506,0.480
9/2/19 18:00,3144,0.413,0.506,0.507,0.479
9/2/19 19:00,3145,0.412,0.505,0.507,0.479
9/2/19 20:00,3146,0.412,0.506,0.506,0.479
9/2/19 21:00,3147,0.411,0.506,0.506,0.479
9/2/19 22:00,3148,0.410,0.506,0.505,0.479
9/2/19 23:00,3149,0.410,0.506,0.505,0.479
9/3/19 0:00,3150,0.409,0.506,0.508,0.479
9/3/19 1:00,3151,0.408,0.506,0.507,0.479
9/3/19 2:00,3152,0.408,0.506,0.507,0.479
9/3/19 3:00,3153,0.408,0.506,0.507,0.479
9/3/19 4:00,3154,0.407,0.506,0.508,0.479
9/3/19 5:00,3155,0.406,0.506,0.508,0.480
9/3/19 6:00,3156,0.406,0.506,0.506,0.479
9/3/19 7:00,3157,0.405,0.506,0.506,0.479
9/3/19 8:00,3158,0.405,0.506,0.506,0.479
9/3/19 9:00,3159,0.405,0.505,0.507,0.479
9/3/19 10:00,3160,0.405,0.505,0.506,0.479
9/3/19 11:00,3161,0.405,0.505,0.505,0.479
9/3/19 12:00,3162,0.405,0.505,0.505,0.479
9/3/19 13:00,3163,0.405,0.504,0.505,0.478
9/3/19 14:00,3164,0.408,0.504,0.505,0.478
9/3/19 15:00,3165,0.409,0.504,0.505,0.478
9/3/19 16:00,3166,0.409,0.504,0.504,0.478
9/3/19 17:00,3167,0.408,0.504,0.504,0.478
9/3/19 18:00,3168,0.408,0.504,0.503,0.477
9/3/19 19:00,3169,0.408,0.504,0.503,0.477
9/3/19 20:00,3170,0.407,0.503,0.504,0.477
9/3/19 21:00,3171,0.406,0.503,0.503,0.477
9/3/19 22:00,3172,0.405,0.503,0.504,0.477
9/3/19 23:00,3173,0.405,0.503,0.505,0.477
9/4/19 0:00,3174,0.404,0.504,0.503,0.477
9/4/19 1:00,3175,0.403,0.504,0.504,0.477
9/4/19 2:00,3176,0.402,0.504,0.504,0.477
9/4/19 3:00,3177,0.402,0.504,0.506,0.477
9/4/19 4:00,3178,0.402,0.504,0.505,0.477
9/4/19 5:00,3179,0.401,0.503,0.503,0.477
9/4/19 6:00,3180,0.400,0.503,0.507,0.477
9/4/19 7:00,3181,0.400,0.503,0.505,0.477
9/4/19 8:00,3182,0.400,0.503,0.507,0.477
9/4/19 9:00,3183,0.400,0.503,0.506,0.477
9/4/19 10:00,3184,0.399,0.504,0.505,0.477
9/4/19 11:00,3185,0.399,0.503,0.504,0.477
9/4/19 12:00,3186,0.399,0.503,0.504,0.477
9/4/19 13:00,3187,0.400,0.503,0.503,0.477
9/4/19 14:00,3188,0.402,0.502,0.503,0.476
9/4/19 15:00,3189,0.403,0.501,0.502,0.476
9/4/19 16:00,3190,0.403,0.501,0.502,0.476
9/4/19 17:00,3191,0.403,0.501,0.503,0.476
9/4/19 18:00,3192,0.402,0.501,0.503,0.475
9/4/19 19:00,3193,0.402,0.500,0.501,0.475
9/4/19 20:00,3194,0.401,0.501,0.502,0.475
9/4/19 21:00,3195,0.400,0.501,0.502,0.475
9/4/19 22:00,3196,0.400,0.501,0.503,0.475
9/4/19 23:00,3197,0.399,0.501,0.503,0.475
9/5/19 0:00,3198,0.399,0.501,0.502,0.475
9/5/19 1:00,3199,0.398,0.501,0.501,0.475
9/5/19 2:00,3200,0.397,0.501,0.501,0.475
9/5/19 3:00,3201,0.397,0.501,0.502,0.475
9/5/19 4:00,3202,0.396,0.501,0.501,0.475
9/5/19 5:00,3203,0.396,0.501,0.500,0.475
9/5/19 6:00,3204,0.395,0.501,0.502,0.475
9/5/19 7:00,3205,0.394,0.501,0.503,0.475
9/5/19 8:00,3206,0.394,0.501,0.502,0.476
9/5/19 9:00,3207,0.394,0.500,0.503,0.475
9/5/19 10:00,3208,0.394,0.500,0.501,0.475
9/5/19 11:00,3209,0.394,0.500,0.502,0.475
9/5/19 12:00,3210,0.394,0.500,0.501,0.475
9/5/19 13:00,3211,0.395,0.499,0.500,0.475
9/5/19 14:00,3212,0.397,0.499,0.500,0.475
9/5/19 15:00,3213,0.399,0.498,0.500,0.474
9/5/19 16:00,3214,0.399,0.498,0.500,0.474
9/5/19 17:00,3215,0.398,0.497,0.498,0.474
9/5/19 18:00,3216,0.398,0.497,0.498,0.473
9/5/19 19:00,3217,0.397,0.497,0.497,0.473
9/5/19 20:00,3218,0.397,0.497,0.498,0.473
9/5/19 21:00,3219,0.396,0.497,0.497,0.473
9/5/19 22:00,3220,0.395,0.497,0.499,0.473
9/5/19 23:00,3221,0.394,0.497,0.498,0.473
9/6/19 0:00,3222,0.394,0.498,0.499,0.473
9/6/19 1:00,3223,0.393,0.497,0.499,0.473
9/6/19 2:00,3224,0.392,0.497,0.499,0.473
9/6/19 3:00,3225,0.391,0.497,0.499,0.473
9/6/19 4:00,3226,0.391,0.497,0.500,0.473
9/6/19 5:00,3227,0.390,0.496,0.499,0.473
9/6/19 6:00,3228,0.389,0.497,0.500,0.473
9/6/19 7:00,3229,0.389,0.496,0.500,0.473
9/6/19 8:00,3230,0.388,0.496,0.501,0.473
9/6/19 9:00,3231,0.388,0.496,0.500,0.473
9/6/19 10:00,3232,0.387,0.496,0.500,0.473
9/6/19 11:00,3233,0.388,0.496,0.499,0.473
9/6/19 12:00,3234,0.388,0.496,0.499,0.473
9/6/19 13:00,3235,0.390,0.495,0.499,0.473
9/6/19 14:00,3236,0.392,0.494,0.496,0.472
9/6/19 15:00,3237,0.394,0.493,0.497,0.472
9/6/19 16:00,3238,0.394,0.493,0.497,0.472
9/6/19 17:00,3239,0.394,0.493,0.495,0.472
9/6/19 18:00,3240,0.394,0.493,0.494,0.471
9/6/19 19:00,3241,0.393,0.493,0.496,0.471
9/6/19 20:00,3242,0.392,0.493,0.494,0.472
9/6/19 21:00,3243,0.391,0.493,0.495,0.471
9/6/19 22:00,3244,0.391,0.493,0.495,0.471
9/6/19 23:00,3245,0.390,0.492,0.495,0.471
9/7/19 0:00,3246,0.389,0.492,0.497,0.471
9/7/19 1:00,3247,0.388,0.492,0.497,0.471
9/7/19 2:00,3248,0.388,0.493,0.497,0.472
9/7/19 3:00,3249,0.387,0.493,0.497,0.471
9/7/19 4:00,3250,0.386,0.492,0.496,0.471
9/7/19 5:00,3251,0.386,0.493,0.497,0.471
9/7/19 6:00,3252,0.385,0.493,0.495,0.472
9/7/19 7:00,3253,0.385,0.492,0.496,0.471
9/7/19 8:00,3254,0.384,0.493,0.496,0.471
9/7/19 9:00,3255,0.384,0.492,0.497,0.471
9/7/19 10:00,3256,0.384,0.492,0.497,0.471
9/7/19 11:00,3257,0.384,0.491,0.495,0.471
9/7/19 12:00,3258,0.384,0.491,0.495,0.471
9/7/19 13:00,3259,0.386,0.490,0.495,0.470
9/7/19 14:00,3260,0.389,0.490,0.495,0.470
9/7/19 15:00,3261,0.390,0.489,0.494,0.470
9/7/19 16:00,3262,0.391,0.489,0.492,0.470
9/7/19 17:00,3263,0.391,0.488,0.492,0.469
9/7/19 18:00,3264,0.391,0.488,0.491,0.469
9/7/19 19:00,3265,0.390,0.488,0.492,0.469
9/7/19 20:00,3266,0.390,0.488,0.491,0.469
9/7/19 21:00,3267,0.389,0.488,0.493,0.469
9/7/19 22:00,3268,0.388,0.488,0.493,0.469
9/7/19 23:00,3269,0.388,0.488,0.492,0.469
9/8/19 0:00,3270,0.387,0.488,0.492,0.469
9/8/19 1:00,3271,0.387,0.488,0.493,0.469
9/8/19 2:00,3272,0.386,0.488,0.493,0.469
9/8/19 3:00,3273,0.385,0.488,0.491,0.469
9/8/19 4:00,3274,0.385,0.488,0.492,0.468
9/8/19 5:00,3275,0.385,0.488,0.493,0.468
9/8/19 6:00,3276,0.384,0.488,0.492,0.468
9/8/19 7:00,3277,0.384,0.488,0.493,0.468
9/8/19 8:00,3278,0.384,0.488,0.493,0.468
9/8/19 9:00,3279,0.383,0.488,0.492,0.468
9/8/19 10:00,3280,0.383,0.488,0.492,0.469
9/8/19 11:00,3281,0.383,0.487,0.492,0.468
9/8/19 12:00,3282,0.384,0.488,0.492,0.468
9/8/19 13:00,3283,0.384,0.487,0.494,0.468
9/8/19 14:00,3284,0.385,0.487,0.492,0.469
9/8/19 15:00,3285,0.386,0.487,0.492,0.468
9/8/19 16:00,3286,0.386,0.487,0.492,0.468
9/8/19 17:00,3287,0.386,0.487,0.491,0.468
9/8/19 18:00,3288,0.386,0.486,0.492,0.468
9/8/19 19:00,3289,0.386,0.487,0.491,0.468
9/8/19 20:00,3290,0.387,0.487,0.492,0.468
9/8/19 21:00,3291,0.387,0.487,0.490,0.468
9/8/19 22:00,3292,0.386,0.486,0.492,0.468
9/8/19 23:00,3293,0.386,0.486,0.493,0.468
9/9/19 0:00,3294,0.386,0.486,0.492,0.468
9/9/19 1:00,3295,0.386,0.486,0.493,0.468
9/9/19 2:00,3296,0.385,0.486,0.492,0.468
9/9/19 3:00,3297,0.385,0.487,0.493,0.467
9/9/19 4:00,3298,0.385,0.487,0.493,0.467
9/9/19 5:00,3299,0.385,0.487,0.492,0.467
9/9/19 6:00,3300,0.384,0.486,0.492,0.467
9/9/19 7:00,3301,0.384,0.486,0.493,0.467
9/9/19 8:00,3302,0.384,0.486,0.492,0.467
9/9/19 9:00,3303,0.384,0.486,0.493,0.467
9/9/19 10:00,3304,0.383,0.486,0.491,0.467
9/9/19 11:00,3305,0.384,0.485,0.492,0.467
9/9/19 12:00,3306,0.384,0.486,0.491,0.467
9/9/19 13:00,3307,0.386,0.485,0.491,0.467
9/9/19 14:00,3308,0.386,0.484,0.490,0.467
9/9/19 15:00,3309,0.386,0.485,0.491,0.467
9/9/19 16:00,3310,0.387,0.484,0.489,0.466
9/9/19 17:00,3311,0.387,0.484,0.490,0.467
9/9/19 18:00,3312,0.388,0.484,0.490,0.467
9/9/19 19:00,3313,0.388,0.484,0.490,0.466
9/9/19 20:00,3314,0.387,0.484,0.490,0.466
9/9/19 21:00,3315,0.387,0.484,0.488,0.466
9/9/19 22:00,3316,0.386,0.484,0.487,0.466
9/9/19 23:00,3317,0.386,0.484,0.489,0.466
9/10/19 0:00,3318,0.385,0.484,0.488,0.467
9/10/19 1:00,3319,0.385,0.484,0.489,0.466
9/10/19 2:00,3320,0.385,0.484,0.490,0.466
9/10/19 3:00,3321,0.384,0.483,0.489,0.466
9/10/19 4:00,3322,0.384,0.483,0.489,0.466
9/10/19 5:00,3323,0.384,0.483,0.488,0.466
9/10/19 6:00,3324,0.384,0.483,0.489,0.466
9/10/19 7:00,3325,0.384,0.483,0.488,0.466
9/10/19 8:00,3326,0.384,0.483,0.489,0.466
9/10/19 9:00,3327,0.383,0.483,0.489,0.466
9/10/19 10:00,3328,0.384,0.483,0.489,0.466
9/10/19 11:00,3329,0.384,0.483,0.488,0.466
9/10/19 12:00,3330,0.384,0.482,0.487,0.466
9/10/19 13:00,3331,0.385,0.482,0.488,0.465
9/10/19 14:00,3332,0.388,0.482,0.487,0.465
9/10/19 15:00,3333,0.389,0.481,0.485,0.465
9/10/19 16:00,3334,0.389,0.481,0.486,0.464
9/10/19 17:00,3335,0.389,0.481,0.485,0.465
9/10/19 18:00,3336,0.389,0.481,0.485,0.464
9/10/19 19:00,3337,0.389,0.481,0.486,0.464
9/10/19 20:00,3338,0.388,0.481,0.485,0.464
9/10/19 21:00,3339,0.388,0.481,0.485,0.464
9/10/19 22:00,3340,0.387,0.481,0.486,0.464
9/10/19 23:00,3341,0.387,0.482,0.487,0.464
9/11/19 0:00,3342,0.386,0.482,0.485,0.464
9/11/19 1:00,3343,0.386,0.482,0.486,0.464
9/11/19 2:00,3344,0.385,0.482,0.486,0.464
9/11/19 3:00,3345,0.385,0.482,0.486,0.464
9/11/19 4:00,3346,0.385,0.481,0.486,0.464
9/11/19 5:00,3347,0.384,0.481,0.487,0.464
9/11/19 6:00,3348,0.384,0.481,0.487,0.464
9/11/19 7:00,3349,0.383,0.481,0.486,0.464
9/11/19 8:00,3350,0.383,0.481,0.484,0.464
9/11/19 9:00,3351,0.383,0.481,0.486,0.464
9/11/19 10:00,3352,0.383,0.481,0.486,0.464
9/11/19 11:00,3353,0.383,0.480,0.484,0.464
9/11/19 12:00,3354,0.384,0.480,0.485,0.463
9/11/19 13:00,3355,0.385,0.479,0.483,0.463
9/11/19 14:00,3356,0.388,0.479,0.484,0.464
9/11/19 15:00,3357,0.390,0.478,0.482,0.463
9/11/19 16:00,3358,0.390,0.478,0.482,0.463
9/11/19 17:00,3359,0.390,0.478,0.481,0.463
9/11/19 18:00,3360,0.389,0.478,0.481,0.462
9/11/19 19:00,3361,0.389,0.478,0.481,0.462
9/11/19 20:00,3362,0.388,0.478,0.481,0.462
9/11/19 21:00,3363,0.388,0.478,0.481,0.462
9/11/19 22:00,3364,0.387,0.477,0.480,0.462
9/11/19 23:00,3365,0.386,0.477,0.481,0.462
9/12/19 0:00,3366,0.386,0.477,0.481,0.462
9/12/19 1:00,3367,0.385,0.477,0.480,0.462
9/12/19 2:00,3368,0.385,0.477,0.480,0.462
9/12/19 3:00,3369,0.384,0.477,0.481,0.462
9/12/19 4:00,3370,0.384,0.477,0.480,0.462
9/12/19 5:00,3371,0.384,0.477,0.481,0.462
9/12/19 6:00,3372,0.383,0.477,0.482,0.462
9/12/19 7:00,3373,0.383,0.477,0.481,0.462
9/12/19 8:00,3374,0.383,0.477,0.481,0.462
9/12/19 9:00,3375,0.383,0.477,0.480,0.462
9/12/19 10:00,3376,0.384,0.477,0.480,0.462
9/12/19 11:00,3377,0.385,0.477,0.481,0.462
9/12/19 12:00,3378,0.386,0.477,0.481,0.461
9/12/19 13:00,3379,0.387,0.476,0.480,0.462
9/12/19 14:00,3380,0.388,0.476,0.481,0.462
9/12/19 15:00,3381,0.389,0.476,0.481,0.462
9/12/19 16:00,3382,0.390,0.476,0.481,0.462
9/12/19 17:00,3383,0.390,0.476,0.480,0.461
9/12/19 18:00,3384,0.390,0.476,0.480,0.461
9/12/19 19:00,3385,0.390,0.476,0.480,0.461
9/12/19 20:00,3386,0.390,0.476,0.480,0.461
9/12/19 21:00,3387,0.389,0.476,0.479,0.461
9/12/19 22:00,3388,0.389,0.476,0.481,0.461
9/12/19 23:00,3389,0.388,0.476,0.481,0.461
9/13/19 0:00,3390,0.387,0.476,0.480,0.461
9/13/19 1:00,3391,0.387,0.476,0.481,0.462
9/13/19 2:00,3392,0.386,0.475,0.480,0.461
9/13/19 3:00,3393,0.385,0.475,0.481,0.461
9/13/19 4:00,3394,0.385,0.475,0.481,0.461
9/13/19 5:00,3395,0.384,0.475,0.481,0.461
9/13/19 6:00,3396,0.384,0.475,0.480,0.462
9/13/19 7:00,3397,0.383,0.474,0.479,0.461
9/13/19 8:00,3398,0.383,0.474,0.481,0.461
9/13/19 9:00,3399,0.382,0.474,0.480,0.461
9/13/19 10:00,3400,0.382,0.474,0.480,0.461
9/13/19 11:00,3401,0.382,0.473,0.480,0.462
9/13/19 12:00,3402,0.383,0.473,0.480,0.461
9/13/19 13:00,3403,0.384,0.473,0.478,0.461
9/13/19 14:00,3404,0.387,0.472,0.478,0.461
9/13/19 15:00,3405,0.389,0.471,0.479,0.461
9/13/19 16:00,3406,0.389,0.471,0.477,0.461
9/13/19 17:00,3407,0.390,0.471,0.477,0.460
9/13/19 18:00,3408,0.389,0.470,0.476,0.460
9/13/19 19:00,3409,0.389,0.470,0.476,0.460
9/13/19 20:00,3410,0.388,0.470,0.476,0.460
9/13/19 21:00,3411,0.387,0.470,0.477,0.460
9/13/19 22:00,3412,0.387,0.470,0.476,0.460
9/13/19 23:00,3413,0.386,0.470,0.476,0.461
9/14/19 0:00,3414,0.386,0.470,0.477,0.460
9/14/19 1:00,3415,0.385,0.470,0.476,0.460
9/14/19 2:00,3416,0.385,0.470,0.477,0.460
9/14/19 3:00,3417,0.384,0.470,0.476,0.460
9/14/19 4:00,3418,0.384,0.470,0.477,0.460
9/14/19 5:00,3419,0.383,0.470,0.476,0.460
9/14/19 6:00,3420,0.383,0.470,0.477,0.460
9/14/19 7:00,3421,0.383,0.469,0.476,0.460
9/14/19 8:00,3422,0.383,0.469,0.477,0.460
9/14/19 9:00,3423,0.382,0.469,0.478,0.460
9/14/19 10:00,3424,0.383,0.469,0.477,0.460
9/14/19 11:00,3425,0.383,0.469,0.476,0.459
9/14/19 12:00,3426,0.384,0.468,0.477,0.459
9/14/19 13:00,3427,0.386,0.468,0.475,0.460
9/14/19 14:00,3428,0.389,0.467,0.475,0.459
9/14/19 15:00,3429,0.391,0.467,0.475,0.459
9/14/19 16:00,3430,0.391,0.466,0.474,0.459
9/14/19 17:00,3431,0.391,0.466,0.473,0.459
9/14/19 18:00,3432,0.391,0.466,0.472,0.458
9/14/19 19:00,3433,0.391,0.466,0.473,0.459
9/14/19 20:00,3434,0.390,0.466,0.472,0.459
9/14/19 21:00,3435,0.390,0.467,0.472,0.459
9/14/19 22:00,3436,0.389,0.466,0.473,0.458
9/14/19 23:00,3437,0.388,0.466,0.472,0.458
9/15/19 0:00,3438,0.388,0.466,0.472,0.458
9/15/19 1:00,3439,0.388,0.466,0.472,0.458
9/15/19 2:00,3440,0.387,0.466,0.473,0.458
9/15/19 3:00,3441,0.387,0.466,0.472,0.458
9/15/19 4:00,3442,0.386,0.466,0.472,0.458
9/15/19 5:00,3443,0.386,0.466,0.473,0.458
9/15/19 6:00,3444,0.386,0.466,0.472,0.458
9/15/19 7:00,3445,0.385,0.466,0.473,0.459
9/15/19 8:00,3446,0.385,0.466,0.472,0.459
9/15/19 9:00,3447,0.385,0.466,0.472,0.458
9/15/19 10:00,3448,0.385,0.466,0.473,0.459
9/15/19 11:00,3449,0.385,0.466,0.471,0.458
9/15/19 12:00,3450,0.386,0.465,0.471,0.457
9/15/19 13:00,3451,0.387,0.465,0.472,0.458
9/15/19 14:00,3452,0.390,0.464,0.469,0.458
9/15/19 15:00,3453,0.392,0.463,0.470,0.457
9/15/19 16:00,3454,0.393,0.463,0.470,0.457
9/15/19 17:00,3455,0.393,0.463,0.470,0.457
9/15/19 18:00,3456,0.392,0.463,0.469,0.457
9/15/19 19:00,3457,0.392,0.463,0.468,0.457
9/15/19 20:00,3458,0.391,0.463,0.469,0.457
9/15/19 21:00,3459,0.391,0.463,0.469,0.457
9/15/19 22:00,3460,0.390,0.463,0.468,0.457
9/15/19 23:00,3461,0.389,0.463,0.470,0.457
9/16/19 0:00,3462,0.388,0.463,0.470,0.457
9/16/19 1:00,3463,0.388,0.463,0.469,0.457
9/16/19 2:00,3464,0.387,0.463,0.468,0.457
9/16/19 3:00,3465,0.387,0.463,0.469,0.457
9/16/19 4:00,3466,0.386,0.463,0.470,0.457
9/16/19 5:00,3467,0.386,0.462,0.470,0.457
9/16/19 6:00,3468,0.385,0.463,0.469,0.457
9/16/19 7:00,3469,0.385,0.463,0.470,0.457
9/16/19 8:00,3470,0.384,0.463,0.470,0.457
9/16/19 9:00,3471,0.384,0.462,0.470,0.457
9/16/19 10:00,3472,0.384,0.463,0.470,0.457
9/16/19 11:00,3473,0.384,0.462,0.469,0.457
9/16/19 12:00,3474,0.385,0.461,0.470,0.457
9/16/19 13:00,3475,0.386,0.461,0.469,0.457
9/16/19 14:00,3476,0.389,0.461,0.469,0.457
9/16/19 15:00,3477,0.391,0.460,0.468,0.457
9/16/19 16:00,3478,0.391,0.460,0.468,0.456
9/16/19 17:00,3479,0.391,0.459,0.468,0.456
9/16/19 18:00,3480,0.391,0.459,0.467,0.456
9/16/19 19:00,3481,0.391,0.459,0.467,0.456
9/16/19 20:00,3482,0.390,0.459,0.468,0.456
9/16/19 21:00,3483,0.389,0.459,0.468,0.456
9/16/19 22:00,3484,0.389,0.460,0.467,0.457
9/16/19 23:00,3485,0.388,0.459,0.467,0.457
9/17/19 0:00,3486,0.387,0.459,0.468,0.457
9/17/19 1:00,3487,0.387,0.459,0.467,0.457
9/17/19 2:00,3488,0.386,0.459,0.467,0.456
9/17/19 3:00,3489,0.386,0.459,0.467,0.456
9/17/19 4:00,3490,0.386,0.459,0.468,0.456
9/17/19 5:00,3491,0.385,0.459,0.468,0.456
9/17/19 6:00,3492,0.385,0.460,0.468,0.457
9/17/19 7:00,3493,0.384,0.459,0.468,0.456
9/17/19 8:00,3494,0.384,0.459,0.469,0.456
9/17/19 9:00,3495,0.383,0.459,0.469,0.456
9/17/19 10:00,3496,0.383,0.459,0.468,0.456
9/17/19 11:00,3497,0.383,0.459,0.467,0.456
9/17/19 12:00,3498,0.384,0.458,0.467,0.456
9/17/19 13:00,3499,0.385,0.458,0.467,0.456
9/17/19 14:00,3500,0.388,0.457,0.467,0.456
9/17/19 15:00,3501,0.390,0.457,0.466,0.456
9/17/19 16:00,3502,0.390,0.457,0.466,0.456
9/17/19 17:00,3503,0.390,0.456,0.467,0.456
9/17/19 18:00,3504,0.390,0.456,0.467,0.456
9/17/19 19:00,3505,0.389,0.456,0.467,0.456
9/17/19 20:00,3506,0.389,0.456,0.466,0.456
9/17/19 21:00,3507,0.388,0.456,0.467,0.456
9/17/19 22:00,3508,0.387,0.456,0.466,0.456
9/17/19 23:00,3509,0.387,0.456,0.467,0.456
9/18/19 0:00,3510,0.386,0.456,0.466,0.456
9/18/19 1:00,3511,0.385,0.456,0.467,0.456
9/18/19 2:00,3512,0.385,0.456,0.466,0.456
9/18/19 3:00,3513,0.384,0.456,0.467,0.456
9/18/19 4:00,3514,0.384,0.456,0.467,0.456
9/18/19 5:00,3515,0.383,0.456,0.467,0.456
9/18/19 6:00,3516,0.383,0.456,0.466,0.456
9/18/19 7:00,3517,0.383,0.456,0.467,0.456
9/18/19 8:00,3518,0.382,0.456,0.467,0.456
9/18/19 9:00,3519,0.382,0.456,0.467,0.456
9/18/19 10:00,3520,0.382,0.456,0.467,0.456
9/18/19 11:00,3521,0.382,0.455,0.468,0.456
9/18/19 12:00,3522,0.383,0.455,0.467,0.456
9/18/19 13:00,3523,0.384,0.454,0.466,0.456
9/18/19 14:00,3524,0.387,0.454,0.467,0.456
9/18/19 15:00,3525,0.389,0.454,0.466,0.456
9/18/19 16:00,3526,0.389,0.453,0.466,0.456
9/18/19 17:00,3527,0.389,0.453,0.466,0.456
9/18/19 18:00,3528,0.389,0.453,0.465,0.455
9/18/19 19:00,3529,0.389,0.453,0.465,0.455
9/18/19 20:00,3530,0.388,0.453,0.465,0.455
9/18/19 21:00,3531,0.387,0.453,0.466,0.455
9/18/19 22:00,3532,0.386,0.453,0.465,0.455
9/18/19 23:00,3533,0.386,0.454,0.466,0.455
9/19/19 0:00,3534,0.385,0.454,0.466,0.456
9/19/19 1:00,3535,0.385,0.454,0.466,0.456
9/19/19 2:00,3536,0.384,0.454,0.466,0.455
9/19/19 3:00,3537,0.383,0.454,0.465,0.455
9/19/19 4:00,3538,0.383,0.453,0.464,0.455
9/19/19 5:00,3539,0.382,0.453,0.465,0.455
9/19/19 6:00,3540,0.382,0.453,0.465,0.455
9/19/19 7:00,3541,0.381,0.453,0.465,0.456
9/19/19 8:00,3542,0.381,0.453,0.465,0.456
9/19/19 9:00,3543,0.381,0.453,0.465,0.456
9/19/19 10:00,3544,0.381,0.453,0.465,0.456
9/19/19 11:00,3545,0.380,0.453,0.465,0.456
9/19/19 12:00,3546,0.381,0.452,0.465,0.455
9/19/19 13:00,3547,0.383,0.452,0.464,0.455
9/19/19 14:00,3548,0.386,0.452,0.464,0.455
9/19/19 15:00,3549,0.388,0.451,0.464,0.455
9/19/19 16:00,3550,0.388,0.451,0.464,0.455
9/19/19 17:00,3551,0.388,0.451,0.464,0.456
9/19/19 18:00,3552,0.388,0.451,0.464,0.455
9/19/19 19:00,3553,0.387,0.451,0.464,0.456
9/19/19 20:00,3554,0.386,0.451,0.464,0.456
9/19/19 21:00,3555,0.386,0.451,0.464,0.455
9/19/19 22:00,3556,0.385,0.451,0.464,0.455
9/19/19 23:00,3557,0.384,0.452,0.464,0.456
9/20/19 0:00,3558,0.383,0.452,0.464,0.455
9/20/19 1:00,3559,0.383,0.452,0.464,0.455
9/20/19 2:00,3560,0.382,0.452,0.464,0.455
9/20/19 3:00,3561,0.382,0.452,0.464,0.456
9/20/19 4:00,3562,0.381,0.452,0.464,0.455
9/20/19 5:00,3563,0.381,0.452,0.465,0.455
9/20/19 6:00,3564,0.380,0.451,0.465,0.455
9/20/19 7:00,3565,0.380,0.451,0.465,0.455
9/20/19 8:00,3566,0.379,0.451,0.465,0.455
9/20/19 9:00,3567,0.379,0.452,0.465,0.455
9/20/19 10:00,3568,0.378,0.451,0.465,0.455
9/20/19 11:00,3569,0.378,0.451,0.465,0.455
9/20/19 12:00,3570,0.378,0.451,0.465,0.455
9/20/19 13:00,3571,0.378,0.451,0.465,0.455
9/20/19 14:00,3572,0.379,0.451,0.465,0.456
9/20/19 15:00,3573,0.379,0.450,0.465,0.456
9/20/19 16:00,3574,0.379,0.450,0.465,0.455
9/20/19 17:00,3575,0.380,0.451,0.465,0.456
9/20/19 18:00,3576,0.380,0.451,0.465,0.455
9/20/19 19:00,3577,0.380,0.451,0.465,0.455
9/20/19 20:00,3578,0.379,0.451,0.465,0.456
9/20/19 21:00,3579,0.379,0.451,0.465,0.456
9/20/19 22:00,3580,0.37815,0.4505167,0.4646333,0.4552834
9/20/19 23:00,3581,0.3777,0.4505334,0.4647,0.4561
9/21/19 0:00,3582,0.3773833,0.4506333,0.4646833,0.4552834
9/21/19 1:00,3583,0.377,0.4499833,0.4646833,0.4553167
9/21/19 2:00,3584,0.3765167,0.4500333,0.4646833,0.4557
9/21/19 3:00,3585,0.3763833,0.4500833,0.4646667,0.4556834
9/21/19 4:00,3586,0.3758833,0.4501833,0.4647167,0.4553333
9/21/19 5:00,3587,0.3757666,0.4502667,0.4647,0.4557
9/21/19 6:00,3588,0.3754167,0.4498167,0.4647,0.4553167
9/21/19 7:00,3589,0.3748667,0.4497667,0.4647,0.4553167
9/21/19 8:00,3590,0.3745,0.4499,0.4647167,0.45535
9/21/19 9:00,3591,0.3743,0.4499,0.46475,0.4553666
9/21/19 10:00,3592,0.37435,0.4493833,0.4647,0.4553334
9/21/19 11:00,3593,0.3743,0.44955,0.46475,0.4553334
9/21/19 12:00,3594,0.3742333,0.4496167,0.4647667,0.45535
9/21/19 13:00,3595,0.3747833,0.4490666,0.46475,0.4554
9/21/19 14:00,3596,0.37585,0.4491333,0.4650166,0.4555167
9/21/19 15:00,3597,0.37715,0.44935,0.4648666,0.4552833
9/21/19 16:00,3598,0.37815,0.4485833,0.4642833,0.45535
9/21/19 17:00,3599,0.3786334,0.44875,0.4643,0.4553833
9/21/19 18:00,3600,0.3785,0.4487,0.4643667,0.4558333
9/21/19 19:00,3601,0.3785,0.4486333,0.4643834,0.4554333
9/21/19 20:00,3602,0.3782167,0.4489833,0.4644333,0.4554667
9/21/19 21:00,3603,0.3776,0.4490667,0.4644333,0.4566
9/21/19 22:00,3604,0.3771167,0.4490333,0.4644167,0.4554167
9/21/19 23:00,3605,0.3768,0.4489333,0.4644167,0.4559834
9/22/19 0:00,3606,0.3764,0.4489167,0.4644167,0.4554667
9/22/19 1:00,3607,0.37625,0.44895,0.4644,0.4558667
9/22/19 2:00,3608,0.3757667,0.4488333,0.4652,0.4554333
9/22/19 3:00,3609,0.3757,0.4488333,0.4655167,0.4549167
9/22/19 4:00,3610,0.37545,0.4489334,0.46555,0.45495
9/22/19 5:00,3611,0.375,0.4489,0.4655167,0.4549833
9/22/19 6:00,3612,0.3746,0.4489333,0.4655333,0.45495
9/22/19 7:00,3613,0.3740833,0.449,0.4658667,0.4549333
9/22/19 8:00,3614,0.3736167,0.4490333,0.46515,0.4549166
9/22/19 9:00,3615,0.3736,0.4490667,0.4666166,0.4549333
9/22/19 10:00,3616,0.373,0.4491333,0.46555,0.4549667
9/22/19 11:00,3617,0.3726,0.4491667,0.4654833,0.4549833
9/22/19 12:00,3618,0.3724,0.44925,0.4656833,0.4554
9/22/19 13:00,3619,0.3732667,0.4484333,0.4651667,0.455
9/22/19 14:00,3620,0.3764167,0.44875,0.4659,0.45505
9/22/19 15:00,3621,0.378,0.4487166,0.4662833,0.4549834
9/22/19 16:00,3622,0.3782667,0.4484,0.4658833,0.4550667
9/22/19 17:00,3623,0.3777,0.4487,0.46595,0.4550166
9/22/19 18:00,3624,0.3770666,0.4488333,0.4652166,0.4550166
9/22/19 19:00,3625,0.3763,0.4486667,0.4663334,0.45505
9/22/19 20:00,3626,0.3753333,0.44865,0.4656167,0.45505
9/22/19 21:00,3627,0.3743667,0.44915,0.4659834,0.45505
9/22/19 22:00,3628,0.3733333,0.4491167,0.4659667,0.4551
9/22/19 23:00,3629,0.3723667,0.4491333,0.4656,0.45505
9/23/19 0:00,3630,0.3711167,0.4491667,0.4663334,0.4550333
9/23/19 1:00,3631,0.3699333,0.4490167,0.4659667,0.45505
9/23/19 2:00,3632,0.3690667,0.4487167,0.4663167,0.4551
9/23/19 3:00,3633,0.3677667,0.4488833,0.46555,0.4550833
9/23/19 4:00,3634,0.3668834,0.4483666,0.4659834,0.45505
9/23/19 5:00,3635,0.3660667,0.4483,0.46595,0.4554667
9/23/19 6:00,3636,0.3650833,0.4482167,0.4655834,0.4551
9/23/19 7:00,3637,0.36415,0.4478333,0.4659667,0.4555
9/23/19 8:00,3638,0.36345,0.4476,0.4659833,0.4550834
9/23/19 9:00,3639,0.3627833,0.4473,0.4649833,0.4551167
9/23/19 10:00,3640,0.3626,0.4471833,0.4652833,0.4551
9/23/19 11:00,3641,0.3628,0.4469,0.46595,0.4550167
9/23/19 12:00,3642,0.36345,0.4471166,0.46615,0.4553167
9/23/19 13:00,3643,0.3651,0.4461833,0.4659333,0.4551333
9/23/19 14:00,3644,0.3692167,0.4458333,0.4659667,0.4555
9/23/19 15:00,3645,0.3717,0.4456666,0.4652833,0.4556167
9/23/19 16:00,3646,0.3722667,0.4455667,0.4645333,0.4546666
9/23/19 17:00,3647,0.3722167,0.4454666,0.4648333,0.45545
9/23/19 18:00,3648,0.3717166,0.4453667,0.4652833,0.4552166
9/23/19 19:00,3649,0.3713,0.4457166,0.4640333,0.4547167
9/23/19 20:00,3650,0.3703,0.4457166,0.4648,0.4550167
9/23/19 21:00,3651,0.3696167,0.4458167,0.4644667,0.4546167
9/23/19 22:00,3652,0.3687166,0.4461,0.46445,0.4548334
9/23/19 23:00,3653,0.3681,0.4461,0.4645,0.4547167
9/24/19 0:00,3654,0.3675,0.4460833,0.46415,0.4551167
9/24/19 1:00,3655,0.3668333,0.4460666,0.4651833,0.4547667
9/24/19 2:00,3656,0.3662,0.4460666,0.4645,0.4551333
9/24/19 3:00,3657,0.3657833,0.4461,0.4641833,0.4547667
9/24/19 4:00,3658,0.3651167,0.4458667,0.4645,0.4548334
9/24/19 5:00,3659,0.3646,0.44565,0.4652167,0.4548
9/24/19 6:00,3660,0.3645667,0.4458167,0.4637667,0.4548
9/24/19 7:00,3661,0.36415,0.4457,0.4648833,0.4543833
9/24/19 8:00,3662,0.3639833,0.4453167,0.4645166,0.45425
9/24/19 9:00,3663,0.364,0.4454,0.4641833,0.4542833
9/24/19 10:00,3664,0.3639333,0.4452667,0.46525,0.4543833
9/24/19 11:00,3665,0.3646,0.4449166,0.46565,0.4543166
9/24/19 12:00,3666,0.3654167,0.4449833,0.46485,0.4543
9/24/19 13:00,3667,0.36715,0.4446667,0.4646,0.4543333
9/24/19 14:00,3668,0.3702333,0.4447666,0.4646,0.4543667
9/24/19 15:00,3669,0.3721667,0.4444333,0.4636667,0.45435
9/24/19 16:00,3670,0.37295,0.4445667,0.4640833,0.4543166
9/24/19 17:00,3671,0.3731,0.4449,0.4641333,0.4543834
9/24/19 18:00,3672,0.3724166,0.4451,0.46485,0.4544167
9/24/19 19:00,3673,0.3717833,0.4452,0.4645,0.4544
9/24/19 20:00,3674,0.3710667,0.4456,0.4640833,0.4544333
9/24/19 21:00,3675,0.3704333,0.44575,0.4644667,0.45445
9/24/19 22:00,3676,0.3698,0.4459333,0.4641334,0.454
9/24/19 23:00,3677,0.36925,0.44595,0.4633833,0.4539
9/25/19 0:00,3678,0.3689,0.4464167,0.4640667,0.4538667
9/25/19 1:00,3679,0.36835,0.44635,0.4646167,0.4542667
9/25/19 2:00,3680,0.3678,0.4463167,0.46425,0.4539666
9/25/19 3:00,3681,0.3672667,0.4463333,0.4649,0.4539666
9/25/19 4:00,3682,0.3665833,0.4462501,0.4638167,0.4539333
9/25/19 5:00,3683,0.3660833,0.4462833,0.4648666,0.4539334
9/25/19 6:00,3684,0.36555,0.4463166,0.4645166,0.4546833
9/25/19 7:00,3685,0.3649333,0.44635,0.4652833,0.45395
9/25/19 8:00,3686,0.36435,0.4464667,0.4653833,0.4542834
9/25/19 9:00,3687,0.3638833,0.44655,0.4646,0.45395
9/25/19 10:00,3688,0.3637833,0.44595,0.4649667,0.4543333
9/25/19 11:00,3689,0.36405,0.4461,0.4657333,0.4539334
9/25/19 12:00,3690,0.3646,0.4459167,0.46465,0.4543333
9/25/19 13:00,3691,0.3661834,0.4456333,0.4653333,0.4539167
9/25/19 14:00,3692,0.3679,0.4457333,0.4649333,0.4539833
9/25/19 15:00,3693,0.36905,0.4457833,0.4646333,0.454
9/25/19 16:00,3694,0.3697667,0.44565,0.4646666,0.4543833
9/25/19 17:00,3695,0.3697,0.44565,0.46495,0.4539334
9/25/19 18:00,3696,0.3694167,0.4455833,0.465,0.45395
9/25/19 19:00,3697,0.3688166,0.4459333,0.4643333,0.45395
9/25/19 20:00,3698,0.3682,0.4459333,0.4649667,0.4539833
9/25/19 21:00,3699,0.3673,0.4459167,0.4660333,0.4539667
9/25/19 22:00,3700,0.3664667,0.4466333,0.465,0.4540167
9/25/19 23:00,3701,0.3656833,0.44635,0.4649,0.4544333
9/26/19 0:00,3702,0.3649667,0.4463666,0.46545,0.4540334
9/26/19 1:00,3703,0.3640167,0.4463833,0.4662,0.4543667
9/26/19 2:00,3704,0.3633167,0.4463833,0.4647667,0.4543667
9/26/19 3:00,3705,0.3626,0.4464333,0.4654667,0.4540667
9/26/19 4:00,3706,0.36185,0.4459,0.46615,0.4540167
9/26/19 5:00,3707,0.3611333,0.4460167,0.4658167,0.454
9/26/19 6:00,3708,0.3605,0.44615,0.4650667,0.4544167
9/26/19 7:00,3709,0.35985,0.4455667,0.4657834,0.4540167
9/26/19 8:00,3710,0.3593,0.4456833,0.4654333,0.4547667
9/26/19 9:00,3711,0.3587666,0.4453167,0.4654166,0.4547833
9/26/19 10:00,3712,0.3582333,0.4453833,0.4653833,0.4541334
9/26/19 11:00,3713,0.3581333,0.445,0.4661833,0.454
9/26/19 12:00,3714,0.3588,0.4449,0.4657834,0.4542667
9/26/19 13:00,3715,0.3595833,0.4445167,0.46545,0.454
9/26/19 14:00,3716,0.3605167,0.4445833,0.4658166,0.4540333
9/26/19 15:00,3717,0.3608834,0.4441167,0.4658,0.4540333
9/26/19 16:00,3718,0.3608667,0.4442,0.4655,0.454
9/26/19 17:00,3719,0.3608333,0.4441833,0.4655,0.4540333
9/26/19 18:00,3720,0.3607334,0.4441333,0.46625,0.454
9/26/19 19:00,3721,0.3602166,0.4442667,0.4655666,0.45405
9/26/19 20:00,3722,0.3599833,0.44415,0.4652166,0.4540167
9/26/19 21:00,3723,0.3597,0.4441166,0.46625,0.4540667
9/26/19 22:00,3724,0.3592,0.4442333,0.4659333,0.4540667
9/26/19 23:00,3725,0.35895,0.4447333,0.46525,0.4544167
9/27/19 0:00,3726,0.3585167,0.4447167,0.4652166,0.4540834
9/27/19 1:00,3727,0.3581834,0.4443167,0.4656,0.4544167
9/27/19 2:00,3728,0.358,0.4441667,0.4662833,0.4540667
9/27/19 3:00,3729,0.3574,0.4442,0.4656167,0.45445
9/27/19 4:00,3730,0.3573333,0.4442667,0.4659667,0.45445
9/27/19 5:00,3731,0.35685,0.4447,0.4662666,0.4540834
9/27/19 6:00,3732,0.3568833,0.4453,0.4656334,0.4544667
9/27/19 7:00,3733,0.3569,0.4443,0.466,0.4540667
9/27/19 8:00,3734,0.3563,0.4443667,0.4656334,0.4541167
9/27/19 9:00,3735,0.3563333,0.4443834,0.4652834,0.4541333
9/27/19 10:00,3736,0.3563167,0.4444333,0.4660667,0.4544667
9/27/19 11:00,3737,0.3565333,0.4444333,0.4653667,0.4538667
9/27/19 12:00,3738,0.3572333,0.4440167,0.4667,0.4536
9/27/19 13:00,3739,0.3594,0.4441333,0.4663,0.4535833
9/27/19 14:00,3740,0.3627167,0.4440833,0.46575,0.4535666
9/27/19 15:00,3741,0.3648167,0.4439,0.4655167,0.4535667
9/27/19 16:00,3742,0.3655,0.4442667,0.46575,0.4539833
9/27/19 17:00,3743,0.3657,0.4442667,0.4655167,0.4536667
9/27/19 18:00,3744,0.3651167,0.4446167,0.46485,0.4536333
9/27/19 19:00,3745,0.3646167,0.44495,0.4645,0.4536166
9/27/19 20:00,3746,0.3643,0.4452,0.4655167,0.4536166
9/27/19 21:00,3747,0.36375,0.4455167,0.4657,0.4536333
9/27/19 22:00,3748,0.3628167,0.4457333,0.46565,0.4536833
9/27/19 23:00,3749,0.3620333,0.446,0.46565,0.4536833
9/28/19 0:00,3750,0.3610834,0.4462167,0.466,0.4536834
9/28/19 1:00,3751,0.3605166,0.4461833,0.4661333,0.4536834
9/28/19 2:00,3752,0.3598666,0.44615,0.4657666,0.4541333
9/28/19 3:00,3753,0.3593334,0.4461834,0.4667667,0.4541
9/28/19 4:00,3754,0.3586,0.4462334,0.4661,0.4537
9/28/19 5:00,3755,0.358,0.4462833,0.4660333,0.4537334
9/28/19 6:00,3756,0.35735,0.4461833,0.4660167,0.4537
9/28/19 7:00,3757,0.3568,0.4458667,0.46595,0.4537
9/28/19 8:00,3758,0.3562833,0.4459834,0.4669,0.4537334
9/28/19 9:00,3759,0.3558166,0.4456833,0.4665333,0.4537
9/28/19 10:00,3760,0.3553167,0.4456333,0.46655,0.4537334
9/28/19 11:00,3761,0.3553167,0.4454167,0.46725,0.4537167
9/28/19 12:00,3762,0.3553166,0.4452333,0.4668666,0.4537
9/28/19 13:00,3763,0.3553167,0.4451667,0.4668666,0.4536667
9/28/19 14:00,3764,0.3553,0.4448167,0.4662,0.4536667
9/28/19 15:00,3765,0.3553,0.4450167,0.4662167,0.4537167
9/28/19 16:00,3766,0.3553167,0.4450167,0.4665667,0.4537167
9/28/19 17:00,3767,0.3552833,0.4446166,0.4666333,0.4537
9/28/19 18:00,3768,0.35555,0.4446667,0.4667166,0.4536834
9/28/19 19:00,3769,0.35585,0.4446667,0.4664333,0.4537167
9/28/19 20:00,3770,0.3556333,0.4447334,0.4668,0.4537
9/28/19 21:00,3771,0.3552,0.4448,0.4661334,0.45385
9/28/19 22:00,3772,0.3552833,0.4448167,0.4658333,0.4541
9/28/19 23:00,3773,0.35505,0.4448,0.46615,0.4537334
9/29/19 0:00,3774,0.3546667,0.44485,0.4665333,0.4537
9/29/19 1:00,3775,0.3547,0.4446333,0.4662,0.4537333
9/29/19 2:00,3776,0.3547,0.4443,0.46725,0.45375
9/29/19 3:00,3777,0.3547,0.4443834,0.4665333,0.4538
9/29/19 4:00,3778,0.3547167,0.4444167,0.4665833,0.4539167
9/29/19 5:00,3779,0.3547167,0.44445,0.4669,0.4538
9/29/19 6:00,3780,0.3547,0.4445,0.4663,0.4537667
9/29/19 7:00,3781,0.3547,0.4445833,0.4667333,0.4538
9/29/19 8:00,3782,0.3547,0.4445833,0.4657667,0.4538333
9/29/19 9:00,3783,0.3546833,0.4446333,0.4658,0.4538667
9/29/19 10:00,3784,0.3546833,0.4446,0.4656334,0.4537834
9/29/19 11:00,3785,0.3553834,0.4441833,0.46615,0.4539167
9/29/19 12:00,3786,0.3561,0.4441833,0.4651833,0.4536166
9/29/19 13:00,3787,0.3576,0.4440666,0.4648167,0.4537833
9/29/19 14:00,3788,0.3595333,0.4445333,0.4661666,0.4533333
9/29/19 15:00,3789,0.36045,0.4447167,0.4655666,0.4533667
9/29/19 16:00,3790,0.3607833,0.4446,0.4658833,0.4536166
9/29/19 17:00,3791,0.36115,0.4448333,0.4662,0.4533
9/29/19 18:00,3792,0.3608167,0.4449166,0.4662,0.45335
9/29/19 19:00,3793,0.3607,0.44505,0.46555,0.4533666
9/29/19 20:00,3794,0.3606667,0.44525,0.4655667,0.4533666
9/29/19 21:00,3795,0.36015,0.4454834,0.4659,0.4534167
9/29/19 22:00,3796,0.3597834,0.44565,0.4652333,0.4533833
9/29/19 23:00,3797,0.3596167,0.44565,0.4655333,0.4534167
9/30/19 0:00,3798,0.3594333,0.4461,0.4665166,0.4534166
9/30/19 1:00,3799,0.3590833,0.44605,0.4658333,0.45345
9/30/19 2:00,3800,0.3588834,0.446,0.4665,0.4534166
9/30/19 3:00,3801,0.3585167,0.44595,0.46625,0.4538
9/30/19 4:00,3802,0.35845,0.4459167,0.467,0.4538
9/30/19 5:00,3803,0.3579333,0.4464167,0.4663334,0.4538333
9/30/19 6:00,3804,0.3578833,0.4465333,0.4663,0.45345
9/30/19 7:00,3805,0.3574,0.4465,0.4659667,0.4535
9/30/19 8:00,3806,0.3573166,0.4465167,0.46525,0.4534833
9/30/19 9:00,3807,0.3568333,0.4463166,0.4662667,0.4534333
9/30/19 10:00,3808,0.3568166,0.4459167,0.4666333,0.4534333
9/30/19 11:00,3809,0.3572167,0.4460333,0.4665833,0.4535333
9/30/19 12:00,3810,0.3578833,0.4461,0.4659334,0.4534833
9/30/19 13:00,3811,0.3594666,0.4461,0.46665,0.4534667
9/30/19 14:00,3812,0.3612334,0.4460833,0.4665333,0.4534334
9/30/19 15:00,3813,0.3619666,0.4465667,0.4662333,0.4538167
9/30/19 16:00,3814,0.3624333,0.4464,0.46585,0.4535333
9/30/19 17:00,3815,0.3624,0.4464833,0.4669333,0.4534833
9/30/19 18:00,3816,0.3624,0.44695,0.4663833,0.4534667
9/30/19 19:00,3817,0.3621333,0.4469167,0.4675,0.4534833
9/30/19 20:00,3818,0.3618166,0.4473666,0.4673834,0.4534833
9/30/19 21:00,3819,0.3615333,0.4472834,0.4667166,0.4534667
9/30/19 22:00,3820,0.3612833,0.4477167,0.4666667,0.4534833
9/30/19 23:00,3821,0.3609167,0.4477333,0.4673667,0.45345