Source: Figure 2C in Lollato and Edwards 2015.,,,,,
date,dap,biomass_rep_1,biomass_rep_2,biomass_rep_3,biomass_rep_4
#,days,Mg/ha,Mg/ha,Mg/ha,Mg/ha
10/30/2012,12,0.03,0.02,0.02,0.02
11/20/2012,33,0.37,0.27,0.39,0.42
12/16/2012,59,1.79,1.74,2.2,1.51
1/26/2013,100,2.94,2.34,2.49,2.86
2/18/2013,123,3.06,3.37,2.62,3.24
3/6/2013,139,3.73,3.42,4.16,4.69
3/27/2013,160,8.63,8.77,10.19,8.14
4/22/2013,186,16.04,15.66,10.2,12.45
5/8/2013,202,14.5,14.44,17.62,22.64
5/24/2013,218,16.85,21.37,20.05,23.55
6/12/2013,237,21.09,19.24,19.87,18.12
