TimeStamp,Record,Zone,Latitude,Longitude,Moisture,Period,Attenuation,Permittivity,Probe Model,,sensor
7/22/19 7:21,658,ZONE 00009,39.10897,-96.61092,,0.8172,1.8233,9999999,CD659 12cm rods,,3543
7/22/19 7:22,659,[Unspecified Zone],39.10954,-96.61092,39.29,1.7101,1.98,24.2405,CD659 12cm rods,,3543
7/22/19 7:24,660,"ZONE 00001, ZONE 00011",39.11005,-96.61097,23.89,1.4682,1.4138,12.7539,CD659 12cm rods,,3543
7/22/19 7:25,661,"ZONE 00001, ZONE 00011",39.11045,-96.6111,27.05,1.5134,1.4625,14.6645,CD659 12cm rods,,3543
7/22/19 7:30,662,"ZONE 00001, ZONE 00002",39.11089,-96.61125,31.5,1.5767,1.4589,17.6707,CD659 12cm rods,,3543
7/22/19 7:31,663,ZONE 00002,39.11136,-96.61145,20.21,1.4129,1.303,10.7176,CD659 12cm rods,,3543
7/22/19 7:33,664,"ZONE 00002, ZONE 00003",39.11187,-96.61163,25.53,1.4897,1.3898,13.7233,CD659 12cm rods,,3543
7/22/19 7:34,665,ZONE 00003,39.1118,-96.61199,10.98,1.2682,1.1149,6.282899,CD659 12cm rods,,3543
7/22/19 7:35,666,"ZONE 00002, ZONE 00003",39.11133,-96.61189,13.07,1.3032,1.159,7.2177,CD659 12cm rods,,3543
7/22/19 7:36,667,"ZONE 00002, ZONE 00011",39.11085,-96.61179,14.75,1.3292,1.1803,7.995501,CD659 12cm rods,,3543
7/22/19 7:37,668,"ZONE 00001, ZONE 00011",39.11036,-96.61166,18.92,1.3925,1.253,10.0468,CD659 12cm rods,,3543
7/22/19 7:39,669,ZONE 00011,39.10986,-96.61149,16.37,1.3552,1.2258,8.7696,CD659 12cm rods,,3543
7/22/19 7:40,670,ZONE 00009,39.10934,-96.61134,27.79,1.5236,1.4594,15.1371,CD659 12cm rods,,3543
7/22/19 7:41,671,ZONE 00009,39.10895,-96.61121,12.42,1.2942,1.1656,6.9235,CD659 12cm rods,,3543
7/22/19 7:42,672,ZONE 00009,39.10889,-96.6115,17.54,1.3733,1.2521,9.3498,CD659 12cm rods,,3543
7/22/19 7:43,673,ZONE 00009,39.10936,-96.6117,22.7,1.4468,1.2899,12.0772,CD659 12cm rods,,3543
7/22/19 7:44,674,ZONE 00011,39.10987,-96.6119,31.47,1.5767,1.4792,17.6484,CD659 12cm rods,,3543
7/22/19 7:45,675,ZONE 00011,39.11037,-96.61204,18.05,1.3789,1.2269,9.603201,CD659 12cm rods,,3543
7/22/19 7:46,676,ZONE 00011,39.11088,-96.6122,14.19,1.3179,1.1345,7.732,CD659 12cm rods,,3543
7/22/19 7:48,677,ZONE 00003,39.1114,-96.61241,21.89,1.4355,1.2889,11.627,CD659 12cm rods,,3543
7/22/19 7:48,678,ZONE 00003,39.11174,-96.61256,11.05,1.2682,1.1026,6.3136,CD659 12cm rods,,3543
7/22/19 7:50,679,"ZONE 00003, ZONE 00004",39.11166,-96.61288,19.67,1.4038,1.2698,10.4365,CD659 12cm rods,,3543
7/22/19 7:51,680,"ZONE 00003, ZONE 00004",39.11106,-96.61263,23.92,1.4648,1.3186,12.7738,CD659 12cm rods,,3543
7/22/19 7:52,681,ZONE 00011,39.1105,-96.61243,16.14,1.3496,1.1866,8.658701,CD659 12cm rods,,3543
7/22/19 7:54,682,"ZONE 00010, ZONE 00011",39.10996,-96.61224,31.86,1.5835,1.5206,17.9359,CD659 12cm rods,,3543
7/22/19 7:55,683,"ZONE 00009, ZONE 00010",39.10944,-96.61203,31.53,1.5779,1.4893,17.6926,CD659 12cm rods,,3543
7/22/19 7:56,684,"ZONE 00008, ZONE 00009",39.10884,-96.61179,23.04,1.4569,1.4176,12.2668,CD659 12cm rods,,3543
7/22/19 7:57,685,"ZONE 00008, ZONE 00009",39.10877,-96.61217,21.48,1.4298,1.29,11.4019,CD659 12cm rods,,3543
7/22/19 7:59,686,"ZONE 00008, ZONE 00009, ZONE 00010",39.10926,-96.61238,17.18,1.3654,1.2031,9.1694,CD659 12cm rods,,3543
7/22/19 8:00,687,ZONE 00010,39.10976,-96.61259,16.97,1.362,1.1973,9.063001,CD659 12cm rods,,3543
7/22/19 8:01,688,ZONE 00010,39.11023,-96.61282,27.38,1.5157,1.3931,14.8727,CD659 12cm rods,,3543
7/22/19 8:03,689,ZONE 00004,39.11065,-96.61292,24.17,1.4705,1.3752,12.9201,CD659 12cm rods,,3543
7/22/19 8:04,690,ZONE 00004,39.11118,-96.61313,23.47,1.4592,1.3333,12.5161,CD659 12cm rods,,3543
7/22/19 8:06,691,ZONE 00004,39.11172,-96.61343,24,1.466,1.3192,12.8199,CD659 12cm rods,,3543
7/22/19 8:07,692,ZONE 00004,39.11164,-96.6137,23.96,1.466,1.3354,12.795,CD659 12cm rods,,3543
7/22/19 8:08,693,ZONE 00004,39.11116,-96.61358,20.5,1.4151,1.2667,10.8718,CD659 12cm rods,,3543
7/22/19 8:09,694,"ZONE 00004, ZONE 00005",39.11067,-96.61343,21.98,1.4377,1.3137,11.6747,CD659 12cm rods,,3543
7/22/19 8:11,695,ZONE 00010,39.10991,-96.61314,15.35,1.3349,1.1321,8.279699,CD659 12cm rods,,3543
7/22/19 8:12,696,"ZONE 00007, ZONE 00010",39.10946,-96.61306,17.92,1.3744,1.1764,9.5358,CD659 12cm rods,,3543
7/22/19 8:12,697,"ZONE 00007, ZONE 00010",39.10946,-96.61306,17.92,1.3744,1.1764,9.5358,CD659 12cm rods,,3543
7/22/19 8:13,698,"ZONE 00007, ZONE 00008",39.10875,-96.61276,17.57,1.371,1.2051,9.363801,CD659 12cm rods,,3543
7/22/19 8:14,699,"ZONE 00007, ZONE 00008",39.10869,-96.61308,18.03,1.3778,1.2099,9.595201,CD659 12cm rods,,3543
7/22/19 8:16,700,"ZONE 00007, ZONE 00010",39.10921,-96.6133,20.44,1.4117,1.2061,10.8426,CD659 12cm rods,,3543
7/22/19 8:17,701,"ZONE 00006, ZONE 00010",39.10974,-96.61351,16.92,1.3609,1.1891,9.04,CD659 12cm rods,,3543
7/22/19 8:18,702,ZONE 00006,39.1102,-96.61369,15.33,1.3349,1.1373,8.2695,CD659 12cm rods,,3543
7/22/19 8:19,703,ZONE 00006,39.1102,-96.61369,15.33,1.3349,1.1373,8.2695,CD659 12cm rods,,3543
7/22/19 8:20,704,"ZONE 00004, ZONE 00005",39.11069,-96.61391,16.91,1.3597,1.1724,9.0329,CD659 12cm rods,,3543
7/22/19 8:21,705,"ZONE 00004, ZONE 00005",39.11135,-96.6142,24.61,1.475,1.3336,13.1781,CD659 12cm rods,,3543
7/22/19 8:22,706,ZONE 00005,39.11123,-96.61449,16.44,1.3529,1.1706,8.805201,CD659 12cm rods,,3543
7/22/19 8:23,707,ZONE 00005,39.11069,-96.61446,13.36,1.3032,1.0994,7.3509,CD659 12cm rods,,3543
7/22/19 8:24,708,"ZONE 00005, ZONE 00006",39.11017,-96.6144,12.43,1.2885,1.0918,6.9277,CD659 12cm rods,,3543
7/22/19 8:26,709,ZONE 00006,39.10968,-96.61436,14.03,1.3145,1.1184,7.6592,CD659 12cm rods,,3543
7/22/19 8:28,710,ZONE 00006,39.10998,-96.61475,21.44,1.4264,1.2194,11.3815,CD659 12cm rods,,3543
7/22/19 8:29,711,ZONE 00005,39.11042,-96.61479,19.83,1.4015,1.1712,10.5176,CD659 12cm rods,,3543
7/22/19 8:31,712,ZONE 00005,39.111,-96.61482,19.13,1.3948,1.2414,10.1521,CD659 12cm rods,,3543
7/22/19 8:32,713,"ZONE 00005, ZONE 00006",39.1103,-96.61481,14.09,1.3134,1.0887,7.684,CD659 12cm rods,,3543
7/22/19 8:33,714,"ZONE 00005, ZONE 00006",39.1103,-96.61444,19.13,1.3914,1.1684,10.1523,CD659 12cm rods,,3543
7/22/19 8:33,715,"ZONE 00005, ZONE 00006",39.1103,-96.61411,17.37,1.3654,1.1515,9.2647,CD659 12cm rods,,3543
7/22/19 8:34,716,"ZONE 00005, ZONE 00006",39.11031,-96.61378,18.01,1.3756,1.1735,9.5805,CD659 12cm rods,,3543
7/22/19 8:34,717,[Unspecified Zone],39.11028,-96.61346,16.27,1.3529,1.212,8.721301,CD659 12cm rods,,3543
7/22/19 8:35,718,ZONE 00010,39.11029,-96.61313,29.48,1.5485,1.493,16.2562,CD659 12cm rods,,3543
7/22/19 8:35,719,ZONE 00010,39.11031,-96.61275,33.11,1.6016,1.5021,18.8704,CD659 12cm rods,,3543
7/22/19 8:36,720,ZONE 00011,39.11035,-96.61242,25.87,1.4942,1.3817,13.9337,CD659 12cm rods,,3543
7/22/19 8:36,721,ZONE 00011,39.11036,-96.61208,14.59,1.3258,1.1645,7.9202,CD659 12cm rods,,3543
7/22/19 8:37,722,ZONE 00011,39.11039,-96.61173,33.78,1.614,1.6075,19.39,CD659 12cm rods,,3543
7/22/19 8:38,723,"ZONE 00001, ZONE 00011",39.11042,-96.61139,26.98,1.5112,1.4261,14.6207,CD659 12cm rods,,3543
7/22/19 8:38,724,"ZONE 00001, ZONE 00011",39.11046,-96.61105,34.8,1.6344,1.7755,20.2138,CD659 12cm rods,,3543
7/22/19 8:38,725,ZONE 00001,39.11047,-96.61082,37.53,1.6785,1.8616,22.5678,CD659 12cm rods,,3543
7/22/19 8:46,726,ZONE 00001,39.11067,-96.61086,32.7,1.5993,1.6444,18.5636,CD659 12cm rods,,3543
7/22/19 8:47,727,"ZONE 00001, ZONE 00002, ZONE 00011",39.11063,-96.61121,26.97,1.5101,1.397,14.6131,CD659 12cm rods,,3543
7/22/19 8:48,728,"ZONE 00001, ZONE 00011",39.11058,-96.61147,21.16,1.4242,1.2624,11.2277,CD659 12cm rods,,3543
7/22/19 8:48,729,ZONE 00011,39.11055,-96.61179,24.91,1.4807,1.3759,13.3537,CD659 12cm rods,,3543
7/22/19 8:49,730,ZONE 00011,39.1105,-96.61205,23.11,1.4535,1.3163,12.311,CD659 12cm rods,,3543
7/22/19 8:49,731,ZONE 00011,39.11046,-96.61235,27.08,1.5101,1.3431,14.6833,CD659 12cm rods,,3543
7/22/19 8:50,732,ZONE 00011,39.11042,-96.61262,32.42,1.5993,1.7544,18.3508,CD659 12cm rods,,3543
7/22/19 8:51,733,[Unspecified Zone],39.11039,-96.61293,25.97,1.4965,1.4083,13.9917,CD659 12cm rods,,3543
7/22/19 8:52,734,[Unspecified Zone],39.11036,-96.61325,22.46,1.4445,1.3182,11.9398,CD659 12cm rods,,3543
7/22/19 8:52,735,[Unspecified Zone],39.11033,-96.61353,16.56,1.3541,1.1603,8.863101,CD659 12cm rods,,3543
7/22/19 8:53,736,"ZONE 00005, ZONE 00006",39.1103,-96.61383,14.16,1.3168,1.1242,7.718,CD659 12cm rods,,3543
7/22/19 8:53,737,"ZONE 00005, ZONE 00006",39.11027,-96.61411,15.87,1.3428,1.1365,8.5301,CD659 12cm rods,,3543
7/22/19 8:54,738,"ZONE 00005, ZONE 00006",39.11028,-96.61437,17.2,1.362,1.1354,9.176,CD659 12cm rods,,3543
7/22/19 8:54,739,"ZONE 00005, ZONE 00006",39.11026,-96.61465,19.09,1.3902,1.1522,10.1363,CD659 12cm rods,,3543
7/22/19 8:55,740,"ZONE 00005, ZONE 00006",39.11024,-96.61483,19.58,1.3982,1.1751,10.3878,CD659 12cm rods,,3543
7/22/19 8:56,741,ZONE 00005,39.11049,-96.61482,14,1.3134,1.1075,7.6464,CD659 12cm rods,,3543
7/22/19 8:56,742,ZONE 00005,39.11052,-96.61455,14.72,1.3236,1.099,7.9814,CD659 12cm rods,,3543
7/22/19 8:57,743,ZONE 00005,39.11053,-96.61428,12.91,1.2964,1.0998,7.1455,CD659 12cm rods,,3543
7/22/19 8:59,744,ZONE 00005,39.11056,-96.61393,10.79,1.2614,1.0715,6.1986,CD659 12cm rods,,3543
7/22/19 8:59,745,"ZONE 00004, ZONE 00005",39.11058,-96.61366,20.8,1.4185,1.249,11.0319,CD659 12cm rods,,3543
7/22/19 9:00,746,ZONE 00004,39.11061,-96.61338,17.24,1.3676,1.2288,9.197201,CD659 12cm rods,,3543
7/22/19 9:00,747,ZONE 00004,39.11065,-96.6131,23.81,1.4637,1.3304,12.7085,CD659 12cm rods,,3543
7/22/19 9:01,748,[Unspecified Zone],39.11068,-96.61282,30.73,1.5666,1.5007,17.1216,CD659 12cm rods,,3543
7/22/19 9:01,749,[Unspecified Zone],39.1107,-96.61253,21.34,1.4275,1.2825,11.3259,CD659 12cm rods,,3543
7/22/19 9:02,750,ZONE 00011,39.11074,-96.61226,13.6,1.3077,1.1127,7.4611,CD659 12cm rods,,3543
7/22/19 9:02,751,"ZONE 00002, ZONE 00011",39.11077,-96.61197,15.56,1.3405,1.1745,8.3802,CD659 12cm rods,,3543
7/22/19 9:03,752,"ZONE 00002, ZONE 00011",39.11083,-96.61167,25.16,1.4829,1.3421,13.5024,CD659 12cm rods,,3543
7/22/19 9:04,753,"ZONE 00001, ZONE 00002, ZONE 00011",39.11085,-96.6114,21.49,1.4287,1.2589,11.4092,CD659 12cm rods,,3543
7/22/19 9:04,754,"ZONE 00001, ZONE 00002",39.11089,-96.61112,13.39,1.3066,1.1424,7.3612,CD659 12cm rods,,3543
7/22/19 9:05,755,"ZONE 00001, ZONE 00002",39.11091,-96.61094,20.68,1.4219,1.3525,10.9706,CD659 12cm rods,,3543
7/22/19 9:05,756,"ZONE 00001, ZONE 00002",39.11104,-96.61098,20.04,1.4106,1.3027,10.6312,CD659 12cm rods,,3543
7/22/19 9:07,757,"ZONE 00001, ZONE 00002",39.11101,-96.61126,23.17,1.4547,1.3243,12.3443,CD659 12cm rods,,3543
7/22/19 9:07,758,ZONE 00002,39.11099,-96.61153,14.49,1.3247,1.1702,7.8712,CD659 12cm rods,,3543
7/22/19 9:08,759,"ZONE 00002, ZONE 00011",39.11097,-96.61182,20.54,1.4208,1.3666,10.896,CD659 12cm rods,,3543
7/22/19 9:08,760,"ZONE 00002, ZONE 00011",39.11095,-96.6121,16.86,1.3586,1.1627,9.0122,CD659 12cm rods,,3543
7/22/19 9:09,761,[Unspecified Zone],39.11092,-96.61237,22.73,1.4468,1.2799,12.0926,CD659 12cm rods,,3543
7/22/19 9:09,762,ZONE 00004,39.1109,-96.61267,19.95,1.4061,1.2364,10.5816,CD659 12cm rods,,3543
7/22/19 9:10,763,ZONE 00004,39.11087,-96.61295,24.97,1.4795,1.3207,13.388,CD659 12cm rods,,3543
7/22/19 9:10,764,ZONE 00004,39.11085,-96.61322,16.61,1.3575,1.2076,8.8859,CD659 12cm rods,,3543
7/22/19 9:11,765,"ZONE 00004, ZONE 00005",39.11083,-96.61349,20.33,1.4129,1.2691,10.781,CD659 12cm rods,,3543
7/22/19 9:11,766,"ZONE 00004, ZONE 00005",39.1108,-96.61375,12.59,1.2919,1.1051,6.9986,CD659 12cm rods,,3543
7/22/19 9:12,767,"ZONE 00004, ZONE 00005",39.11076,-96.61402,14.19,1.3168,1.1169,7.7329,CD659 12cm rods,,3543
7/22/19 9:12,768,ZONE 00005,39.11075,-96.61427,12.22,1.2851,1.0909,6.830101,CD659 12cm rods,,3543
7/22/19 9:13,769,ZONE 00005,39.11073,-96.61454,15.42,1.3349,1.1151,8.312,CD659 12cm rods,,3543
7/22/19 9:13,770,ZONE 00005,39.11069,-96.61487,12.91,1.2964,1.1011,7.1425,CD659 12cm rods,,3543
7/22/19 9:14,771,ZONE 00005,39.11089,-96.61488,17.92,1.3744,1.1757,9.5369,CD659 12cm rods,,3543
7/22/19 9:15,772,ZONE 00005,39.11092,-96.61456,15.92,1.3416,1.1039,8.5523,CD659 12cm rods,,3543
7/22/19 9:15,773,ZONE 00005,39.11096,-96.61429,15.59,1.3383,1.1289,8.3961,CD659 12cm rods,,3543
7/22/19 9:16,774,"ZONE 00004, ZONE 00005",39.11099,-96.61401,13.65,1.31,1.1361,7.4806,CD659 12cm rods,,3543
7/22/19 9:16,775,"ZONE 00004, ZONE 00005",39.11103,-96.61374,21.91,1.4366,1.308,11.6394,CD659 12cm rods,,3543
7/22/19 9:17,776,ZONE 00004,39.11105,-96.61346,17.35,1.3688,1.2201,9.2548,CD659 12cm rods,,3543
7/22/19 9:18,777,ZONE 00004,39.11107,-96.61311,19.24,1.397,1.2553,10.21,CD659 12cm rods,,3543
7/22/19 9:18,778,ZONE 00004,39.11111,-96.61285,26.28,1.501,1.4141,14.183,CD659 12cm rods,,3543
7/22/19 9:19,779,"ZONE 00003, ZONE 00004",39.11115,-96.61256,24.46,1.4739,1.3611,13.0875,CD659 12cm rods,,3543
7/22/19 9:20,780,ZONE 00003,39.11117,-96.61231,13.16,1.301,1.1112,7.257,CD659 12cm rods,,3543
7/22/19 9:20,781,"ZONE 00002, ZONE 00003",39.11119,-96.61201,14.25,1.319,1.1388,7.7585,CD659 12cm rods,,3543
7/22/19 9:21,782,ZONE 00002,39.11123,-96.61177,25.17,1.4852,1.4004,13.509,CD659 12cm rods,,3543
7/22/19 9:22,783,ZONE 00002,39.11126,-96.61149,21.38,1.4264,1.2418,11.348,CD659 12cm rods,,3543
7/22/19 9:22,784,ZONE 00002,39.11127,-96.61125,18.37,1.3846,1.2482,9.7661,CD659 12cm rods,,3543
7/22/19 9:23,785,ZONE 00002,39.11131,-96.61105,18.96,1.397,1.3251,10.0671,CD659 12cm rods,,3543
7/22/19 9:24,786,ZONE 00002,39.11148,-96.61108,18.56,1.3869,1.2416,9.861201,CD659 12cm rods,,3543
7/22/19 9:24,787,ZONE 00002,39.11147,-96.61136,18.13,1.3801,1.227,9.643701,CD659 12cm rods,,3543
7/22/19 9:25,788,ZONE 00002,39.11145,-96.61146,33.28,1.605,1.5366,19.0072,CD659 12cm rods,,3543
7/22/19 9:26,789,"ZONE 00002, ZONE 00003",39.11139,-96.61171,13.8,1.3134,1.152,7.5513,CD659 12cm rods,,3543
7/22/19 9:27,790,"ZONE 00002, ZONE 00003",39.11136,-96.61198,20.89,1.4219,1.2959,11.0815,CD659 12cm rods,,3543
7/22/19 9:27,791,"ZONE 00002, ZONE 00003",39.11132,-96.61224,12.68,1.2953,1.1318,7.0394,CD659 12cm rods,,3543
7/22/19 9:28,792,"ZONE 00003, ZONE 00004",39.11131,-96.61256,17.81,1.3756,1.2258,9.4842,CD659 12cm rods,,3543
7/22/19 9:28,793,"ZONE 00003, ZONE 00004",39.11127,-96.61284,22.28,1.4422,1.3222,11.8415,CD659 12cm rods,,3543
7/22/19 9:29,794,ZONE 00004,39.11124,-96.61313,18.16,1.3801,1.2204,9.6564,CD659 12cm rods,,3543
7/22/19 9:29,795,ZONE 00004,39.11123,-96.61343,24.27,1.4694,1.3066,12.9797,CD659 12cm rods,,3543
7/22/19 9:30,796,"ZONE 00004, ZONE 00005",39.1112,-96.61371,17.45,1.3722,1.2554,9.3022,CD659 12cm rods,,3543
7/22/19 9:30,797,"ZONE 00004, ZONE 00005",39.11119,-96.61398,19.7,1.4049,1.2853,10.4495,CD659 12cm rods,,3543
7/22/19 9:31,798,ZONE 00005,39.11117,-96.61429,21.05,1.4208,1.2176,11.1675,CD659 12cm rods,,3543
7/22/19 9:31,799,ZONE 00005,39.11115,-96.61465,15.74,1.3405,1.1299,8.468301,CD659 12cm rods,,3543
7/22/19 9:32,800,ZONE 00005,39.11124,-96.61446,14.01,1.3134,1.1069,7.6478,CD659 12cm rods,,3543
7/22/19 9:32,801,ZONE 00004,39.11143,-96.61409,27.25,1.5146,1.4154,14.7902,CD659 12cm rods,,3543
7/22/19 9:33,802,ZONE 00004,39.11146,-96.61382,23.28,1.4558,1.3162,12.4037,CD659 12cm rods,,3543
7/22/19 9:34,803,ZONE 00004,39.1115,-96.61353,14.67,1.3292,1.1982,7.9554,CD659 12cm rods,,3543
7/22/19 9:35,804,"ZONE 00003, ZONE 00004",39.1115,-96.6132,33.65,1.6118,1.5935,19.2899,CD659 12cm rods,,3543
7/22/19 9:35,805,"ZONE 00003, ZONE 00004",39.11153,-96.61293,32.68,1.5948,1.4851,18.5439,CD659 12cm rods,,3543
7/22/19 9:36,806,"ZONE 00003, ZONE 00004",39.11157,-96.61266,18.9,1.3914,1.2368,10.0357,CD659 12cm rods,,3543
7/22/19 9:36,807,ZONE 00003,39.1116,-96.61239,26.97,1.5101,1.3961,14.6142,CD659 12cm rods,,3543
7/22/19 9:37,808,"ZONE 00002, ZONE 00003",39.11163,-96.6121,22.49,1.4456,1.3349,11.9567,CD659 12cm rods,,3543
7/22/19 9:37,809,"ZONE 00002, ZONE 00003",39.11166,-96.61189,12.29,1.2885,1.1206,6.862,CD659 12cm rods,,3543
7/22/19 9:38,810,"ZONE 00002, ZONE 00003",39.11169,-96.61166,21.13,1.4242,1.2709,11.2133,CD659 12cm rods,,3543
7/22/19 9:38,811,ZONE 00002,39.1117,-96.61141,27.71,1.5236,1.4922,15.0829,CD659 12cm rods,,3543
7/22/19 9:39,812,ZONE 00002,39.11172,-96.61116,16.88,1.3642,1.2549,9.022,CD659 12cm rods,,3543
7/22/19 9:39,813,ZONE 00002,39.1119,-96.6112,21.47,1.4298,1.2926,11.3973,CD659 12cm rods,,3543
7/22/19 9:40,814,ZONE 00002,39.11187,-96.61149,18.4,1.3846,1.2411,9.7799,CD659 12cm rods,,3543
7/22/19 9:41,815,"ZONE 00002, ZONE 00003",39.11186,-96.61177,14.16,1.3179,1.1396,7.721,CD659 12cm rods,,3543
7/22/19 9:41,816,ZONE 00003,39.11184,-96.61206,23.56,1.4603,1.3313,12.5663,CD659 12cm rods,,3543
7/22/19 9:42,817,ZONE 00003,39.11182,-96.61235,22.92,1.4502,1.2979,12.2019,CD659 12cm rods,,3543
7/22/19 9:42,818,ZONE 00003,39.11179,-96.61261,22.21,1.44,1.2903,11.8046,CD659 12cm rods,,3543
7/22/19 9:43,819,"ZONE 00003, ZONE 00004",39.11178,-96.6129,20.93,1.4196,1.232,11.1024,CD659 12cm rods,,3543
7/22/19 9:43,820,"ZONE 00003, ZONE 00004",39.11176,-96.61317,17.21,1.3642,1.1739,9.1857,CD659 12cm rods,,3543
7/22/19 9:44,821,ZONE 00004,39.11172,-96.61342,26.47,1.5021,1.3681,14.3013,CD659 12cm rods,,3543
7/22/19 9:44,822,ZONE 00004,39.11169,-96.61382,19.65,1.4027,1.2536,10.424,CD659 12cm rods,,3543
7/22/19 9:45,823,ZONE 00004,39.1116,-96.6137,16.85,1.3609,1.2069,9.0047,CD659 12cm rods,,3543
7/22/19 9:45,824,ZONE 00004,39.11156,-96.61388,19.39,1.3982,1.2343,10.2904,CD659 12cm rods,,3543
7/22/19 9:46,825,ZONE 00004,39.11184,-96.61368,19.07,1.3959,1.2782,10.1234,CD659 12cm rods,,3543
7/22/19 9:47,826,"ZONE 00003, ZONE 00004",39.1119,-96.61311,17.89,1.3756,1.2058,9.5225,CD659 12cm rods,,3543
7/22/19 9:47,827,ZONE 00003,39.11193,-96.61282,24.7,1.4761,1.3312,13.2294,CD659 12cm rods,,3543
7/22/19 9:48,828,ZONE 00003,39.11195,-96.61254,11.99,1.2829,1.1059,6.7295,CD659 12cm rods,,3543
7/22/19 9:48,829,ZONE 00003,39.11199,-96.61223,24.79,1.4773,1.3289,13.2805,CD659 12cm rods,,3543
7/22/19 9:49,830,ZONE 00003,39.11202,-96.61201,8.940001,1.2331,1.0836,5.4049,CD659 12cm rods,,3543
7/22/19 9:49,831,ZONE 00003,39.11203,-96.6117,22.27,1.4445,1.3739,11.8376,CD659 12cm rods,,3543
7/22/19 9:50,832,[Unspecified Zone],39.11206,-96.61149,15.55,1.3439,1.2287,8.3759,CD659 12cm rods,,3543
7/22/19 9:50,833,[Unspecified Zone],39.11209,-96.61124,11.68,1.2795,1.1225,6.5907,CD659 12cm rods,,3543
7/22/19 9:51,834,ZONE 00003,39.11211,-96.6117,16.34,1.3575,1.2673,8.755,CD659 12cm rods,,3543
7/22/19 9:51,835,ZONE 00003,39.11211,-96.61193,13.89,1.3156,1.1644,7.5947,CD659 12cm rods,,3543
7/22/19 9:52,836,ZONE 00003,39.1121,-96.6122,26.29,1.4999,1.3759,14.1906,CD659 12cm rods,,3543
7/22/19 9:52,837,ZONE 00003,39.11209,-96.6125,12.43,1.2885,1.0925,6.926,CD659 12cm rods,,3543
7/22/19 9:53,838,ZONE 00003,39.11209,-96.61279,19.87,1.4061,1.2591,10.5417,CD659 12cm rods,,3543
7/22/19 9:53,839,ZONE 00003,39.11209,-96.61308,31.83,1.5835,1.5397,17.9108,CD659 12cm rods,,3543
7/22/19 9:54,840,[Unspecified Zone],39.11209,-96.61331,25.48,1.4897,1.4084,13.693,CD659 12cm rods,,3543
7/22/19 9:54,841,[Unspecified Zone],39.11208,-96.61346,18.43,1.3846,1.2334,9.7948,CD659 12cm rods,,3543
7/22/19 9:55,842,ZONE 00003,39.11198,-96.61326,19.86,1.4061,1.2621,10.5362,CD659 12cm rods,,3543
7/22/19 9:56,843,"ZONE 00003, ZONE 00004",39.11182,-96.61301,26.11,1.4988,1.4147,14.0816,CD659 12cm rods,,3543
7/22/19 9:56,844,"ZONE 00003, ZONE 00004",39.11166,-96.61277,21.51,1.4287,1.2532,11.4182,CD659 12cm rods,,3543
7/22/19 9:56,845,"ZONE 00003, ZONE 00004",39.11152,-96.61254,26.71,1.5078,1.4366,14.4509,CD659 12cm rods,,3543
7/22/19 9:57,846,ZONE 00003,39.11137,-96.61232,21.12,1.4219,1.2195,11.2078,CD659 12cm rods,,3543
7/22/19 9:57,847,"ZONE 00002, ZONE 00003",39.11124,-96.61209,17.74,1.3744,1.2245,9.446399,CD659 12cm rods,,3543
7/22/19 9:58,848,ZONE 00002,39.1111,-96.61184,21.51,1.4355,1.3979,11.4186,CD659 12cm rods,,3543
7/22/19 9:58,849,"ZONE 00002, ZONE 00011",39.11095,-96.61161,21.14,1.4264,1.3186,11.2167,CD659 12cm rods,,3543
7/22/19 9:59,850,"ZONE 00001, ZONE 00002, ZONE 00011",39.11077,-96.61134,20.46,1.4162,1.3006,10.8531,CD659 12cm rods,,3543
7/22/19 9:59,851,"ZONE 00001, ZONE 00002, ZONE 00011",39.11065,-96.6111,26,1.4976,1.4248,14.0148,CD659 12cm rods,,3543
7/22/19 8:48,1334,ZONE 00078,39.11023,-96.61075,21.99,1.4615,1.4155,11.6793,CD659 12cm rods,,2799
7/22/19 8:49,1335,"ZONE 00078, ZONE 00079",39.1102,-96.61109,14.74,1.3507,1.2143,7.9909,CD659 12cm rods,,2799
7/22/19 8:49,1336,"ZONE 00078, ZONE 00079",39.11019,-96.61139,16.14,1.3699,1.1999,8.658901,CD659 12cm rods,,2799
7/22/19 8:50,1337,ZONE 00079,39.11017,-96.61172,27.48,1.5383,1.4384,14.9398,CD659 12cm rods,,2799
7/22/19 8:51,1338,ZONE 00079,39.11015,-96.61207,28.22,1.5485,1.4248,15.4157,CD659 12cm rods,,2799
7/22/19 8:51,1339,"ZONE 00079, ZONE 00080",39.11015,-96.61242,14.49,1.3473,1.2183,7.8714,CD659 12cm rods,,2799
7/22/19 8:52,1340,"ZONE 00079, ZONE 00080",39.11009,-96.61277,18.63,1.4072,1.2406,9.895101,CD659 12cm rods,,2799
7/22/19 8:53,1341,ZONE 00080,39.1101,-96.61308,15.11,1.3552,1.2025,8.163101,CD659 12cm rods,,2799
7/22/19 8:53,1342,"ZONE 00080, ZONE 00081",39.11009,-96.61344,13.61,1.3303,1.1505,7.4654,CD659 12cm rods,,2799
7/22/19 8:54,1343,"ZONE 00080, ZONE 00081",39.11008,-96.61375,14.53,1.3439,1.1514,7.8918,CD659 12cm rods,,2799
7/22/19 8:55,1344,ZONE 00081,39.11008,-96.61409,18.39,1.4004,1.1584,9.7743,CD659 12cm rods,,2799
7/22/19 8:55,1345,ZONE 00081,39.11007,-96.61441,10.45,1.2761,1.0643,6.0488,CD659 12cm rods,,2799
7/22/19 8:56,1346,ZONE 00081,39.11006,-96.61483,14.11,1.3383,1.1607,7.6946,CD659 12cm rods,,2799
7/22/19 9:00,1347,ZONE 00081,39.10984,-96.61469,17.51,1.3891,1.19,9.3339,CD659 12cm rods,,2799
7/22/19 9:00,1348,ZONE 00081,39.10987,-96.61433,13.12,1.3202,1.1047,7.2399,CD659 12cm rods,,2799
7/22/19 9:01,1349,ZONE 00081,39.10989,-96.61401,8.4,1.2422,1.0541,5.1744,CD659 12cm rods,,2799
7/22/19 9:01,1350,"ZONE 00080, ZONE 00081",39.1099,-96.61369,12.04,1.3043,1.1133,6.7512,CD659 12cm rods,,2799
7/22/19 9:02,1351,"ZONE 00080, ZONE 00081",39.10991,-96.61335,19.58,1.4208,1.2412,10.39,CD659 12cm rods,,2799
7/22/19 9:03,1352,ZONE 00080,39.10992,-96.61301,11.54,1.2964,1.11,6.527,CD659 12cm rods,,2799
7/22/19 9:04,1353,"ZONE 00079, ZONE 00080",39.10995,-96.61267,16.77,1.3789,1.2,8.966599,CD659 12cm rods,,2799
7/22/19 9:04,1354,"ZONE 00079, ZONE 00080",39.10998,-96.61233,32.24,1.6095,1.523,18.2172,CD659 12cm rods,,2799
7/22/19 9:05,1355,ZONE 00079,39.11002,-96.612,16.06,1.3676,1.1787,8.620001,CD659 12cm rods,,2799
7/22/19 9:06,1356,ZONE 00079,39.11003,-96.61169,23.26,1.4761,1.3459,12.3923,CD659 12cm rods,,2799
7/22/19 9:06,1357,"ZONE 00078, ZONE 00079",39.11004,-96.61137,18.24,1.4015,1.2345,9.7014,CD659 12cm rods,,2799
7/22/19 9:07,1358,ZONE 00078,39.11004,-96.61104,15.08,1.3552,1.2092,8.150201,CD659 12cm rods,,2799
7/22/19 9:07,1359,ZONE 00078,39.11005,-96.61077,19.44,1.4253,1.381,10.3142,CD659 12cm rods,,2799
7/22/19 9:08,1360,ZONE 00078,39.1098,-96.61073,13.6,1.336,1.2387,7.4593,CD659 12cm rods,,2799
7/22/19 9:09,1361,"ZONE 00078, ZONE 00084",39.10979,-96.61107,39.11,1.7237,1.8359,24.062,CD659 12cm rods,,2799
7/22/19 9:10,1362,"ZONE 00079, ZONE 00084",39.10978,-96.61138,23.11,1.4761,1.3998,12.3099,CD659 12cm rods,,2799
7/22/19 9:11,1363,"ZONE 00079, ZONE 00084",39.10978,-96.61171,16.58,1.3778,1.2305,8.8737,CD659 12cm rods,,2799
7/22/19 9:11,1364,"ZONE 00079, ZONE 00084",39.10978,-96.61203,20.7,1.4377,1.2714,10.9817,CD659 12cm rods,,2799
7/22/19 9:12,1365,"ZONE 00079, ZONE 00080",39.10978,-96.61234,19.65,1.4264,1.3467,10.4247,CD659 12cm rods,,2799
7/22/19 9:13,1366,"ZONE 00079, ZONE 00080",39.10978,-96.61268,13.42,1.3258,1.1239,7.3763,CD659 12cm rods,,2799
7/22/19 9:13,1367,ZONE 00080,39.10978,-96.613,14.98,1.3518,1.1743,8.105101,CD659 12cm rods,,2799
7/22/19 9:14,1368,"ZONE 00080, ZONE 00081, ZONE 00082",39.10979,-96.61332,9.29,1.2603,1.0937,5.554,CD659 12cm rods,,2799
7/22/19 9:15,1369,"ZONE 00080, ZONE 00081, ZONE 00082",39.1098,-96.61362,17.86,1.3948,1.2064,9.5058,CD659 12cm rods,,2799
7/22/19 9:15,1370,"ZONE 00080, ZONE 00081",39.10983,-96.61392,14.32,1.3394,1.1274,7.7914,CD659 12cm rods,,2799
7/22/19 9:16,1371,ZONE 00081,39.10983,-96.61422,10.52,1.2783,1.0791,6.0799,CD659 12cm rods,,2799
7/22/19 9:17,1372,ZONE 00081,39.10984,-96.61456,12.05,1.3032,1.094,6.7565,CD659 12cm rods,,2799
7/22/19 9:19,1373,ZONE 00081,39.10963,-96.61427,15.28,1.3552,1.156,8.2484,CD659 12cm rods,,2799
7/22/19 9:20,1374,"ZONE 00081, ZONE 00082",39.10965,-96.61396,11.65,1.2976,1.1015,6.5774,CD659 12cm rods,,2799
7/22/19 9:20,1375,"ZONE 00080, ZONE 00081, ZONE 00082",39.10965,-96.61362,11.63,1.2976,1.1047,6.5707,CD659 12cm rods,,2799
7/22/19 9:21,1376,"ZONE 00080, ZONE 00081, ZONE 00082",39.10965,-96.61333,17.21,1.3846,1.1851,9.185301,CD659 12cm rods,,2799
7/22/19 9:21,1377,"ZONE 00080, ZONE 00082, ZONE 00083",39.10966,-96.61301,12.77,1.3156,1.118,7.0783,CD659 12cm rods,,2799
7/22/19 9:22,1378,"ZONE 00080, ZONE 00083",39.10967,-96.6127,11.79,1.2998,1.103,6.6399,CD659 12cm rods,,2799
7/22/19 9:23,1379,"ZONE 00079, ZONE 00080, ZONE 00083",39.10969,-96.61237,22.75,1.4761,1.5078,12.107,CD659 12cm rods,,2799
7/22/19 9:23,1380,"ZONE 00079, ZONE 00084",39.10972,-96.61205,24.2,1.4897,1.356,12.9382,CD659 12cm rods,,2799
7/22/19 9:24,1381,"ZONE 00079, ZONE 00084",39.10975,-96.61172,23.99,1.4874,1.3759,12.8164,CD659 12cm rods,,2799
7/22/19 9:25,1382,"ZONE 00079, ZONE 00084",39.10976,-96.61141,19.04,1.4196,1.3749,10.1103,CD659 12cm rods,,2799
7/22/19 9:25,1383,"ZONE 00078, ZONE 00084",39.10977,-96.61108,13.09,1.3292,1.2443,7.2281,CD659 12cm rods,,2799
7/22/19 9:26,1384,ZONE 00078,39.10977,-96.61076,22.9,1.4761,1.4667,12.1902,CD659 12cm rods,,2799
7/22/19 9:26,1385,ZONE 00078,39.10977,-96.61073,21.07,1.4502,1.4381,11.1769,CD659 12cm rods,,2799
7/22/19 9:29,1386,ZONE 00084,39.10952,-96.61073,25.79,1.5134,1.4057,13.8821,CD659 12cm rods,,2799
7/22/19 9:29,1387,ZONE 00084,39.1095,-96.61107,25.82,1.5168,1.4926,13.9013,CD659 12cm rods,,2799
7/22/19 9:30,1388,ZONE 00084,39.10948,-96.61137,31.24,1.5971,1.6177,17.4873,CD659 12cm rods,,2799
7/22/19 9:30,1389,ZONE 00084,39.10946,-96.61168,18.64,1.4083,1.2614,9.9019,CD659 12cm rods,,2799
7/22/19 9:31,1390,"ZONE 00083, ZONE 00084",39.10943,-96.61198,20.62,1.4366,1.2721,10.9376,CD659 12cm rods,,2799
7/22/19 9:32,1391,"ZONE 00083, ZONE 00084",39.10941,-96.6123,18.37,1.4049,1.2706,9.7627,CD659 12cm rods,,2799
7/22/19 9:32,1392,ZONE 00083,39.10938,-96.61261,14.74,1.3484,1.1776,7.9887,CD659 12cm rods,,2799
7/22/19 9:33,1393,"ZONE 00082, ZONE 00083",39.10934,-96.61292,18.28,1.4015,1.2239,9.7186,CD659 12cm rods,,2799
7/22/19 9:34,1394,"ZONE 00082, ZONE 00083",39.10931,-96.61324,14.24,1.3405,1.1659,7.7566,CD659 12cm rods,,2799
7/22/19 9:35,1395,ZONE 00082,39.10929,-96.61359,15.73,1.3631,1.1839,8.4599,CD659 12cm rods,,2799
7/22/19 9:35,1396,ZONE 00082,39.10926,-96.61391,12.47,1.3134,1.1506,6.9442,CD659 12cm rods,,2799
7/22/19 9:36,1397,ZONE 00082,39.10907,-96.61374,18.64,1.4083,1.2615,9.9017,CD659 12cm rods,,2799
7/22/19 9:37,1398,"ZONE 00082, ZONE 00083",39.1091,-96.6134,17.22,1.3846,1.1845,9.1862,CD659 12cm rods,,2799
7/22/19 9:38,1399,"ZONE 00082, ZONE 00083",39.10913,-96.61308,16,1.3676,1.1939,8.5934,CD659 12cm rods,,2799
7/22/19 9:39,1400,"ZONE 00082, ZONE 00083",39.10915,-96.61275,12.94,1.319,1.13,7.1574,CD659 12cm rods,,2799
7/22/19 9:39,1401,ZONE 00083,39.1092,-96.61245,15.36,1.3575,1.1785,8.282499,CD659 12cm rods,,2799
7/22/19 9:40,1402,"ZONE 00083, ZONE 00084",39.10923,-96.61213,12.46,1.3145,1.1683,6.9407,CD659 12cm rods,,2799
7/22/19 9:41,1403,"ZONE 00083, ZONE 00084",39.10925,-96.6118,32.09,1.6073,1.5266,18.1018,CD659 12cm rods,,2799
7/22/19 9:41,1404,ZONE 00084,39.10927,-96.61149,13.63,1.3315,1.1638,7.4746,CD659 12cm rods,,2799
7/22/19 9:42,1405,ZONE 00084,39.10926,-96.61117,29.26,1.5677,1.5818,16.1051,CD659 12cm rods,,2799
7/22/19 9:43,1406,ZONE 00084,39.10924,-96.61078,34.62,1.6581,1.9645,20.0689,CD659 12cm rods,,2799
7/22/19 9:44,1407,ZONE 00084,39.10902,-96.61085,34.92,1.6604,1.9152,20.3068,CD659 12cm rods,,2799
7/22/19 9:44,1408,ZONE 00084,39.109,-96.61119,14.37,1.3473,1.2428,7.8192,CD659 12cm rods,,2799
7/22/19 9:45,1409,ZONE 00084,39.10899,-96.61151,15.7,1.3642,1.2118,8.446599,CD659 12cm rods,,2799
7/22/19 9:46,1410,"ZONE 00083, ZONE 00084",39.10897,-96.61185,17.37,1.3902,1.2544,9.2646,CD659 12cm rods,,2799
7/22/19 9:46,1411,"ZONE 00083, ZONE 00084",39.10895,-96.61216,12.61,1.3179,1.186,7.0061,CD659 12cm rods,,2799
7/22/19 9:47,1412,ZONE 00083,39.10892,-96.61251,12.78,1.3179,1.1482,7.0865,CD659 12cm rods,,2799
7/22/19 9:47,1413,"ZONE 00082, ZONE 00083",39.10891,-96.61286,15.55,1.362,1.2084,8.3772,CD659 12cm rods,,2799
7/22/19 9:48,1414,"ZONE 00082, ZONE 00083",39.10889,-96.6132,16.29,1.3722,1.2011,8.7332,CD659 12cm rods,,2799
7/22/19 9:49,1415,ZONE 00082,39.10884,-96.61347,19.82,1.4264,1.2974,10.5123,CD659 12cm rods,,2799
7/22/19 9:49,1416,"ZONE 00082, ZONE 00083",39.10863,-96.61324,12.21,1.31,1.1563,6.8296,CD659 12cm rods,,2799
7/22/19 9:50,1417,"ZONE 00082, ZONE 00083",39.10865,-96.61293,15.34,1.3575,1.1826,8.275,CD659 12cm rods,,2799
7/22/19 9:51,1418,ZONE 00083,39.10868,-96.6126,12.59,1.3145,1.14,7.0004,CD659 12cm rods,,2799
7/22/19 9:52,1419,ZONE 00083,39.10872,-96.61226,14.14,1.3394,1.1706,7.7114,CD659 12cm rods,,2799
7/22/19 9:52,1420,"ZONE 00083, ZONE 00084",39.10879,-96.61193,31.38,1.6005,1.6623,17.5895,CD659 12cm rods,,2799
7/22/19 9:53,1421,ZONE 00084,39.10888,-96.61162,12.68,1.319,1.1858,7.0414,CD659 12cm rods,,2799
7/22/19 9:53,1422,ZONE 00084,39.10895,-96.6113,18.9,1.4151,1.3272,10.0342,CD659 12cm rods,,2799
7/22/19 9:54,1423,ZONE 00084,39.10897,-96.61098,46.27,1.8638,2.2802,32.5014,CD659 12cm rods,,2799